lambda,risk_teacher,risk_pure,cross_risk,D,risk_derivative,xi_oracle,xi_derivative,risk_optimal,gain,gain_derivative,gcv_teacher,gcv_pure,gcv_cross,D_gcv,xi_gcv,kind,seed,n,p
0.02,1.9526447406709924,1.8352796446409685,1.8901601891962598,0.0076040069194411005,-6.24845514747326,8.217319123550348,8.217319123550357,1.4391892409112066,0.5134554997597858,0.513455499759787,1.9820289182969553,1.8762079085549896,1.9253556696240475,0.007525487603849967,7.5308407449790105,isotropic,0,400,200
0.027789909887462754,1.9067630731076413,1.7650255093067606,1.8296318395662066,0.012524903281988669,-5.551024372067646,6.158229872509484,6.158229872509484,1.4317712066092727,0.4749918664983686,0.4749918664983687,1.9391934022955142,1.8136952456522912,1.8704031059628137,0.012082436022177845,5.6934128354938425,isotropic,0,400,200
0.038613954577665,1.8511539730181517,1.6873105050958332,1.7593814627341147,0.019701552645755602,-4.753333932656554,4.658135931424063,4.658135931424062,1.4236651453470945,0.42748882767105706,0.4274888276710567,1.8876798488393332,1.7456776618129382,1.8074574505596486,0.018442609532974163,4.349839871426668,isotropic,0,400,200
0.053653915905594526,1.7864595413207462,1.6071135396531824,1.6821032411474217,0.029366598679085525,-3.8899788920138567,3.55357122946777,3.5535712294677726,1.4156219954111178,0.37083754590962853,0.3708375459096291,1.8282951733414323,1.6765738485691484,1.7391445948309567,0.026579832248667223,3.354068516175297,isotropic,0,400,200
0.0745518744062988,1.7148540002659587,1.531395622074181,1.6025098234706558,0.0412299753988277,-3.013852507129211,2.724817943949031,2.7248179439490317,1.4087365714359352,0.3061174288300236,0.30611742883002363,1.7632422372526304,1.6120771862467704,1.6696547888545574,0.03600984579028621,2.5989405492905093,isotropic,0,400,200
0.10358949358462421,1.6401971505619264,1.4680294418653785,1.526933827310798,0.05435893780570902,-2.1867724096672316,2.083619140167102,2.083619140167103,1.4041995223569417,0.23599762820498474,0.23599762820498493,1.6961857563862097,1.5582335645921004,1.6043018178310537,0.045815685316202615,2.0055126955104483,isotropic,0,400,200
0.14393713460023042,1.567759775195464,1.4242919956058064,1.4623483982138241,0.0673549743736225,-1.4646863337165708,1.5650125022231607,1.5650125022231636,1.4027896523426389,0.16497012285282503,0.16497012285282564,1.6319367785649086,1.5203933341149412,1.5487193961918684,0.05489132029611277,1.516039000776839,isotropic,0,400,200
0.20000000000000004,1.5035198519713,1.4054788198898414,1.4151169397796624,0.07876479230181695,-0.8840291219163775,1.1223658389510967,1.122365838951098,1.4042994432636124,0.09922040870768752,0.09922040870768778,1.5757862873994812,1.5023752982314353,1.5079490038557328,0.06226357791945114,1.089517914172999,isotropic,0,400,200
0.27789909887462755,1.4532214113341375,1.4140075070301503,1.3898964170098598,0.08743608434456834,-0.45574091158062,0.724243254932671,0.7242432549326718,1.4073587113261297,0.04586270000800782,0.045862700008007934,1.5326630673476482,1.5059583165907715,1.4856653962707638,0.0672905913968922,0.6984285633586368,isotropic,0,400,200
0.38613954577665,1.4214615121127268,1.4490240511169077,1.3889427078027006,0.09260014762423321,-0.16843032352265502,0.3511744327016181,0.35117443270161725,1.4100417394570184,0.011419772655708378,0.011419772655708324,1.5063375433196904,1.5306642092660943,1.4836635979778363,0.06967455663011224,0.3254264747205403,isotropic,0,400,200
0.536539159055945,1.410996171601232,1.5064492544758905,1.4118336442160815,0.09377813764495968,0.0031217576600484163,-0.008930360912263935,-0.008930360912263518,1.4109886926685273,7.478932704743041e-06,7.478932704742344e-06,1.498847359376173,1.5738208967104912,1.5016453460098156,0.06937756406703288,-0.04032984829128731,isotropic,0,400,200
0.7455187440629881,1.4223481647685645,1.5795398188243306,1.4555663165433446,0.09075535050620578,0.08911419609316605,-0.36601865994125177,-0.3660186599412512,1.4101897013702345,0.012158463398330108,0.012158463398330072,1.5102419322651055,1.6309072497486685,1.5373091233795337,0.06653093525470677,-0.4068361734402847,isotropic,0,400,200
1.0358949358462421,1.4537508897511258,1.6600047042613377,1.5150303161460543,0.08369496172035462,0.11831204936795711,-0.7321758100526785,-0.73217581005268,1.4088835760908553,0.0448673136602703,0.04486731366027048,1.5386596590751986,1.6961180932819446,1.5867020649281014,0.06137362250094025,-0.7827858922970816,isotropic,0,400,200
1.4393713460023037,1.5014440572191745,1.7394812090458807,1.5838315787187573,0.07326210882754029,0.11447708991624053,-1.1245584220558522,-1.1245584220558535,1.408794476044511,0.09264958117466349,0.09264958117466371,1.580679199559446,1.7631002375111746,1.644764108040382,0.05425122098985646,-1.181262049252647,isotropic,0,400,200
2.0000000000000004,1.5602905656192543,1.8110082445680993,1.655338166569683,0.06062247704798827,0.09504760095042836,-1.5678607272215175,-1.5678607272215133,1.4112691648724547,0.14902140074679965,0.14902140074679882,1.6318597868910723,1.8258745831127334,1.7060246511664396,0.045685067670926394,-1.623393989685722,isotropic,0,400,200
2.7789909887462754,1.6246112691027044,1.8701159357424149,1.723730909227247,0.04726538639062489,0.0713349849106636,-2.0970872702778345,-2.0970872702778385,1.4167487335630058,0.2078625355396985,0.20786253553969922,1.6873971648437183,1.8798502464272273,1.765409216881095,0.03642897750875518,-2.1414834390734065,isotropic,0,400,200
3.8613954577664997,1.6890670474546559,1.9152160962729605,1.7848038414648522,0.034675460797911756,0.04958663004465876,-2.7609379026900145,-2.760937902690023,1.4247437041898785,0.2643233432647773,0.2643233432647789,1.7428095835297264,1.9225816369380562,1.8190009538125393,0.027389312842703628,-2.781791960987804,isotropic,0,400,200
5.36539159055945,1.7493839020229998,1.9471895478892882,1.8363020561979173,0.023969337516453353,0.032399556568378826,-3.6262226319460864,-3.6262226319460833,1.4341993242269346,0.31518457779606524,0.3151845777960647,1.7945190518514176,1.9538815946895771,1.8645021390230385,0.01939636849491766,-3.608051022022926,isotropic,0,400,200
7.455187440629877,1.802751922790189,1.9684188125119242,1.8777473782798872,0.015675978742338684,0.02011899931073015,-4.784100356499324,-4.784100356499322,1.443966137446094,0.358785785344095,0.3587857853440945,1.840182345014494,1.9752484654494795,1.9012304731360923,0.012969864191788805,-4.706921153441812,isotropic,0,400,200
10.358949358462416,1.8478445280411036,1.9817446339079603,1.90991422420987,0.009760713529323855,0.011983782142551068,-6.359135116740389,-6.359135116740393,1.4531349434488952,0.3947095845922084,0.39470958459220884,1.8787090266536508,1.9889689441519685,1.92972258184368,0.008232807118259355,-6.196374390563269,isotropic,0,400,200
14.39371346002303,1.8845431811098388,1.9897314126247319,1.9342226161428553,0.0058293614488604435,0.006902935114137926,-8.5222773487014,-8.522277348701367,1.4611612572316792,0.42338192387815954,0.42338192387815626,1.9100288474528142,1.9973418413121886,1.951187235342321,0.004996218080360659,-8.23790859956531,isotropic,0,400,200
20.0,1.9135297987275828,1.9943454101941949,1.9522552291363138,0.0033647506491502645,0.0038725430408730814,-11.509153113176673,-11.509153113176618,1.46783289077983,0.44569690794775296,0.4456969079477487,1.9347453105051988,2.0022467392504524,1.967035435010001,0.002921179735649204,-11.053795872517926,isotropic,0,400,200
0.02,2.0829244148884176,1.9446994640510173,2.0084001755498244,0.010823527839785435,-7.452423933859278,6.885392678037456,6.885392678037418,1.5697957630101569,0.5131286518782606,0.513128651878255,1.894644898528599,1.7971797930407196,1.8415676045244467,0.00868948252042534,6.108222656457375,isotropic,1,400,200
0.027789909887462754,2.028614358145153,1.8649507578067976,1.9380078755507577,0.017549364850435012,-6.520818740421447,5.162949392561585,5.162949392561592,1.560817673872279,0.4677966842728739,0.4677966842728752,1.8547260639163947,1.7409975474633772,1.7909985707443539,0.013726469891064408,4.642671690375824,isotropic,1,400,200
0.038613954577665,1.9638979210352934,1.7793701669497577,1.8581005914359,0.027066905113250776,-5.479745897903354,3.908733900559607,3.9087339005595934,1.5503643122414656,0.4135336087938276,0.41353360879382467,1.8072865913373115,1.6811037873441237,1.7339296507326563,0.020531077216122906,3.5729708593686733,isotropic,1,400,200
0.053653915905594526,1.8901451137083565,1.6942675178173752,1.772516877630561,0.03937887626460886,-4.384702741353123,2.987089709909063,2.9870897099090565,1.53877902012562,0.35136609358273657,0.3513660935827351,1.7533484492452363,1.6215569464824888,1.673017180300307,0.02887103512711109,2.782417346356064,isotropic,1,400,200
0.0745518744062988,1.810455563416303,1.617294009013942,1.6870354801802878,0.05367861206966953,-3.3109853835033163,2.299241326803089,2.2992413268030867,1.5266830074825797,0.28377255593372347,0.2837725559337229,1.6951422834666283,1.5670540561656585,1.6120921598745175,0.03801201988325209,2.184838476018537,isotropic,1,400,200
0.10358949358462421,1.729549994263926,1.5557145167444246,1.6084835502758743,0.06829741045660158,-2.3374270845170253,1.7726359341981404,1.7726359341981384,1.5149432652251191,0.214606729038807,0.21460672903880648,1.63602151355653,1.5220749360290382,1.5556113987332683,0.04687365211903183,1.715465110742101,isotropic,1,400,200
0.14393713460023042,1.653129244419946,1.514676906964461,1.5433356920562893,0.08113476727182817,-1.5255764632052191,1.3532244690591408,1.3532244690591397,1.5045539228165197,0.1485753216034262,0.14857532160342599,1.5800625890516031,1.4902750543976486,1.507953796543528,0.054430050362195725,1.3247974607452915,isotropic,1,400,200
0.20000000000000004,1.5868679937764756,1.4964141665318866,1.496422639462843,0.090436881382676,-0.9044535431363245,1.0000936888891678,1.000093688889167,1.496414165738067,0.09045382803840858,0.09045382803840842,1.531490476040554,1.4743627014879037,1.472879914154374,0.06009334921970977,0.9753252672253562,isotropic,1,400,200
0.27789909887462755,1.5354421076485396,1.5006588501421514,1.4703374473200728,0.09542606315054557,-0.46854891284004085,0.6822523970810446,0.6822523970810448,1.4910242970782959,0.04441781057024369,0.04441781057024374,1.4941461135759617,1.4762028739804383,1.4532831491468916,0.06378268926261654,0.64065916475899,isotropic,1,400,200
0.38613954577665,1.501954825379789,1.5255990953050014,1.4656125510346036,0.0963288186155833,-0.18823388975656166,0.37727312415421,0.3772731241542103,1.4882438619987115,0.013710963381077466,0.01371096338107749,1.471110185016612,1.496676310819756,1.4510649252500702,0.06565664533622728,0.3053043551629854,isotropic,1,400,200
0.536539159055945,1.4878318361661984,1.5684299172325118,1.481208202553037,0.09384534829263551,-0.02469021506208591,0.07058030828024649,0.07058030828024311,1.4873643380638462,0.00046749810235232865,0.00046749810235228393,1.46442714261041,1.5351436729477945,1.4668951705845172,0.0657804743891699,-0.037519157425132586,isotropic,1,400,200
0.7455187440629881,1.492964533836695,1.6252095729752432,1.514808964738655,0.08855617733462841,0.05860196293096579,-0.24667314646403518,-0.24667314646403335,1.4875760993333924,0.005388434503302642,0.005388434503302561,1.4748295300182779,1.588861731758149,1.4998437800799918,0.0640037016164432,-0.39082505276987695,isotropic,1,400,200
1.0358949358462421,1.515846315174075,1.6905725211528084,1.5628438420357984,0.08073115225528707,0.09073801837505824,-0.5821485950443059,-0.5821485950443025,1.488486770940966,0.027359544233109254,0.02735954423310894,1.5014832472855952,1.6528844458208507,1.5471333707956703,0.060100951515105194,-0.7595574172998203,isotropic,1,400,200
1.4393713460023037,1.5536488643655137,1.7580518029470897,1.6205539688306794,0.07059272965124494,0.09296434120491164,-0.9477619691957289,-0.9477619691957276,1.4902387508083623,0.06341011355715132,0.06341011355715118,1.5419106950254509,1.7207477319330333,1.6043113153233035,0.05403579631187716,-1.1548015307796415,isotropic,1,400,200
2.0000000000000004,1.6023910392324268,1.821225201740559,1.682454907152941,0.05870642666710347,0.0800638679205144,-1.3638007364086198,-1.3638007364086209,1.4931998772027069,0.10919116202971992,0.10919116202972012,1.5922503876545364,1.7857977217270309,1.6659427450663395,0.046162619248888426,-1.596364301048139,isotropic,1,400,200
2.7789909887462754,1.6573669918930387,1.8751697438192911,1.743210288791583,0.046116158129163566,0.061780190901066595,-1.861458117523835,-1.8614581175238358,1.4975732900462349,0.15979370184680394,0.1597937018468041,1.6478686456787142,1.8426611420119154,1.7266418722119503,0.03724604326672898,-2.1149421421523837,isotropic,1,400,200
3.8613954577664997,1.7138254253159557,1.9174236105789526,1.7985741210369142,0.034100793821080194,0.043895372358457425,-2.48524114029771,-2.4852411402977066,1.5032044801236573,0.2106209451922984,0.21062094519229788,1.7041607147202504,1.8882649211704285,1.7820723105714564,0.028281014747766342,-2.7549080733519125,isotropic,1,400,200
5.36539159055945,1.7676941486380833,1.9480024310863908,1.8459755197142536,0.023745540295967323,0.02918011472411755,-3.296676769635969,-3.296676769635963,1.5096257711160197,0.25806837752206363,0.25806837752206274,1.7572852135267354,1.9220316431780862,1.8295593507593912,0.02019815518603929,-3.5782543785291256,isotropic,1,400,200
7.455187440629877,1.816089585608533,1.9686337299400154,1.8845470727988944,0.01562916995075979,0.018365061304099817,-4.380110230168264,-4.380110230168262,1.5162382456344183,0.2998513399741148,0.29985133997411456,1.8046153680517105,1.9452962831554834,1.8681533833533845,0.013604884500424852,-4.670235553979886,isotropic,1,400,200
10.358949358462416,1.8574673714600678,1.981745296650173,1.914714432933257,0.009783802243726372,0.011052677157152677,-5.851207950354634,-5.851207950354655,1.5225029102337024,0.3349644612263654,0.33496446122636786,1.8448274914484084,1.9603523997911074,1.8982453115863536,0.008689268066808697,-6.1475626862049255,isotropic,1,400,200
14.39371346002303,1.8914490349412159,1.9896781250570414,1.9376292795678913,0.005868600862474716,0.006416724183781514,-7.869038244185828,-7.869038244185855,1.5280549238480496,0.3633941110931663,0.3633941110931689,1.8776958091467224,1.9695994797559777,1.9209976766063652,0.005299935689969448,-8.170262809338434,isotropic,1,400,200
20.0,1.9184739959491104,1.9942936506010875,1.954684293363798,0.003399059822601785,0.003621029741468762,-10.65303328111793,-10.65303328111793,1.5327244924712646,0.3857495034778457,0.3857495034778457,1.9037435293208083,1.9750442746485042,1.937838281214744,0.0031112415398242277,-10.958567972791357,isotropic,1,400,200
0.02,1.8378254626423414,1.736306710753595,1.782640363982869,0.008851445430198442,-5.518509865947249,6.234586101745329,6.234586101745338,1.49376921351655,0.34405624912579147,0.34405624912579247,1.9538707734041685,1.8471560525222663,1.896795245472522,0.007436334981390846,7.675222818024711,isotropic,2,400,200
0.027789909887462754,1.7978386035155376,1.6793127485628672,1.7315082816455072,0.014134788787390737,-4.773698233541598,4.692699895820296,4.692699895820309,1.4865703089863191,0.3112682945292184,0.31126829452922,1.9107054328557025,1.7839137922916992,1.8414299476462204,0.011759329854960754,5.891108257351739,isotropic,2,400,200
0.038613954577665,1.7507805848370048,1.6193927632017036,1.6743682292092539,0.021436889620200617,-3.95775861154347,3.5645262433849227,3.564526243384926,1.478406737883025,0.27237384695397987,0.27237384695398037,1.8587530060623572,1.7145790940334034,1.7778350060000536,0.017662088095653505,4.581451503586193,isotropic,2,400,200
0.053653915905594526,1.6979173808738066,1.5612560247913723,1.6142480511983757,0.030677303268427845,-3.1188526788109767,2.727401719222853,2.7274017192228603,1.4697175072708126,0.228199873602994,0.22819987360299526,1.7986861586066611,1.643122105546054,1.7083712207609125,0.02506582263089019,3.603110864370669,isotropic,2,400,200
0.0745518744062988,1.6417031417257375,1.510320474897247,1.5553726767598777,0.041278263103228935,-2.3159837536845513,2.0914267819351817,2.091426781935175,1.4611492951992213,0.18055384652651615,0.18055384652651504,1.732476147046514,1.5748079845128768,1.636872048862975,0.03354003383344084,2.850447279162179,isotropic,2,400,200
0.10358949358462421,1.5856216714890357,1.4716385731861985,1.5025036081748282,0.05225302832557826,-1.6047585606991497,1.5906841378898708,1.590684137889875,1.4534070866029998,0.1322145848860358,0.1322145848860365,1.6634908078996697,1.5155585141806547,1.5683368670408144,0.04237558799869534,2.2454895696499815,isotropic,2,400,200
0.14393713460023042,1.5337239226919552,1.4490000542354218,1.4600995658933813,0.06252484514061436,-1.0230071204773874,1.1775216177344778,1.1775216177344776,1.4470296509698382,0.08669427172211717,0.08669427172211715,1.5962916939672158,1.4711779971415455,1.5083413435468729,0.05078700401501557,1.731749137916065,isotropic,2,400,200
0.20000000000000004,1.4900203301666106,1.444571193912687,1.4316627291957218,0.07126606568785424,-0.5835760097088898,0.8188694073066337,0.818869407306636,1.4422330760477418,0.04778725411886876,0.04778725411886904,1.536139349989143,1.4466092013824485,1.4623179319312967,0.05811268750899812,1.2703149901029067,isotropic,2,400,200
0.27789909887462755,1.4579519300292796,1.4589966696994061,1.4194694772092944,0.07800964531009665,-0.2769526995648599,0.49330377887264254,0.4933037788726402,1.4389683906328927,0.018983539396386872,0.0189835393963867,1.488308039792763,1.4452788718458998,1.4348465501044936,0.06389381142967565,0.8367240659466926,isotropic,2,400,200
0.38613954577665,1.4400723970509623,1.49160364401962,1.4245892881015916,0.08249746486739937,-0.08019437075904433,0.18767981506167777,0.18767981506167836,1.4371665300267646,0.002905867024197714,0.0029058670241977323,1.457348669165053,1.4685427998006007,1.4290333391922598,0.06782479058113422,0.4174775879170826,isotropic,2,400,200
0.536539159055945,1.43791254537547,1.5404252745539906,1.4469421550595345,0.08445350981039168,0.033658716355213995,-0.10691811038211538,-0.1069181103821157,1.4369471165705618,0.0009654288049082284,0.0009654288049082344,1.4464243435338544,1.5152632483624289,1.4460175261234254,0.06965253964943274,0.005840668731916669,isotropic,2,400,200
0.7455187440629881,1.451906270607481,1.6020417265904352,1.485228026113644,0.0834919449706283,0.08939213338772276,-0.3991014404789011,-0.3991014404789034,1.4386075099856857,0.013298760621795368,0.01329876062179552,1.4568090935605966,1.581605020404668,1.48465133788754,0.06911143819018495,-0.4028601495793696,isotropic,2,400,200
1.0358949358462421,1.4812898854895207,1.6715004513310006,1.5367739594037766,0.07924241801296815,0.10712297549544393,-0.70018148493621,-0.7001814849362077,1.4424409642259266,0.03884892126359414,0.038848921263593884,1.487617032815642,1.6612171572715901,1.5414372042431965,0.06595978160083904,-0.8159543606928795,isotropic,2,400,200
1.4393713460023037,1.524004191948058,1.7426886568113658,1.5975272242167462,0.07163840032593191,0.10215992206999236,-1.0263075659727434,-1.0263075659727365,1.4485469476574453,0.07545724429061283,0.07545724429061182,1.535829308035965,1.7460166962727304,1.6108531768802492,0.06013965054819703,-1.2474942597838778,isotropic,2,400,200
2.0000000000000004,1.5767387961923713,1.8093545169680236,1.6624442741923406,0.0612047647757141,0.085705477999969,-1.400307285127857,-1.4003072851278522,1.4567247909736492,0.1200140052187223,0.1200140052187215,1.5966843098604777,1.827639085380013,1.6861673228735914,0.051988749493308006,-1.7211995650065008,isotropic,2,400,200
2.7789909887462754,1.6352659255580355,1.866503066784194,1.7263240717968702,0.049120848748489265,0.06553324325813298,-1.853757590897393,-1.8537575908973907,1.466466195754751,0.16879972980328467,0.16879972980328428,1.664433710787448,1.899207747958484,1.7606514757077214,0.04233850733048916,-2.2725828326730877,isotropic,2,400,200
3.8613954577664997,1.6950774052514022,1.9114799979404344,1.7848127289889963,0.03693194521384422,0.04647818371314834,-2.429748100675624,-2.429748100675617,1.4770431728364706,0.2180342324149317,0.21803423241493056,1.73332305996448,1.9567005945284586,1.8288311497662189,0.032361354960500854,-2.951300707844672,isotropic,2,400,200
5.36539159055945,1.7521422796507884,1.9441641924523854,1.8351325342740707,0.026041403555032337,0.030935395198108437,-3.1868579759114026,-3.186857975911393,1.4876641247816629,0.2644781548691255,0.2644781548691239,1.7985174558057868,1.999290278181165,1.8872982102541414,0.023211313478669116,-3.824891449160895,isotropic,2,400,200
7.455187440629877,1.8035038009970408,1.9662819048158888,1.8762435194920846,0.017298666828760148,0.01951385369564852,-4.204932045636564,-4.2049320456365695,1.4976382277066485,0.3058655732903923,0.30586557329039304,1.8566900064757659,2.028626107979906,1.9348210948981825,0.015673924659306948,-4.984781420141864,isotropic,2,400,200
10.358949358462416,1.8475207917817809,1.98036474338557,1.9084923836138756,0.010900767939600039,0.011771771387662147,-5.593329953442884,-5.593329953442861,1.5064865608782316,0.34103423090354923,0.3410342309035464,1.906149145842368,2.0476010079372897,1.9718628204583735,0.01002451286291084,-6.555298548135534,isotropic,2,400,200
14.39371346002303,1.8837507172036259,1.9888943407617221,1.9330378286999323,0.006569400565483092,0.006848421935478456,-7.5025279711623245,-7.502527971162343,1.5139727845847903,0.3697779326188356,0.3697779326188374,1.9465848909123944,2.059248558334414,1.999857407293605,0.006118634659598499,-8.70660193735221,isotropic,2,400,200
20.0,1.9126182309091655,1.9938597316537168,1.9513301667282326,0.0038176291064172378,0.003871193581906708,-10.140308222711917,-10.140308222711921,1.5200672698059836,0.39255096110318183,0.39255096110318205,1.9786288139742312,2.066103826807006,2.0205698012990934,0.0035930381830509006,-11.672847653750642,isotropic,2,400,200
0.02,1.868540779828173,1.7881863137337821,1.8256621389157766,0.00540281573040207,-4.287864091239653,7.936350794108148,7.936350794108161,1.5282408439727972,0.34029993585537577,0.3402999358553769,1.7585760305133535,1.6616812121027782,1.7070153798783383,0.006226482859455373,8.280862856101274,isotropic,3,400,200
0.027789909887462754,1.8369041265742072,1.7389649180632842,1.7834542473426045,0.008960549952282407,-3.8467112306626245,5.965022182370414,5.965022182370406,1.5180744113126772,0.3188297152615299,0.3188297152615291,1.719537446349241,1.6041366471605396,1.6567928735285236,0.01008834645273371,6.219510116419039,isotropic,3,400,200
0.038613954577665,1.7981130372988359,1.6834377252424586,1.7336516294437871,0.014247503653720477,-3.3387622977282168,4.52440016312723,4.5244001631272415,1.5064638330840425,0.29164920421479335,0.2916492042147948,1.6724686238795199,1.5413597714972274,1.5991220070215333,0.015584381333680675,4.706418258610706,isotropic,3,400,200
0.053653915905594526,1.752264447852082,1.624539475095042,1.677610740960203,0.021582441026717036,-2.782786890083982,3.4590020099887964,3.459002009988776,1.4940371256599585,0.2582273221921235,0.2582273221921204,1.6180989583947147,1.4776620973851085,1.5364789847258715,0.022803086328079925,3.579338888365109,isotropic,3,400,200
0.0745518744062988,1.7004376359305522,1.5667840347744293,1.6181121693361893,0.03099733203260284,-2.2085418307713875,2.655888787711581,2.655888787711579,1.4817903522594595,0.21864728367109273,0.21864728367109248,1.558527349369084,1.4188422198040795,1.4729556875366487,0.031458194099866166,2.720170826105985,isotropic,3,400,200
0.10358949358462421,1.6449134140606243,1.5158430895250992,1.559331631207754,0.042093241170215234,-1.6523255378781603,2.033147851618208,2.033147851618208,1.4709129961156553,0.1740004179449691,0.17400041794496912,1.497351283218299,1.3713065717302437,1.4139064249554736,0.040845005037595694,2.042963593370075,isotropic,3,400,200
0.14393713460023042,1.5891752954709246,1.4777194457567424,1.5064392352411895,0.05401627074528773,-1.149613829114012,1.5316877505275175,1.531687750527514,1.4624494854901324,0.1267258099807922,0.1267258099807916,1.4394118768190367,1.3408946061613223,1.3651622107099677,0.04998206156042384,1.485526282650583,isotropic,3,400,200
0.20000000000000004,1.5376250402082303,1.457708669047632,1.4648723447754906,0.06558901970488144,-0.7275269543273996,1.109220655531846,1.1092206555318493,1.456926247688618,0.08069879251961236,0.0806987925196128,1.390139089137982,1.331830610407767,1.3320411983193077,0.05788730290713362,1.0036378946844084,isotropic,3,400,200
0.27789909887462755,1.4950338421334233,1.459410838382722,1.439448782573899,0.07554711536834684,-0.40003770997905236,0.7357668031202359,0.735766803120235,1.4541362005600642,0.040897641573359025,0.04089764157335893,1.354662258650688,1.3461046912167831,1.318469877606721,0.0638271946540292,0.5670370010799518,isotropic,3,400,200
0.38613954577665,1.4658364005075677,1.4839966764752455,1.4335317412413453,0.08276959450012221,-0.16732116469058989,0.3902962127738187,0.3902962127738165,1.4532280143410123,0.012608386166555246,0.012608386166555111,1.336949916869983,1.3832876569614312,1.3264205735989303,0.06739642663355383,0.15622999314641098,isotropic,3,400,200
0.536539159055945,1.453415342894793,1.5298128709564771,1.4484092716607235,0.08640967052982258,-0.01866059969556563,0.057934154862234195,0.05793415486223219,1.453125320388667,0.00029002250612595107,0.000290022506125931,1.3391920542896225,1.44059896962629,1.3556809377480914,0.06842914841972947,-0.24096286216116075,isotropic,3,400,200
0.7455187440629881,1.4595092046005425,1.592378374946851,1.4829736546386953,0.08594027027000276,0.06294798145590388,-0.2730320717451025,-0.2730320717451022,1.453102657194266,0.006406547406276335,0.006406547406276318,1.3615045087495,1.5131278131702983,1.4038790302082687,0.06687426150326115,-0.6336447013579707,isotropic,3,400,200
1.0358949358462421,1.483845805047706,1.664907699214114,1.5337661632432367,0.08122117777534688,0.09638112219314936,-0.6146224366951143,-0.6146224366951129,1.4531636328528759,0.03068217219483003,0.030682172194829892,1.4019415836954376,1.594302107245014,1.46673852379213,0.06276664335619175,-1.0323467471245666,isotropic,3,400,200
1.4393713460023037,1.524090245991486,1.7394816597818084,1.5954672865416326,0.07263733269002905,0.09917807624611741,-0.982649526170508,-0.9826495261705075,1.4539516309154312,0.07013861507605469,0.07013861507605462,1.456790180038542,1.6767504749684892,1.5386121875678231,0.05631627987138499,-1.4529015005278398,isotropic,3,400,200
2.0000000000000004,1.576178041008006,1.8086949590804222,1.6618377558857818,0.06119748831686443,0.08565971487777577,-1.3997259893127054,-1.3997259893127052,1.456277911856467,0.11990012915153898,0.11990012915153897,1.5211250224737392,1.7535229393651293,1.613310147193368,0.048027667452132494,-1.919417069577791,isotropic,3,400,200
2.7789909887462754,1.635021700508255,1.8672213822268837,1.726913306231956,0.0484164702712267,0.06613307210841828,-1.897941035538705,-1.897941035538707,1.4606168511836997,0.1744048493245553,0.17440484932455566,1.5895639123378986,1.819356482017715,1.6850971065984153,0.038726181158783124,-2.466889101944142,isotropic,3,400,200
3.8613954577664997,1.6954346341251718,1.912641636757034,1.786068704599367,0.03593886168347186,0.04694368730967513,-2.5218959707863395,-2.5218959707863386,1.4668649369803337,0.22856969714483813,0.228569697144838,1.6570811121442197,1.8715140605397027,1.7495873182309525,0.029420536222017457,-3.144273285457791,isotropic,3,400,200
5.36539159055945,1.7530005681992422,1.9452479418219069,1.8365849069418452,0.025078696137458202,0.031156845621360434,-3.3328821516266625,-3.33288215162667,1.4744238174485038,0.27857675075073834,0.2785767507507396,1.7196823891297406,1.909854688820337,1.8042472636500237,0.021042550650030023,-4.018755897358979,isotropic,3,400,200
7.455187440629877,1.804631104489423,1.9671002572431096,1.8776015468368832,0.016528268058766376,0.01957574988652328,-4.414887397034781,-4.4148873970347715,1.4824748182135679,0.3221562862758551,0.32215628627585374,1.7747762615398044,1.9361683618848777,1.8483712031740538,0.014202217076574541,-5.181933302205229,isotropic,3,400,200
10.358949358462416,1.8487028122228892,1.9809129414323574,1.9096297867617396,0.010356180131767204,0.011763157136988606,-5.883151293589328,-5.88315129358933,1.490260203150168,0.3584426090727213,0.3584426090727217,1.8211896080056016,1.953168135224368,1.8826333865374152,0.009090970155138933,-6.758770239398567,isotropic,3,400,200
14.39371346002303,1.884845767861453,1.9892343183030237,1.9339318448301488,0.006216396504179273,0.006820488278445585,-7.896226847128451,-7.89622684712844,1.4972509690810234,0.3875947987804295,0.38759479878042835,1.8589058719354357,1.9636038247289698,1.908476373281038,0.005556950102329594,-8.920451044687486,isotropic,3,400,200
20.0,1.9135567990571332,1.9940598119361872,1.9520070023676412,0.003602606258038122,0.0038450203310508024,-10.672885282625078,-10.672885282625064,1.5031821900304694,0.4103746090266638,0.41037460902666256,1.888675754151766,1.9697494078681763,1.927578368511493,0.003268424996956565,-11.902556857187031,isotropic,3,400,200
0.02,1.7728666996083815,1.6802867544282765,1.7225877711142596,0.00797791180813872,-5.027892849412175,6.302266771466372,6.302266771466359,1.4559954792549434,0.31687122035343795,0.31687122035343657,1.5601897601197467,1.4788621356105394,1.5161504114316309,0.006751072867024366,6.523311117441229,isotropic,4,400,200
0.027789909887462754,1.736350439372352,1.6277194698024768,1.6756313863925865,0.012807136389655837,-4.369863250773512,4.741032743963549,4.741032743963552,1.4484794210128265,0.2878710183595254,0.2878710183595258,1.527025159283829,1.4317031383607381,1.4739982626605315,0.01073177232350453,4.941112709515752,isotropic,4,400,200
0.038613954577665,1.6931416184813155,1.5719540612591247,1.6227575139893977,0.019580651761644963,-3.645526870362529,3.5945741412851135,3.5945741412851224,1.4401407365171583,0.25300088196415704,0.2530008819641584,1.4875003185818485,1.3812961758939417,1.4262875992084647,0.0162212960588608,3.773602254176642,isotropic,4,400,200
0.053653915905594526,1.6442647722680461,1.5172944168868854,1.566606151739418,0.02834688567609567,-2.894797862108362,2.739582097871016,2.7395820978710304,1.431512605722458,0.212752166545588,0.21275216654559018,1.4424602757041065,1.3313785099566273,1.375327189645095,0.023184406370543975,2.8956137580604544,isotropic,4,400,200
0.0745518744062988,1.5918708409803355,1.4690094676063232,1.5110758840825271,0.03872854042160489,-2.167482911495577,2.0861864665763785,2.086186466576384,1.4233174953325058,0.16855334564782964,0.16855334564783048,1.3938756055886257,1.2866922357772481,1.3246644660524798,0.031238909260914216,2.2155427693739007,isotropic,4,400,200
0.10358949358462421,1.539191874882494,1.432458398466944,1.4608650841971798,0.049920104955078454,-1.5122535688684986,1.5690429889079374,1.5690429889079367,1.4162937731140421,0.12289810176845183,0.12289810176845174,1.3448857594175805,1.2522973109280942,1.2787472749058915,0.03968852053389149,1.6664386483041345,isotropic,4,400,200
0.14393713460023042,1.490221622350522,1.4121730585158232,1.4207638351146885,0.060867010636968207,-0.9651128241331873,1.1411401103646055,1.141140110364606,1.4109605553585416,0.07926106699198034,0.0792610669919804,1.2995525141412154,1.2327735539177938,1.242311945106707,0.04770217784559527,1.1999571428329208,isotropic,4,400,200
0.20000000000000004,1.4491949772801802,1.411194816829541,1.3949299022566461,0.07052998959642891,-0.5426507502353403,0.769390089719815,0.7693900897198147,1.407443966339171,0.041751010941009366,0.04175101094100933,1.2623428024829713,1.231549926023773,1.2196751103731298,0.05454250776048486,0.7822832843918754,isotropic,4,400,200
0.27789909887462755,1.4200104319972842,1.4307416156585477,1.3863364051272642,0.07807923740130403,-0.2423471469060936,0.43128017115415074,0.4312801711541537,1.4054874919253324,0.014522940071951682,0.014522940071951882,1.2374676364210488,1.250462915133993,1.2141121633545673,0.059706224845907485,0.39117316706521665,isotropic,4,400,200
0.38613954577665,1.405723948716146,1.4700826650735117,1.3964376368100213,0.08293134016961491,-0.048098217381215815,0.11197590545542647,0.11197590545542663,1.4046841055321162,0.0010398431840298106,0.0010398431840298135,1.2282421467938343,1.28949736229782,1.2274120846241752,0.062915339843304,0.013193319335577386,isotropic,4,400,200
0.536539159055945,1.4081718057350563,1.5264920160993345,1.4249963499709248,0.08467112189254127,0.06271506544078408,-0.19870463340761083,-0.19870463340760938,1.404828690840418,0.003343114894638391,0.0033431148946383425,1.2365893983559595,1.3466453318511429,1.2596086932012585,0.06401734380458546,-0.35957903713665373,isotropic,4,400,200
0.7455187440629881,1.4277229319334386,1.5953237534295135,1.470025978144089,0.08299472907477397,0.11348620419683617,-0.5097076245955033,-0.5097076245955052,1.4061607467362542,0.021562185197184423,0.021562185197184582,1.2627444915677117,1.4179257697081031,1.3088817402201245,0.06290678083556589,-0.7334225029414942,isotropic,4,400,200
1.0358949358462421,1.4631622767910129,1.6704201384559134,1.5278954445539386,0.0777915261390488,0.12498017998329944,-0.8321364932115887,-0.832136493211591,1.4092954455742943,0.05386683121671846,0.05386683121671875,1.305182149634543,1.4976951661779518,1.3716708821032642,0.059535551605966575,-1.1167903996048254,isotropic,4,400,200
1.4393713460023037,1.5117504635733687,1.7450111819317704,1.5937103761629263,0.06934089317928663,0.1138829292624064,-1.181985244661378,-1.181985244661377,1.4148750562387753,0.09687540733459339,0.09687540733459322,1.3607860633163595,1.5793386736204569,1.4430627505929117,0.05399923575099308,-1.523663921022049,isotropic,4,400,200
2.0000000000000004,1.5695265401703407,1.8129682004201553,1.6620191982768042,0.05845634403688794,0.09249265810646332,-1.5822518433259793,-1.5822518433259753,1.423179861387269,0.14634667878307156,0.14634667878307084,1.4252615372022603,1.6563004518348725,1.5174588845483494,0.046644219940433995,-1.9766081941948592,isotropic,4,400,200
2.7789909887462754,1.6318668960759604,1.8699796571146479,1.727717009327261,0.04641253453608694,0.06898195326249869,-2.0651773105985978,-2.065177310598592,1.4339194169710685,0.19794747910489185,0.1979474791048908,1.4937491374938272,1.7232582186326348,1.5894401201203763,0.03812711588570972,-2.5097881233239216,isotropic,4,400,200
3.8613954577664997,1.6942018972985298,1.9141786748949345,1.7868710880459089,0.03463839610164723,0.047997772702089596,-2.675331458057096,-2.6753314580570877,1.4462810960993728,0.24792080119915694,0.24792080119915538,1.5615388560116588,1.7770820914138814,1.6546361078609353,0.029348731703669806,-3.17210477063428,isotropic,4,400,200
5.36539159055945,1.7526983196831472,1.9460002470272344,1.8371887218005525,0.024321123109276685,0.031494589235972426,-3.4739515004214003,-3.4739515004213994,1.4591827604761796,0.2935155592069677,0.2935155592069676,1.6247294782819441,1.8171652981562818,1.7103297049810067,0.021235366476212825,-4.0310218707526975,isotropic,4,400,200
7.455187440629877,1.80471025734527,1.9674255733316541,1.8780046738970255,0.016126482882873876,0.019662662310087446,-4.544972210251329,-4.544972210251309,1.4715891709509563,0.33312108639431376,0.33312108639431093,1.680663366699955,1.8449715005062277,1.755583264651084,0.014468337904014472,-5.178196586792547,isotropic,4,400,200
10.358949358462416,1.8488967046114229,1.981035659755995,1.9098866536605197,0.010159057046378595,0.011775315611379646,-6.0035049287215045,-6.003504928721505,1.4827432448926967,0.3661534597187262,0.3661534597187263,1.7280353237249633,1.863086286068222,1.7908962403958013,0.009329129001582448,-6.738133502085274,isotropic,4,400,200
14.39371346002303,1.8850431917546346,1.989272289042713,1.9340950022634287,0.006125476270489587,0.0068157269692814704,-8.007836181671063,-8.007836181671111,1.492244328785841,0.39279886296879374,0.39279886296879857,1.7667036913774727,1.874276565987434,1.817623345854112,0.005733565656683037,-8.880975212569053,isotropic,4,400,200
20.0,1.9137212507897812,1.994066934407848,1.9521128003738086,0.003562584450012606,0.0038391549584027088,-10.776319866295834,-10.77631986629573,1.5000016323095444,0.4137196184802367,0.41371961848022865,1.7973348448032942,1.880897114163192,1.8374231601896382,0.0033856385872095274,-11.840695441560758,isotropic,4,400,200
0.02,1.868641564896976,1.7634874992996927,1.8123858452349428,0.007357373726782939,-5.6255719662033234,7.646168558387401,7.6461685583874,1.4385008499876815,0.4301407149092945,0.4301407149092944,1.7669657330497341,1.6716802529329873,1.71581778166943,0.007010422643861425,7.29598684397311,isotropic,5,400,200
0.027789909887462754,1.827443687535288,1.7013047437905142,1.7583672232598428,0.012013984806116249,-4.971334168061363,5.749671353028406,5.749671353028392,1.4302767197222712,0.3971669678130168,0.39716696781301486,1.7283544975512433,1.6158622024858116,1.6665005576283043,0.011215584780446264,5.514999095791938,isotropic,5,400,200
0.038613954577665,1.777791286561595,1.633092107656755,1.696087384624771,0.018708624968808412,-4.2318329127617105,4.367178350789714,4.367178350789727,1.4209757748480516,0.3568155117135434,0.3568155117135456,1.6821113684498605,1.5555875906760537,1.6103166311479347,0.017065696830044885,4.206961955138461,isotropic,5,400,200
0.053653915905594526,1.7203730390139063,1.563260115132827,1.6280248442902472,0.027583465566238776,-3.442365507343323,3.3479547557900093,3.347954755790005,1.41119546130021,0.30917757771369625,0.30917757771369536,1.6290861285545057,1.495047202528143,1.5497912148012658,0.024550901480117293,3.229816787683232,isotropic,5,400,200
0.0745518744062988,1.6571819940014085,1.4976994939825152,1.5582841941364185,0.03831309971108658,-2.6531271186022423,2.5813051048013267,2.581305104801323,1.4018965983562897,0.25528539564511876,0.25528539564511804,1.5714224018482335,1.4396706045973808,1.4889027188808248,0.033287568683964874,2.4789939977550723,isotropic,5,400,200
0.10358949358462421,1.591578828118716,1.4428520795125632,1.4921814174535202,0.050068072724239056,-1.9190635502816937,1.985245392061503,1.9852453920615034,1.394250576612791,0.19732825150592484,0.19732825150592503,1.512633148175612,1.3953856156392304,1.4327311485815435,0.042556466651755276,1.8775524821624914,isotropic,5,400,200
0.14393713460023042,1.5280142863615884,1.404630650642577,1.435451325017341,0.06174228696948309,-1.2861581773366642,1.4991825843768594,1.4991825843768574,1.3892455067559444,0.13876877960564407,0.1387687796056437,1.4573541882384815,1.3677463401234649,1.3868022547891803,0.05149601878358556,1.3700463669977874,isotropic,5,400,200
0.20000000000000004,1.4714720350976083,1.3876185256479914,1.3933903593399728,0.07230984206565415,-0.7808167575763557,1.0798208587807556,1.0798208587807572,1.3871578129259579,0.08431422217165045,0.0843142221716507,1.4107902767453138,1.3611232920684464,1.3562993158159766,0.059314937181806915,0.9186718138521541,isotropic,5,400,200
0.27789909887462755,1.4268163957657862,1.394613129348847,1.3702075739622297,0.08101437719017372,-0.4074055801749482,0.6987503177451155,0.6987503177451148,1.3872609635433746,0.03955543222241175,0.03955543222241167,1.3779652549659958,1.3779865143169892,1.3452849978889674,0.06538177350505014,0.49983742142608173,isotropic,5,400,200
0.38613954577665,1.3982045507496497,1.4262368788372601,1.368592129889854,0.0872571698072018,-0.15337678403404986,0.3393694859141716,0.33936948591417193,1.3881549987057866,0.010049552043862943,0.01004955204386296,1.3629193708882619,1.4182934142650845,1.3560088560666508,0.0691950730200448,0.09987004160844251,isotropic,5,400,200
0.536539159055945,1.3885948576880518,1.4804672331183941,1.3893384532575472,0.09038518429135146,0.002771822175305427,-0.008226963028570023,-0.008226963028570691,1.3885887401547934,6.117533258447429e-06,6.117533258448421e-06,1.3679930164439655,1.479135176198835,1.3883901040101603,0.07034798462247993,-0.28994558516004426,isotropic,5,400,200
0.7455187440629881,1.3993127635977698,1.5523528851019617,1.430989575516748,0.08968649766623533,0.08497925014290984,-0.3531948815401654,-0.35319488154016554,1.388124675764476,0.011188087833293643,0.011188087833293656,1.3933387762841158,1.5548790649865099,1.4398247627183345,0.06856831583395673,-0.677951410485098,isotropic,5,400,200
1.0358949358462421,1.4297010976386164,1.6343860340368257,1.4897004279002157,0.08468627587501032,0.1158405706705861,-0.708489417460666,-0.7084894174606674,1.3871922070935458,0.04250889054507061,0.04250889054507078,1.4367965622952363,1.637952213548103,1.5054602105816035,0.06382835468013237,-1.075754633351686,isotropic,5,400,200
1.4393713460023037,1.4769995553102064,1.7177778592011808,1.5596111500576129,0.07555511439616101,0.11478843868450116,-1.0933951382066063,-1.0933951382066094,1.3866724392538978,0.09032711605630861,0.09032711605630914,1.4942101394660503,1.7201999487667785,1.5789719090117225,0.056466270209384106,-1.5011044510530756,isotropic,5,400,200
2.0000000000000004,1.5366301107484,1.7943714738453347,1.633839722821973,0.06332213894978861,0.09720961207357297,-1.535159956467288,-1.5351599564672873,1.3873978069093316,0.14923230383906833,0.14923230383906816,1.560152052978227,1.794498248845886,1.6537058324496217,0.047238636924869404,-1.9804504439911588,isotropic,5,400,200
2.7789909887462754,1.6029406832844684,1.858448671519855,1.705850149972301,0.049689054859721436,0.07406246879142236,-2.071069111263222,-2.071069111263217,1.3898080655707266,0.21313261771374187,0.2131326177137409,1.6288921382945778,1.8561021259983623,1.7238832266920827,0.03722781090877447,-2.551616280373763,isotropic,5,400,200
3.8613954577664997,1.6702346600330837,1.9076274616357638,1.7706797278155926,0.03650266603766191,0.052025268523316924,-2.7517186738873773,-2.7517186738873876,1.3938380913160708,0.2763965687170129,0.27639656871701496,1.6953497397712745,1.9032290965544696,1.7854937138760951,0.0275914085735538,-3.267103013770132,isotropic,5,400,200
5.36539159055945,1.733745223929334,1.942544346021983,1.825554064272783,0.025181441405750918,0.03422260567336379,-3.645892975867605,-3.6458929758676115,1.3990200177986032,0.33472520613073087,0.3347252061307321,1.7557704534572998,1.9367049293419494,1.8366108719072436,0.019253638984761956,-4.198708540963292,isotropic,5,400,200
7.455187440629877,1.790236339789673,1.9657051369716174,1.8697674478038433,0.016406581153603456,0.02133577690635536,-4.847512548140019,-4.8475125481400445,1.4047082957235033,0.3855280440661697,0.38552804406617386,1.8079827745545984,1.9589647381460986,1.877123874711602,0.012699763277493226,-5.444282593797375,isotropic,5,400,200
10.358949358462416,1.8381115974079298,1.980213277081226,1.9040767639303526,0.010171346628450198,0.01273587971902475,-6.4853916528527416,-6.485391652852758,1.410301657064368,0.42780994034356185,0.4278099403435642,1.8512608844997653,1.9729529016830152,1.9081235416076758,0.007966702967428851,-7.137539499136388,isotropic,5,400,200
14.39371346002303,1.87713555589411,1.9888885579876896,1.9299874180543843,0.006049277773031008,0.007343742434093117,-8.736887963039047,-8.736887963039035,1.415374757561811,0.4617607983322991,0.46176079833229783,1.8859476661423322,1.9813432174173116,1.9312514661101405,0.004787951339362717,-9.462042689397572,isotropic,5,400,200
20.0,1.9079803696042648,1.9938896528490808,1.9491955271518182,0.0034789681497086997,0.004121515754755368,-11.846948800323013,-11.846948800323078,1.4197065083411524,0.4882738612631123,0.4882738612631176,1.9130187843316018,1.986192834826314,1.948216869989428,0.0027778791790598056,-12.67084829432333,isotropic,5,400,200
0.02,2.0403314519815474,1.9057104378631873,1.9686501904235056,0.008741508997723663,-7.168126155804202,8.200101558747805,8.200101558747834,1.4525378273464398,0.5877936246351075,0.5877936246351116,2.1673177529858574,2.0506547594643334,2.1048002923991174,0.008371927651955602,7.46751085123586,isotropic,6,400,200
0.027789909887462754,1.9877402152191481,1.8254262602829554,1.8993994111025443,0.014367653297015389,-6.357761106412112,6.14858963328096,6.148589633280975,1.4445688628320936,0.5431713523870544,0.5431713523870569,2.1200896665644633,1.981972416159908,2.0443365284608803,0.01338902580261081,5.657852872970892,isotropic,6,400,200
0.038613954577665,1.9241045072589544,1.7367905812725675,1.8191714966916668,0.022552095148188085,-5.4349787124876725,4.652916275750918,4.652916275750915,1.4358599945268786,0.4882445127320758,0.4882445127320752,2.0633924505882417,1.9073570136753746,1.975207773907878,0.020333916447860645,4.336826941651066,isotropic,6,400,200
0.053653915905594526,1.8501943488660966,1.645470683174064,1.7310641377582807,0.033536756523599505,-4.440690268252883,3.552228165654154,3.552228165654161,1.4270166575885876,0.4231776912775088,0.4231776912775105,1.9981394811619515,1.8315339541512903,1.900279967816426,0.02911349968039012,3.3613105404652006,isotropic,6,400,200
0.0745518744062988,1.7685064873867296,1.5592488758900855,1.6404149455916104,0.04692547209359463,-3.43630640584664,2.7296804076821166,2.7296804076821206,1.418857515358798,0.3496489720279317,0.34964897202793294,1.9267240731387758,1.7604051011989608,1.8240096789980336,0.039109816341669656,2.6263072483750047,isotropic,6,400,200
0.10358949358462421,1.6834019759715055,1.486647111947639,1.554275539692323,0.06149800853449897,-2.493041172630058,2.099684841123687,2.0996848411236884,1.4122771551277822,0.27112482084372347,0.27112482084372386,1.8530291143653208,1.699997995533849,1.7518903394483716,0.04924643100242676,2.0537280135481355,isotropic,6,400,200
0.14393713460023042,1.600728144387328,1.435042560377751,1.4801840135697726,0.07540267762553353,-1.674955266441191,1.5986717529608752,1.5986717529608727,1.4080176474640815,0.19271049692324638,0.19271049692324585,1.7820289494733468,1.6554690890966124,1.6895794634672534,0.05833911163545258,1.5846913573828227,isotropic,6,400,200
0.20000000000000004,1.5269309244305698,1.409137813069646,1.4246536863172796,0.08676136486565672,-1.0227723811329026,1.1788338999929122,1.1788338999929138,1.4063630489449763,0.12056787548559356,0.12056787548559386,1.7190848388584885,1.630607133114338,1.6420785224632601,0.06553492704630637,1.1750423761182556,isotropic,6,400,200
0.27789909887462755,1.4679390338401193,1.410455330496048,1.3920236073410122,0.0943471496541429,-0.546352448111794,0.8046393216689356,0.8046393216689359,1.4068544965576697,0.06108453728244948,0.06108453728244952,1.6691897027078642,1.6277912587618173,1.6132340038746398,0.07051295372040167,0.7935520479697986,isotropic,6,400,200
0.38613954577665,1.4282282243668818,1.4377365811370613,1.3840611870600656,0.09784243138381181,-0.228762051387315,0.4514098503292474,0.45140985032924835,1.4082907886667255,0.019937435700156162,0.01993743570015625,1.63637633943134,1.64795013608382,1.6055044100065492,0.07331765550206137,0.421070875949147,isotropic,6,400,200
0.536539159055945,1.4103216064183097,1.4875458504847079,1.4001676478635992,0.09753216117581968,-0.037849832144878,0.10410882351316089,0.10410882351316277,1.4092644897391775,0.0010571166791323134,0.0010571166791323516,1.6233185077252834,1.6902138791018155,1.6197524771283993,0.07402743257030009,0.04817174489332205,isotropic,6,400,200
0.7455187440629881,1.414690760037375,1.5546065713601525,1.4377498006798997,0.09379773003772843,0.06186039137488489,-0.2458379390764525,-0.24583793907645168,1.4090219730087366,0.00566878702863841,0.005668787028638372,1.6310374358592241,1.7514312267168448,1.6549576272805773,0.07255340801491439,-0.329690803999669,isotropic,6,400,200
1.0358949358462421,1.4398649324147674,1.632045201126849,1.49251482746723,0.0868804786071567,0.10165103280373056,-0.6060037409615001,-0.6060037409614981,1.4079588990517449,0.03190603336302267,0.03190603336302246,1.6586815124594079,1.826009302108605,1.7080020893957693,0.06868663577647416,-0.7180520108287813,isotropic,6,400,200
1.4393713460023037,1.4826304804572938,1.712023548398474,1.5588047966510843,0.07704443555359962,0.10584386913822622,-0.9887062660196423,-0.9887062660196388,1.4073164567267318,0.07531402373056212,0.07531402373056159,1.7034725728101339,1.9064589311203293,1.7738025282968168,0.06232644733682946,-1.1284127122888992,isotropic,6,400,200
2.0000000000000004,1.538363603552169,1.786973281606624,1.6302151644788847,0.06490655620102384,0.09185156092671568,-1.415135331510113,-1.4151353315101136,1.40838121443042,0.1299823891217491,0.12998238912174923,1.7609639483662831,1.9847264171850714,1.845972269279474,0.053745826992406265,-1.581672953422071,isotropic,6,400,200
2.7789909887462754,1.6015950903834846,1.8510978255226895,1.7005487980503398,0.05159531980549412,0.0712155656981801,-1.917881467541909,-1.9178814675419136,1.4118136083046633,0.18978148207882126,0.1897814820788222,1.825678542240932,2.053955725250086,1.9179559024019566,0.04372246268710489,-2.110525219528404,isotropic,6,400,200
3.8613954577664997,1.666797203193766,1.901432784708725,1.76483950433665,0.038550979229190166,0.0507807616263131,-2.5431857530780473,-2.5431857530780535,1.4174574197281955,0.2493397834655705,0.24933978346557173,1.8920220540833155,2.109946192529774,1.9842815272396095,0.03340519213386983,-2.761830340222809,isotropic,6,400,200
5.36539159055945,1.7292066686959227,1.9379191493030685,1.820025307891885,0.027075202215220535,0.033853498915441926,-3.3543106520145596,-3.354310652014572,1.4245727398394388,0.3046339288564838,0.30463392885648616,1.9552004572578117,2.151624574487002,2.0414357316806613,0.023953568383491053,-3.60010137288286,isotropic,6,400,200
7.455187440629877,1.7854172749118757,1.9625571022785717,1.8650172581183249,0.017939860953797758,0.02135425402522781,-4.437045716878775,-4.437045716878778,1.4322285103620782,0.35318876454979753,0.353188764549798,2.011841952059349,2.180424657458341,2.0880486816491315,0.016169246219426725,-4.713066308448128,isotropic,6,400,200
10.358949358462416,1.8335720793246788,1.9782173890274155,1.9002516851797453,0.011286097992604181,0.012873816358720707,-5.908118633983319,-5.908118633983311,1.4396210574656974,0.39395102185898156,0.3939510218589806,2.0601695414217462,2.199088816455508,2.1244611621970373,0.010336033483179463,-6.2201443987112865,isotropic,6,400,200
14.39371346002303,1.8731786598246631,1.9876893988059847,1.9270370360912177,0.006793986448212138,0.007483597115663103,-7.9273599788718405,-7.927359978871873,1.4462239232821577,0.42695473654250543,0.426954736542509,2.0997819748599222,2.2105574672774573,2.15201722989928,0.006304982338820153,-8.284758343848495,isotropic,6,400,200
20.0,1.9047118653012678,1.9931975721268311,1.9469822023364576,0.003945032755184344,0.004227033703518947,-10.714825366060762,-10.714825366060682,1.4517925858046787,0.45291927949658917,0.4529192794965824,2.131231505999686,2.2173106884025287,2.1724210042059138,0.003700185990386906,-11.131737245975852,isotropic,6,400,200
0.02,2.123740755062041,1.974105244732565,2.0440234427514357,0.009799114291736431,-7.971731231060644,8.13515486576484,8.135154865764944,1.475228073932724,0.648512681129317,0.6485126811293337,2.0549790817763585,1.9474887603719355,1.9968414634609981,0.008784915226297318,6.617891785833919,isotropic,7,400,200
0.027789909887462754,2.065287460896286,1.8850013069555622,1.967150149999925,0.015988467851998485,-7.062801663897111,6.138005955592193,6.138005955592214,1.4629200621486196,0.6023673987476665,0.6023673987476708,2.01119033486205,1.885151055863194,1.9411639502266216,0.01401349027200105,4.9970694863463985,isotropic,7,400,200
0.038613954577665,1.9946235204067055,1.7865043630394486,1.8781319110465486,0.024864061353057187,-6.033653410238264,4.685140038308084,4.685140038308084,1.4488440172664898,0.5457795031402158,0.545779503140216,1.958988130601462,1.8185045303762797,1.8781290928301029,0.02123447531753575,3.807913148886921,isotropic,7,400,200
0.053653915905594526,1.9125615766045265,1.6844927633779094,1.7802384032264391,0.03657753352955755,-4.9324703013630256,3.6176078759154104,3.617607875915403,1.433868222425837,0.47869335417868947,0.47869335417868736,1.8994820602443003,1.75241475019432,1.8107632787569816,0.030370252924656782,2.9212394676927547,isotropic,7,400,200
0.0745518744062988,1.821714375578365,1.5869348327053183,1.679011333885965,0.05062654051175363,-3.8282884992182944,2.8187397410508344,2.818739741050839,1.419471640791163,0.402242734787202,0.4022427347872032,1.8352422323319384,1.692925243521274,1.743659390854715,0.04084869414378245,2.242001694224613,isotropic,7,400,200
0.10358949358462421,1.7266027052716895,1.5026256638198023,1.581716664449928,0.06579504019163573,-2.797311499614608,2.202081500364828,2.2020815003648297,1.4075518351169856,0.319050870154704,0.3190508701547045,1.7703168831224547,1.6463005226964942,1.6824748079244183,0.05166778997011212,1.7001322341994844,isotropic,7,400,200
0.14393713460023042,1.633287174539253,1.4396499738450308,1.4962405263120826,0.08045609576011861,-1.904257002305937,1.703371844387995,1.7033718443879962,1.399845772581345,0.233441401957908,0.23344140195790825,1.709864736730108,1.6180064695435055,1.6330989839506467,0.06167323837231997,1.2447173977800268,isotropic,7,400,200
0.20000000000000004,1.5485843011679945,1.4041521911636627,1.4298266493116933,0.09308319370827037,-1.1875765185630107,1.2758227035967036,1.2758227035967027,1.3970705927038922,0.15151370846410223,0.15151370846410206,1.6594517029895919,1.6118871811635131,1.6007361382782233,0.06986660759665853,0.840395243609578,isotropic,7,400,200
0.27789909887462755,1.4791034195346933,1.3995781319177443,1.388046541589731,0.10258846827297577,-0.6553233048520394,0.8875936981793191,0.887593698179319,1.3982819084948612,0.08082151103983197,0.08082151103983196,1.6241796359928153,1.6295470541212305,1.5890927042966183,0.07554128152080919,0.4644736095260935,isotropic,7,400,200
0.38613954577665,1.4303426773572945,1.4261280061775214,1.3741019876375007,0.10826670825981458,-0.2912972283461719,0.5194642990791721,0.5194642990791736,1.4011276468922726,0.029215030465021878,0.02921503046502205,1.6078340664345525,1.6698950771551373,1.5997435428330142,0.07824205792366135,0.10340376795088882,isotropic,7,400,200
0.536539159055945,1.4059480167281753,1.4802976215483818,1.388348521301335,0.10954859567388679,-0.06560376863380048,0.16065468770801936,0.16065468770801644,1.4031205752865574,0.0028274414416177528,0.0028274414416176504,1.6122060392139703,1.729017174250283,1.6317545315135538,0.07771415043714569,-0.2515435373046256,isotropic,7,400,200
0.7455187440629881,1.4071543460581974,1.5549026154474297,1.4280452258849494,0.10596650973572815,0.05604387547092138,-0.19714605943757257,-0.19714605943757194,1.4030357914221694,0.0041185546360280306,0.0041185546360280045,1.6367322888730254,1.8006485516148951,1.6817169338882285,0.07394697271146322,-0.6083365331361248,isotropic,7,400,200
1.0358949358462421,1.4324891189035884,1.6401238544614278,1.487574956222413,0.09746306092019022,0.10635410100508694,-0.5651970787571796,-0.5651970787571806,1.4013547645700957,0.03113435433349286,0.03113435433349297,1.678576527239853,1.877274618825298,1.7442990226949193,0.0672531006753121,-0.9772411204111575,isotropic,7,400,200
1.4393713460023037,1.4779054841441583,1.7255525583175002,1.5593510259362633,0.0847559905891321,0.11316821335690874,-0.9609414181343822,-0.9609414181343806,1.39964108971373,0.07826439443042843,0.07826439443042817,1.733168820872112,1.9515417719962,1.8132129818577345,0.05828462915284316,-1.3733322515567175,isotropic,7,400,200
2.0000000000000004,1.537450020225116,1.802493420127253,1.635277143788291,0.06938915277578704,0.09782712356317502,-1.4098330884551618,-1.4098330884551638,1.3995301044773605,0.1379199157477556,0.13791991574775597,1.7950621890686305,2.017548310485287,1.88232191291554,0.047966673722837694,-1.819173961303132,isotropic,7,400,200
2.7789909887462754,1.6043550419220614,1.8655766009619519,1.7082818849080719,0.05336787306786954,0.07479465993727191,-1.9473671520287796,-1.9473671520287765,1.401971321677052,0.20238372024500945,0.2023837202450088,1.8588669469518875,2.0716871514597983,1.9465944919585731,0.0373651144945395,-2.347846278364973,isotropic,7,400,200
3.8613954577664997,1.6722395722730583,1.913126838032722,1.773395282290013,0.03857584572575409,0.05239334386924723,-2.6222551473296893,-2.622255147329692,1.4069834909993095,0.26525608127374883,0.2652560812737494,1.9200315876009553,2.11285577522561,2.0026955121251704,0.02749633857622502,-3.0063611667806307,isotropic,7,400,200
5.36539159055945,1.7360553019741132,1.9463891886146079,1.8280801096390382,0.026284271310644078,0.0343031095164966,-3.501135967488613,-3.5011359674886244,1.4138639379572222,0.3221913640168909,0.322191364016893,1.9753178430037324,2.142029814639915,2.0491144926855287,0.01911867227259023,-3.859925450346047,isotropic,7,400,200
7.455187440629877,1.7925461539320224,1.9681972319876815,1.8718865383887167,0.016970309142270407,0.021284611577785075,-4.675246855643286,-4.675246855643289,1.4216102709753333,0.3709358829566891,0.3709358829566896,2.0229230433167786,2.161426795975243,2.085876897977622,0.012596043336777996,-4.997907118740235,isotropic,7,400,200
10.358949358462416,1.840208795442544,1.9817378474884166,1.905746822669384,0.01045299759219157,0.01265341203223498,-6.269783059722253,-6.26978305972229,1.4292995825680852,0.4109092128744586,0.41090921287446325,2.0623062794320344,2.173628106473738,2.114015423901306,0.007903538103160912,-6.542531179623348,isotropic,7,400,200
14.39371346002303,1.8789164071785338,1.989781352174024,1.9312545234111214,0.00618871253031491,0.007272357668915793,-8.457028174473043,-8.457028174473031,1.436291483600696,0.44262492357783784,0.44262492357783656,2.093844016301703,2.1809565910823587,2.135023151178674,0.004754305026714256,-8.661441503140214,isotropic,7,400,200
20.0,1.909422938333389,1.9943956463341552,1.950135293167646,0.003547998332252216,0.004071235483425677,-11.474738999782268,-11.47473899978222,1.4422592925437665,0.4671636457896224,0.4671636457896184,2.118451285410904,2.1851980395088955,2.1504439441905783,0.002761436538643025,-11.585512950225326,isotropic,7,400,200
0.02,1.7175417954049603,1.634983366359886,1.6732899209330032,0.005945319898840287,-4.425187447195732,7.4431443933889945,7.443144393389031,1.3881687040320592,0.3293730913729011,0.3293730913729043,1.5947042119714225,1.5099172389776399,1.5491521077674002,0.00631723541426199,7.210765662014505,isotropic,8,400,200
0.027789909887462754,1.6850343533458714,1.5856008820205303,1.630369183226808,0.009896868912785354,-3.934173974686054,5.523481274814483,5.523481274814467,1.383092309808676,0.3019420435371952,0.30194204353719345,1.560323168557414,1.460310803676132,1.5052149324224622,0.010204107388621875,5.400593509668506,isotropic,8,400,200
0.038613954577665,1.645620501210387,1.5313177061898064,1.580585035532545,0.015768136335104103,-3.368495477303953,4.124486514811241,4.124486514811266,1.3773826000376583,0.2682379011727287,0.2682379011727319,1.5191534837728766,1.4070096863504156,1.4552372445626178,0.015688680998056537,4.074035237135393,isotropic,8,400,200
0.053653915905594526,1.5998092794107803,1.4760373460391965,1.5259967267063534,0.02385317203726988,-2.7514320794143745,3.094454380704459,3.0944543807044624,1.3713997023435878,0.2284095770671925,0.228409577067193,1.4720273275449944,1.3540444068438529,1.4016353159543853,0.022801102480076718,3.0872196487918377,isotropic,8,400,200
0.0745518744062988,1.5492784186807342,1.4252230980342495,1.4702352892612391,0.03403093819250513,-2.1204867093943007,2.322684404772106,2.3226844047720996,1.3656861746736897,0.1835922440070445,0.18359224400704346,1.4210029635395731,1.306595977779548,1.348206687232661,0.031185566853798807,2.334293830482179,isotropic,8,400,200
0.10358949358462421,1.4970127932210122,1.385021219545773,1.4182158970143441,0.04560221873809674,-1.5213298854926318,1.727918035287174,1.727918035287173,1.360858215140859,0.13615457808015327,0.13615457808015313,1.3694286285770454,1.270203158185839,1.2997592431817595,0.04011330039936567,1.736815088802506,isotropic,8,400,200
0.14393713460023042,1.4471010135597773,1.3609909172263852,1.3753564860232768,0.05737895873960932,-0.9968869775789706,1.2503630095848095,1.2503630095848106,1.3573943101879982,0.08970670337177901,0.08970670337177919,1.32167927585349,1.2499013194201003,1.2614388022629148,0.048702990747760744,1.236894750520942,isotropic,8,400,200
0.20000000000000004,1.4041751528730066,1.3570056034179756,1.346562386516735,0.0680559832575125,-0.5761276635627175,0.8465496139887428,0.8465496139887458,1.3554030877532814,0.04877206511972531,0.04877206511972567,1.2826059641576113,1.249621449926662,1.2380029329966573,0.056221548090958695,0.7933440589147857,isotropic,8,400,200
0.27789909887462755,1.3726654975265227,1.3747698073648407,1.3353995864427066,0.07663613200594947,-0.26819742298356963,0.48627077213295417,0.48627077213294906,1.3545441741695574,0.018121323356965244,0.01812132335696487,1.2568639731029727,1.2718603665648907,1.2332449038631847,0.06223453194149364,0.3795171025306677,isotropic,8,400,200
0.38613954577665,1.356132539373431,1.4138823369242237,1.3437159364408062,0.08258300341604222,-0.06431148049159796,0.15035300750774952,0.1503530075077503,1.3542656657794812,0.001866873593949666,0.001866873593949685,1.2482848788952838,1.3173531591172467,1.2495664412528946,0.06650515550674152,-0.019270120456764864,isotropic,8,400,200
0.536539159055945,1.3568421536643887,1.4719966890197766,1.371612397872319,0.08561404693952719,0.05505746955699913,-0.1725212711690071,-0.17252127116900742,1.35429397235816,0.0025481813062287945,0.0025481813062288054,1.2593524764814796,1.3845898653481503,1.2875796553990446,0.06878303103154071,-0.41037998026898975,isotropic,8,400,200
0.7455187440629881,1.3755599032740116,1.544813555516108,1.4174821257163592,0.08540920735740135,0.11246456987486692,-0.49083961483123156,-0.4908396148312293,1.3549828157575403,0.02057708751647114,0.020577087516470954,1.2907774169338058,1.4694056222584564,1.3457356743360733,0.06871169052011572,-0.7998385280038807,isotropic,8,400,200
1.0358949358462421,1.4114500052604853,1.626166192205655,1.4780089310753257,0.08159833531548874,0.12850516690762132,-0.8156897509918497,-0.8156897509918501,1.357158571636293,0.05429143362419221,0.054291433624192295,1.3412197838910225,1.565092976193739,1.4201835500344366,0.06594566001588831,-1.197406563591742,isotropic,8,400,200
1.4393713460023037,1.4620522049258122,1.7086847116375583,1.5483225285116742,0.07409185954002254,0.1198722259206677,-1.1643697988071269,-1.1643697988071255,1.3616016456091165,0.10045055931669582,0.10045055931669558,1.4072935194749274,1.6633085947838753,1.5051076243832142,0.06038686549237404,-1.619791060700762,isotropic,8,400,200
2.0000000000000004,1.5234501743733864,1.7851579013760421,1.6225749964855756,0.06345808277827777,0.09912482211218887,-1.5620519526020167,-1.5620519526020118,1.3686120524417136,0.1548381219316727,0.15483812193167173,1.4839706553678391,1.755652916498344,1.5936169180024944,0.05238973586119444,-2.092895885658993,isotropic,8,400,200
2.7789909887462754,1.5907574899191015,1.8501154329664933,1.6949412079193382,0.0509905070469181,0.07497952920476275,-2.0431983134502616,-2.043198313450265,1.3778894930120402,0.21286799690706135,0.21286799690706218,1.5653696924864597,1.8354390778568237,1.6789985686385496,0.042811633066184296,-2.6541588819194586,isotropic,8,400,200
3.8613954577664997,1.658892731053481,1.9008760985955846,1.7607045307812073,0.038359768086650564,0.05273316387367191,-2.654129699057213,-2.6541296990572194,1.3886710096816572,0.27022172137182365,0.2702217213718249,1.6457445804556816,1.898973377963059,1.755939241678306,0.03283947506212881,-3.355554892827845,isotropic,8,400,200
5.36539159055945,1.7234213022483171,1.9375813172181044,1.816971815996705,0.0270589874730112,0.0348718307580728,-3.457280648128305,-3.4572806481283136,1.3999909214435549,0.32343038080476233,0.3234303808047639,1.7203850725137624,1.945815309394839,1.8212800161754095,0.023640349557782603,-4.267912511827966,isotropic,8,400,200
7.455187440629877,1.781172782542103,1.9623428445005904,1.862766684416441,0.017982258209810843,0.021889161747875335,-4.537466925584548,-4.537466925584557,1.4109431514579038,0.3702296310841993,0.37022963108420076,1.786165275981146,1.9780101566716475,1.8740773792713943,0.01602067411000485,-5.487415990526114,isotropic,8,400,200
10.358949358462416,1.8304557747481518,1.9780811059771628,1.8985999103626305,0.011337060000053373,0.013156572786758651,-6.010741375114706,-6.010741375114712,1.4208589993387768,0.40959677540937495,0.4095967754093757,1.8416344552099382,1.9988211191874046,1.9150877510420787,0.010280072313185062,-7.145211978512105,isotropic,8,400,200
14.39371346002303,1.8708926994162225,1.9876048071898238,1.9258308261620276,0.0068358542819908176,0.00763362795825969,-8.036760948889828,-8.036760948889857,1.4293681077803762,0.44152459163584634,0.44152459163584945,1.886735581642583,2.011598055057176,1.9460204485555528,0.006292739588653173,-9.421153708612056,isotropic,8,400,200
20.0,1.90303844519962,1.9931468217235415,1.9461054149985446,0.0039744369260726895,0.004306696979892429,-10.835992770800079,-10.835992770800013,1.4363650717982084,0.46667337340141174,0.4666733734014061,1.9223452190966213,2.019122120955316,1.9688815635763677,0.003704212899201753,-12.563085801513964,isotropic,8,400,200
0.02,1.9196188062546895,1.8071084787909355,1.859498840702419,0.007729603640786537,-6.011996555227014,7.77788465569404,7.777884655694007,1.4520126486848315,0.4676061575698581,0.46760615756985413,1.7539287610343612,1.6608416273688926,1.7037437832889584,0.007282821825337127,6.89086990578405,isotropic,9,400,200
0.027789909887462754,1.8755700054848699,1.740459732362844,1.8016808881910733,0.01266796146556704,-5.317693910704697,5.832755135436398,5.832755135436391,1.4445928771366157,0.43097712834825413,0.43097712834825325,1.7161085900465667,1.606770190697764,1.6556135946064718,0.011651591531387062,5.19199418183631,isotropic,9,400,200
0.038613954577665,1.8224365862046978,1.6673360470685914,1.734976143185483,0.01982034690232343,-4.529991500523673,4.412659548807505,4.412659548807508,1.4365034271730253,0.38593315903167263,0.38593315903167325,1.6709863468435793,1.5488906037115167,1.6010793296468027,0.017718291261490826,3.945471725522058,isotropic,9,400,200
0.053653915905594526,1.7609658196880282,1.592636800934878,1.6621058503156032,0.02939091999170018,-3.6850980102318,3.3636228263811576,3.3636228263811687,1.4284381700915973,0.33252764959643094,0.3325276495964331,1.6195159011376414,1.4914571487664199,1.5427658800809894,0.025441289742082596,3.016750401993158,isotropic,9,400,200
0.0745518744062988,1.6933592669651083,1.5230216141272135,1.5876514487429763,0.04107798360636881,-2.835819194727063,2.573344866074266,2.5733448660742577,1.421336595639273,0.2720226713258353,0.27202267132583346,1.5639265543704852,1.4397626683161067,1.4846693746771376,0.03435047333231678,2.307309681779053,isotropic,9,400,200
0.10358949358462421,1.6233771704397966,1.465830878464598,1.5176244578412508,0.05395913322189321,-2.0417652203725583,1.9598667785055899,1.9598667785055934,1.4161159422810572,0.20726122815873946,0.20726122815874018,1.5077338099838749,1.3992392309978061,1.4316961513447686,0.04358073829214382,1.7447537976384715,isotropic,9,400,200
0.14393713460023042,1.5560353665855913,1.427595100183442,1.4584991308209907,0.0666322051270514,-1.3552616013302823,1.4638002086021724,1.4638002086021686,1.4132618043270984,0.142773562258493,0.14277356225849228,1.4553977971125416,1.3745149219770667,1.3888977067706907,0.05211730554822713,1.2759694623950684,isotropic,9,400,200
0.20000000000000004,1.4968980291980776,1.4126611318653763,1.4159892626213315,0.07758063582079136,-0.8090876657674628,1.0428989878820092,1.0428989878820123,1.4125183584244074,0.08437967077367022,0.0843796707736707,1.4116903422839902,1.3688165449244938,1.3606853420556002,0.05913620309728351,0.8625004237164646,isotropic,9,400,200
0.27789909887462755,1.4511485408146514,1.4224064338381068,1.3939872324552298,0.08558050974229896,-0.4113817467627688,0.6679243735699446,0.6679243735699476,1.4129691097362462,0.03817943107840509,0.03817943107840545,1.3809795253942465,1.3838602142848975,1.3503017920497238,0.06423615557969642,0.47757735604929724,isotropic,9,400,200
0.38613954577665,1.4227208533008693,1.45524435722836,1.3940021293253946,0.08996095187844,-0.1487479036508011,0.3192354391078583,0.31923543910785734,1.4135528188419413,0.009168034458928043,0.009168034458927988,1.366665287802715,1.4200302005838306,1.3596350358846907,0.06742541661716395,0.1042670890406434,isotropic,9,400,200
0.536539159055945,1.4137405851193545,1.5072755760596814,1.415196434922512,0.09062329133401242,0.0054268165839703505,-0.01606485244275142,-0.01606485244274889,1.413717197107088,2.338801226653206e-05,2.3388012266524697e-05,1.370873737320984,1.476458688918358,1.389223746001094,0.06888493423715403,-0.2663863859829705,isotropic,9,400,200
0.7455187440629881,1.4243781142216425,1.5731562579323102,1.4548468791804126,0.0878406137931276,0.0817384276422582,-0.3468642082866893,-0.3468642082866874,1.4138095901867456,0.010568524034896993,0.010568524034896878,1.3943399644928127,1.550749965738971,1.4382088417207082,0.0686722467903671,-0.6388152314545954,isotropic,9,400,200
1.0358949358462421,1.4530353723141434,1.646782917196755,1.5089117106544543,0.08199486820198945,0.10788031953195033,-0.6814614080805996,-0.6814614080805994,1.4149578041103672,0.03807756820377627,0.038077568203776245,1.4363314503471072,1.6385008291277983,1.504128246683191,0.06657578610852344,-1.018340154866064,isotropic,9,400,200
1.4393713460023037,1.4966927525961693,1.7217784603245572,1.5724999258771652,0.07347136116639592,0.10533372571510767,-1.0317921442793192,-1.0317921442793199,1.4184755067248165,0.07821724587135273,0.07821724587135283,1.4945568672481242,1.7331545378155264,1.5827358031342873,0.062239798795075796,-1.416761261977915,isotropic,9,400,200
2.0000000000000004,1.5512969703636632,1.7920905072397049,1.640298022841602,0.06279143192016463,0.08900105247793853,-1.4174075945759292,-1.4174075945759257,1.4251462026561819,0.12615076770748124,0.12615076770748063,1.5651798968049813,1.8267334312932713,1.6682047394496196,0.05550384919901319,-1.8561747361923502,isotropic,9,400,200
2.7789909887462754,1.6121974197318627,1.852871742115413,1.7071285974681416,0.050811966910992865,0.06832060853792574,-1.8682838612126451,-1.8682838612126418,1.4348390324412637,0.17735838729059902,0.17735838729059838,1.6431394399371764,1.9115018462988318,1.7539524722848503,0.0467363416663078,-2.3710249539612334,isotropic,9,400,200
3.8613954577664997,1.6746855716940172,1.9013429255732814,1.7686545168451522,0.03871946357699428,0.04867097720443703,-2.426917536299959,-2.42691753629996,1.4466306908391187,0.22805488085489845,0.22805488085489858,1.7228601378941886,1.9818855179887984,1.8339232715620355,0.036899112758916,-3.0099133925926322,isotropic,9,400,200
5.36539159055945,1.7346008631346983,1.937102625343135,1.8219859000517582,0.02773168837431667,0.03257359148615217,-3.151089675376216,-3.1510896753762156,1.4592427755229813,0.27535808761171693,0.2753580876117169,1.7991872588359672,2.035627434170054,1.9037835527214557,0.027247587563109743,-3.838735948392748,isotropic,9,400,200
7.455187440629877,1.788841229997705,1.9616600952389613,1.865896077817342,0.018709169601982312,0.020671471625165933,-4.118560548591779,-4.118560548591782,1.4714861736900053,0.3173550563076997,0.3173550563077003,1.868201614145203,2.0736169748265767,1.9614799960223104,0.018858596927158633,-4.94619945679922,isotropic,9,400,200
10.358949358462416,1.8356045981393216,1.97749981466661,1.9005746809310513,0.011955050943828942,0.012543759129134956,-5.434529982096518,-5.434529982096532,1.4825227352683736,0.3530818628709479,0.3530818628709496,1.9276219467319418,2.098713843683031,2.007015683583998,0.012304423246977336,-6.452454963426237,isotropic,9,400,200
14.39371346002303,1.8743113800619726,1.9871958359393553,1.9271086881081883,0.007289839784951748,0.007336162164524688,-7.242588260335148,-7.242588260335109,1.4919222166291528,0.38238916343281976,0.38238916343281565,1.9767340864371516,2.11437741599834,2.0417415014199674,0.0076284995955573365,-8.521651494964296,isotropic,9,400,200
20.0,1.9053031795648634,1.9928873649619545,1.9469570196185728,0.004276505289672859,0.004165384005370907,-9.740158665136557,-9.740158665136475,1.4995881684295134,0.40571501113535,0.40571501113534314,2.0160024085908317,2.1237145516574216,2.0675917322316253,0.004533495785002728,-11.379590075159308,isotropic,9,400,200
0.02,2.059200086055067,1.911696210435129,1.9799396047313143,0.011017087027567644,-7.926048132375297,7.194322884572158,7.19432288457216,1.4889745914253871,0.5702254946296801,0.5702254946296803,1.819647840835568,1.7266575799139194,1.7689258276196083,0.008453765510270994,5.999931409776455,isotropic,10,400,200
0.027789909887462754,2.0015077720017667,1.8268189468533165,1.9053587445956155,0.017609229663851745,-6.919707749720195,5.460149548933765,5.460149548933751,1.4765197033796502,0.5249880686221164,0.524988068622114,1.7815412445872842,1.6732983965645654,1.7207616498594782,0.013316341432893175,4.5642862969608275,isotropic,10,400,200
0.038613954577665,1.9328880649084215,1.7354092033750521,1.8207734254865884,0.02675041731029685,-5.80694936056521,4.1911360903770865,4.19113609037708,1.4630003533679632,0.46988771154045833,0.4698877115404569,1.7363558544879687,1.616647275248485,1.6665562155222458,0.01989069869196225,3.5091597357476787,isotropic,10,400,200
0.053653915905594526,1.854734455740243,1.6437296912402708,1.7300507228147417,0.03836270135103047,-4.647702998785236,3.250129123718555,3.250129123718555,1.4494962241051252,0.4052382316351178,0.4052382316351177,1.6851246426571609,1.5607427478730846,1.6089305358418013,0.02800631884664284,2.7206041333951694,isotropic,10,400,200
0.0745518744062988,1.7701729333597789,1.5595489425481839,1.6390108773355414,0.05170012123688011,-3.5186789619646603,2.5369777262857456,2.5369777262857482,1.4374177186924453,0.33275521466733354,0.3327552146673342,1.630068953572047,1.5103929290701321,1.5517026147805624,0.037056653081054325,2.1147710944124727,isotropic,10,400,200
0.10358949358462421,1.683988426272635,1.4907122655591745,1.5546628464887884,0.06537499885423251,-2.496886031751823,1.9782115801211035,1.9782115801211035,1.428155066738354,0.25583335953428105,0.25583335953428116,1.574554484357416,1.4703971123240072,1.499420228052614,0.04611114057619492,1.629416565410014,isotropic,10,400,200
0.14393713460023042,1.6020805174058452,1.443585115208933,1.4839756593849125,0.07771431384495325,-1.6410616808366516,1.5197310788404064,1.5197310788404066,1.4225928941094002,0.17948762329644513,0.17948762329644516,1.5227488998583283,1.4448691455678067,1.4566999276509167,0.05421819012430129,1.2182068795728314,isotropic,10,400,200
0.20000000000000004,1.530563169907507,1.4219922818359731,1.4326280799114863,0.0872992919205071,-0.9793508999602043,1.121831435760079,1.1218314357600756,1.4206965072859785,0.10986666262152849,0.10986666262152783,1.4790713166910072,1.4368884743000367,1.4276223567896202,0.06071507741180371,0.8473835840219931,isotropic,10,400,200
0.27789909887462755,1.4747968847296014,1.4269498644919034,1.404188798114899,0.09336915299170669,-0.5081562833462565,0.7562249881497148,0.7562249881497147,1.421401285266124,0.053395599463477286,0.05339559946347728,1.4476085180025,1.4483782050684402,1.4153293165381677,0.06532808999460471,0.4941090649825846,isotropic,10,400,200
0.38613954577665,1.4386530909165187,1.456970114889124,1.3998932982054328,0.09583660939477712,-0.20075536491931986,0.40443618525175196,0.4044361852517522,1.4229772282112985,0.01567586270522023,0.01567586270522025,1.4316293231205672,1.4799152944074172,1.4217626580882825,0.06801930135141943,0.14505684175303324,isotropic,10,400,200
0.536539159055945,1.4241463643634462,1.5084570623456819,1.4188249060673965,0.09495361457433471,-0.01983623452727192,0.05604271432851845,0.05604271432851635,1.4238481353963495,0.0002982289670966371,0.00029822896709661486,1.4332122185228937,1.530336583232304,1.4474003435854503,0.06874811458429697,-0.20637838795069136,isotropic,10,400,200
0.7455187440629881,1.4313653769419703,1.5759459864722831,1.4581848591787634,0.0909416450567266,0.07194851222822429,-0.2949086990901025,-0.29490869909010325,1.4234560783252475,0.007909298616722762,0.007909298616722803,1.4529461551333773,1.5963510179132556,1.4909695888596872,0.06735799532725872,-0.5644977042676685,isotropic,10,400,200
1.0358949358462421,1.458558070659455,1.6524143977753927,1.5135342304329051,0.08390400756903697,0.10614234681732333,-0.6552268642021095,-0.6552268642021121,1.422536213885223,0.03602185677423191,0.036021856774232176,1.4897241040511875,1.6725547409589605,1.5493076625219384,0.06366351996627095,-0.9359136677066928,isotropic,10,400,200
1.4393713460023037,1.5023175237453965,1.7300788967732625,1.5791657376854653,0.07406494514772888,0.1067802470203482,-1.037578759921964,-1.0375787599219601,1.4225814492232423,0.07973607452215435,0.07973607452215381,1.5407383667369354,1.7521073502975169,1.6175954394372103,0.057654838160031474,-1.3330550419193634,isotropic,10,400,200
2.0000000000000004,1.5579407119834532,1.801747947634041,1.6488033788889793,0.06208190183953574,0.09086266690552615,-1.4635934823707653,-1.4635934823707657,1.4249547049096993,0.13298600707375388,0.132986007073754,1.6017890068925091,1.827985663816688,1.6900492121642194,0.04967624638075829,-1.7767084210673616,isotropic,10,400,200
2.7789909887462754,1.620035132906854,1.862246859859463,1.7165825875387508,0.049116817688815116,0.06948381986330483,-1.9656699919686067,-1.965669991968608,1.4302546985359843,0.1897804343708699,0.18978043437087008,1.6679089459007137,1.894420782299399,1.7609298379570977,0.04047005228591738,-2.2985117834590256,isotropic,10,400,200
3.8613954577664997,1.6833095244899712,1.9092272464204119,1.7779851775567836,0.03656641579681538,0.04903701477992349,-2.589142277243861,-2.5891422772438655,1.4381807885090145,0.24512873598095655,0.2451287359809574,1.7341668619848085,1.947990393346923,1.825557250819202,0.03104275369332754,-2.944016814269839,isotropic,10,400,200
5.36539159055945,1.7433353512413454,1.9430139743932746,1.8303614742132992,0.025626377208021498,0.03243980294936114,-3.3959588694695833,-3.3959588694695904,1.4477982170591883,0.29553713418215705,0.2955371341821583,1.7964211619260737,1.9879415362461108,1.8809857926764857,0.022391112819213355,-3.7767051344517726,isotropic,10,400,200
7.455187440629877,1.7970425556302563,1.9657062209724185,1.8728910632496916,0.016966650103291424,0.020347847246890188,-4.4704468564906135,-4.470446856490624,1.4579658331734473,0.33907672245680887,0.3390767224568105,1.8518113634128341,2.0156754761847333,1.9261340556293842,0.015218728338799004,-4.883633544273865,isotropic,10,400,200
10.358949358462416,1.8428339150199,1.9800791684696335,1.9061185292429665,0.010676025003601028,0.012218346095372673,-5.927731922857112,-5.927731922857087,1.4676996870641315,0.3751342279557687,0.3751342279557655,1.8988837224065263,2.033750511459554,1.9614190855973914,0.009796062671297623,-6.383724286911029,isotropic,10,400,200
14.39371346002303,1.8803707167846069,1.988752970820056,1.931346024829889,0.006431637944884844,0.007082996085320234,-7.925711689947258,-7.925711689947254,1.4763551219114515,0.40401559487315536,0.4040155948731549,1.937396919686494,2.044919405225448,1.9881513356449214,0.006013653622098936,-8.439863541843422,isotropic,10,400,200
20.0,1.9101871089731055,1.9937896072990977,1.9501192075607512,0.0037383011507012972,0.003993209858764539,-10.681883823124979,-10.6818838231249,1.4836370710463012,0.42655003792680424,0.42655003792679796,1.9679543691022614,2.0515287258873816,2.007967318773097,0.0035484574434487826,-11.276153175997141,isotropic,10,400,200
0.02,1.9811159065668975,1.8779539744296685,1.9257784941746037,0.007512892647358609,-5.533741239229402,7.36565993815304,7.365659938153064,1.5735193450279252,0.40759656153897234,0.40759656153897494,2.071708111149185,1.9591443960395232,2.0115863836198593,0.007679739948989628,7.828615021949484,isotropic,11,400,200
0.027789909887462754,1.94041201738847,1.8157167697313934,1.8718613135329603,0.012406160053943004,-4.933495943895527,5.525537600469901,5.5255376004699075,1.5616325256961738,0.3787794916922962,0.3787794916922971,2.026249867887044,1.8926213095108666,1.953267221266224,0.012336734865462606,5.9158802889684345,isotropic,11,400,200
0.038613954577665,1.8908702797911165,1.7465382650886885,1.8089050047739554,0.01959853533189408,-4.245370665276078,4.182214314953079,4.182214314953072,1.5480739332852793,0.3427963465058372,0.3427963465058359,1.971571689562745,1.8201432334266876,1.8864370155172707,0.018840891954891248,4.518611658583007,isotropic,11,400,200
0.053653915905594526,1.8329040696210974,1.6746765480049757,1.7390880143135679,0.02940458899893767,-3.497081386290671,3.1905242855432854,3.1905242855432934,1.5335816667885522,0.29932240283254513,0.2993224028325466,1.908510980138787,1.746317710312608,1.8138367814981413,0.027155127455112282,3.4864207062604695,isotropic,11,400,200
0.0745518744062988,1.7682721637796934,1.6062689528120657,1.6664468166094295,0.041647483372900695,-2.731664307065664,2.4449339773677643,2.4449339773677736,1.5193159127258467,0.24895625105384678,0.2489562510538487,1.839357512047706,1.6769826549802056,1.7398025167025803,0.036735133622750826,2.7100757647297384,isotropic,11,400,200
0.10358949358462421,1.7002911293263387,1.5484916043237784,1.596663105946475,0.05545652175716751,-2.000743893881632,1.8686354660616664,1.8686354660616673,1.506648129560858,0.19364299976548077,0.19364299976548097,1.7678811019120637,1.6180729930823659,1.6697150413794952,0.046524012235439116,2.1100084841305162,isotropic,11,400,200
0.14393713460023042,1.6336905946627214,1.5081696730222571,1.5362831650839492,0.06929393751708032,-1.353471845181728,1.4057135886492536,1.4057135886492562,1.496763647268446,0.13692694739427524,0.13692694739427572,1.6989192980060974,1.574355009606841,1.6090301886605372,0.055213930291864166,1.6280150474780732,isotropic,11,400,200
0.20000000000000004,1.5740365720526102,1.4902598823506192,1.4915087648842362,0.08127892463475712,-0.8252780716837408,1.0153653919417476,1.0153653919417496,1.4902406927810012,0.08379587927160896,0.0837958792716093,1.6375800740046307,1.5485973117896332,1.5622476360913684,0.06168211361152709,1.2213011763459451,isotropic,11,400,200
0.27789909887462755,1.526816101643059,1.4967476893421192,1.4669278238674313,0.08970814325031529,-0.43100735495832415,0.6675902053676414,0.6675902053676385,1.4868352739837134,0.0399808276593457,0.039980827659345346,1.588327831067153,1.5414791501958025,1.5322280160850676,0.06535094909282035,0.858439177408191,isotropic,11,400,200
0.38613954577665,1.496436054368645,1.526339667910277,1.4646209233708911,0.09353387553714007,-0.164785665419291,0.3401455442217924,0.34014554422179366,1.4856142793209264,0.010821775047718618,0.0108217750477187,1.554288552248584,1.5520472961138438,1.5200412424997614,0.06625336336290522,0.516914281939648,isotropic,11,400,200
0.536539159055945,1.4854414629140547,1.5749436984073513,1.483912568848795,0.09256002362381527,-0.0056990959166879525,0.016517865979306004,0.016517865979304748,1.4854162088467882,2.5254067266514047e-05,2.5254067266510198e-05,1.5369620545248777,1.5782353628804078,1.5251995574912576,0.06479830242277052,0.18152477138794113,isotropic,11,400,200
0.7455187440629881,1.4941603542625692,1.6365917257486036,1.5217291546966796,0.08729377061781424,0.073958705005493,-0.3158163548096791,-0.31581635480967596,1.485453676202993,0.008706678059576235,0.00870667805957606,1.5362863372099698,1.6170961519010238,1.5459705051818795,0.0614414787472346,-0.15761612788894036,isotropic,11,400,200
1.0358949358462421,1.5207980024781294,1.7044485254390422,1.573309112692164,0.07862830253284403,0.10138308123137428,-0.6678398047840343,-0.6678398047840325,1.4857289928837956,0.03506900959433373,0.03506900959433356,1.5508628318771924,1.6648002704472997,1.5795841288341381,0.0564948446562159,-0.5083879269289328,isotropic,11,400,200
1.4393713460023037,1.5618644959745374,1.7717848226424782,1.6330231820084649,0.06760295460008557,0.09887467362965503,-1.0525972785490862,-1.0525972785490867,1.4869630567100964,0.07490143926444096,0.07490143926444101,1.5782023060176773,1.7167348448872102,1.6223889977426058,0.05015915541967608,-0.8809297396501867,isotropic,11,400,200
2.0000000000000004,1.6127940809940409,1.8329227027415476,1.6951958458853216,0.05532509196494529,0.0824017648912807,-1.4894103554946019,-1.489410355494602,1.490064039053936,0.12273004194010499,0.12273004194010503,1.6149878767638193,1.7679818775589202,1.6701380979532152,0.04269355841630906,-1.2917691388387154,isotropic,11,400,200
2.7789909887462754,1.6686506777091692,1.8840386181294415,1.7548738227796146,0.04294165027938166,0.06205356218829941,-2.007914099934935,-2.007914099934934,1.4955220089814865,0.17312866872768262,0.17312866872768248,1.6574253238234928,1.814160170626912,1.7185101892873453,0.03456511587571409,-1.7672402917292558,isotropic,11,400,200
3.8613954577664997,1.7248253451246256,1.9235574008997172,1.8084281232060233,0.03152649961229619,0.043301847218598574,-2.6518255787835816,-2.6518255787835825,1.5031253597510077,0.22169998537361782,0.22169998537361796,1.7017080278461898,1.8522990072848011,1.7637774235317487,0.0264521880674935,-2.346474912668363,isotropic,11,400,200
5.36539159055945,1.7776076159806153,1.9519498040880063,1.8538361529188063,0.021885114231008907,0.028414901559959602,-3.483122643709264,-3.4831226437092617,1.5120942728743743,0.2655133431062411,0.2655133431062407,1.7445184773190137,1.8812958683890864,1.8033682814674012,0.019077782773297525,-3.0847297533315823,isotropic,11,400,200
7.455187440629877,1.824513004902599,1.9710368435882453,1.890574967634406,0.014399913222032901,0.017722414964854338,-4.587663947219301,-4.587663947219277,1.5214429201953434,0.3030700847072555,0.3030700847072523,1.7834170727989418,1.9017286237475683,1.8360836741862296,0.012978348174050858,-4.058035790147039,isotropic,11,400,200
10.358949358462416,1.8643154824427361,1.9831479660740605,1.9192191283879942,0.009025191740808475,0.010600234453391947,-6.0833772314226575,-6.083377231422631,1.5303158927772622,0.333999589665474,0.33399958966547105,1.8169976761182203,1.9151958610225304,1.861914715034733,0.008364107071284543,-5.370213285614301,isotropic,11,400,200
14.39371346002303,1.8968362715138225,1.9904714285991547,1.9409420524475731,0.0054235952178314905,0.006128478388325478,-8.132203669761582,-8.13220366976153,1.5381590779466754,0.35867719356714717,0.3586771935671427,1.8447973432397096,1.923586585294993,1.8816216134640178,0.005140701606666909,-7.1632771247705405,isotropic,11,400,200
20.0,1.9226102573348447,1.9947319220150033,1.9570973664034539,0.0031474465429402808,0.003448710906860925,-10.957170709051036,-10.957170709051056,1.5447291160084318,0.377881141326413,0.3778811413264143,1.867048510187925,1.9285816833699867,1.8962968647898337,0.00303646397824453,-9.632373316945458,isotropic,11,400,200
0.02,1.9746118769069732,1.8645110929764748,1.915873968556706,0.007375032770035524,-5.873790835026707,7.964426760097517,7.9644267600975205,1.506798107809951,0.4678137690970222,0.46781376909702266,2.055424537943926,1.943295665796442,1.9956254602858354,0.007469283168697327,8.005999546074243,isotropic,12,400,200
0.027789909887462754,1.931459310278807,1.7984146059423392,1.8588718966415791,0.012130122937987837,-5.224012163492126,5.984062487108533,5.984062487108533,1.497091691296042,0.434367618982765,0.434367618982765,2.0101628001477576,1.8766649906988262,1.9374184313613791,0.01199092812382574,6.066617032074175,isotropic,12,400,200
0.038613954577665,1.879073320964749,1.7250277066435173,1.7925190021794928,0.019063023249280532,-4.483059025263404,4.540429797174113,4.540429797174108,1.4860795128780646,0.3929938080866844,0.3929938080866833,1.9555878475989144,1.803717497423979,1.870500765714385,0.01830381359412314,4.648598580125863,isotropic,12,400,200
0.053653915905594526,1.8179480218307946,1.6487599515434495,1.7191470737523953,0.028413825869453815,-3.6828979361820395,3.477213823028843,3.477213823028845,1.4743959994442295,0.3435520223865652,0.34355202238656557,1.8924512891539842,1.7289537503683339,1.797510075697424,0.026384888127469974,3.598317832460864,isotropic,12,400,200
0.0745518744062988,1.7499541739333324,1.5758105071420125,1.6429170309024206,0.03993061927050387,-2.871480935477812,2.6805780873520915,2.680578087352086,1.4630327537918986,0.2869214201414339,0.2869214201414328,1.8229563355682987,1.6582540221177435,1.7227278540215498,0.03575464964294284,2.803229301577893,isotropic,12,400,200
0.10358949358462421,1.6784940997544129,1.5132302471903714,1.5694988981159423,0.05272655071289922,-2.1043678826256667,2.067178682557089,2.0671786825570857,1.4531815424263552,0.22531255732805774,0.2253125573280571,1.7508395201641207,1.59792927885218,1.6516332268970995,0.04550234522210195,2.180245716628108,isotropic,12,400,200
0.14393713460023042,1.608283608933,1.4675838888801234,1.5052308942610706,0.06540570929098187,-1.4319128271956598,1.5755920360631,1.5755920360630962,1.4459145724012252,0.1623690365317748,0.16236903653177404,1.681054782090755,1.5536519429661693,1.5900800489201565,0.0545466272166113,1.6678342514070912,isotropic,12,400,200
0.20000000000000004,1.5447476321123355,1.4437489340502436,1.4560129022926716,0.07647076157723637,-0.8873472981966424,1.1603746057902247,1.160374605790229,1.441782104977941,0.10296552713439458,0.1029655271343954,1.6191012069565227,1.5296804940816606,1.5433947340133272,0.06199223301152923,1.22122513201155,isotropic,12,400,200
0.27789909887462755,1.4931962394268565,1.4442829657284453,1.426343463586809,0.08479227798168364,-0.4811298497243971,0.7884300013084755,0.7884300013084757,1.4404875052838126,0.05270873414304384,0.05270873414304385,1.5701988667354316,1.5284640103833123,1.5156691592051281,0.06732455870848764,0.8099526915046666,isotropic,12,400,200
0.38613954577665,1.4580416680348485,1.469326469556675,1.4187791072780005,0.08980992303552267,-0.20335943928187228,0.43717397175942785,0.4371739717594303,1.4408770984073314,0.017164569627517078,0.017164569627517272,1.538534901522904,1.550357314078364,1.5092892518380432,0.07031371192518154,0.41593095975334193,isotropic,12,400,200
0.536539159055945,1.44223976052337,1.5166208717369523,1.4337646784996316,0.09133127526105933,-0.031591662530842154,0.0927949598810866,0.09279495988108824,1.4414533156269884,0.0007864448963817303,0.0007864448963817581,1.5266789486396117,1.5932519754323773,1.524573233646595,0.07078445677879897,0.029748268035695517,isotropic,12,400,200
0.7455187440629881,1.4469607678288412,1.5814100052966062,1.4695870082208795,0.08919675668368827,0.060699319962709795,-0.2536666268290005,-0.25366662682900193,1.4412212457507707,0.00573952207807044,0.0057395220780705036,1.5351750437971916,1.6523929385983938,1.559515014923843,0.0685379525478993,-0.3551312845191996,isotropic,12,400,200
1.0358949358462421,1.4714065566327807,1.6566110812091963,1.5223841015407478,0.08324943476048144,0.09842223017785566,-0.6123470394079612,-0.6123470394079601,1.4401906079321007,0.031215948700679993,0.031215948700679886,1.5623710106281865,1.7208932639563201,1.6098712999467573,0.06352167469099212,-0.7477808094582032,isotropic,12,400,200
1.4393713460023037,1.5127903542914996,1.7338427676464088,1.5864680536644675,0.07369701460897289,0.10237483131451781,-0.9997379101974836,-0.9997379101974858,1.43913196509221,0.07365838919928945,0.07365838919928978,1.6046262569019727,1.7910684768427205,1.6698175241673112,0.05605968541007078,-1.162890351390151,isotropic,12,400,200
2.0000000000000004,1.5666290813941455,1.8052548269545992,1.655210625167999,0.06146265801274632,0.08858154377385372,-1.4412253982813954,-1.441225398281399,1.4389631106882925,0.12766597070585292,0.1276659707058535,1.656957209537264,1.8560851631313018,1.7330660377374543,0.04691029719365725,-1.6224332983011023,isotropic,12,400,200
2.7789909887462754,1.6274445779992397,1.8653150217200904,1.7223277581748824,0.04810408336956534,0.06828606538119698,-1.9724558401142656,-1.9724558401142662,1.4402916951331792,0.1871528828660605,0.1871528828660606,1.7139648922235167,1.9112242234420047,1.7940402472948427,0.03710862107583601,-2.1578639343047055,isotropic,12,400,200
3.8613954577664997,1.6897354469887136,1.9116588597765773,1.7830381858199316,0.035317935125428024,0.0483259173279216,-2.641794841625448,-2.6417948416254466,1.4432487528348754,0.24648669415383806,0.2464866941538378,1.7707477856211535,1.9543676291079208,1.8487043191504504,0.02770677642817354,-2.8136269743031903,isotropic,12,400,200
5.36539159055945,1.7488928656375962,1.944760854943265,1.8346305728963173,0.024392574788226196,0.031959533917181024,-3.5149100905946575,-3.5149100905946655,1.4475325332494666,0.3013603323881296,0.301360332388131,1.8235439819236527,1.9857201078217401,1.8948667051946517,0.019530679356089653,-3.6518301268798723,isotropic,12,400,200
7.455187440629877,1.8017604620164174,1.9668599782693987,1.8763446603687284,0.015931119548359626,0.020008671531405335,-4.681667106062906,-4.6816671060628945,1.4525820739583317,0.34917838805808565,0.3491783880580838,1.8699954184084244,2.007032173329437,1.9319984644734158,0.013030662791029712,-4.758241929771539,isotropic,12,400,200
10.358949358462416,1.8467350889193654,1.9807919361427362,1.9088099546571269,0.009907115747848036,0.0119847802300629,-6.265684919573587,-6.265684919573599,1.4577935387817185,0.38894155013764703,0.38894155013764853,1.9090706702447724,2.0206959493879406,1.960749362693957,0.008267894244799123,-6.250526545098562,isotropic,12,400,200
14.39371346002303,1.883509319946453,1.989171584710076,1.9333848570032641,0.005911190650000701,0.006930183401987967,-8.437477322238832,-8.437477322238841,1.4626856070951264,0.4208237128513265,0.42082371285132747,1.9407690032951108,2.0290342944303257,1.9823912730652906,0.005020751594855266,-8.290047612160276,isotropic,12,400,200
20.0,1.912650288177658,1.9940265328911018,1.9516335080552278,0.0034098049583042513,0.0038983219877569736,-11.432683204542256,-11.432683204542203,1.4669674850243866,0.4456828031532714,0.4456828031532672,1.9657489431092074,2.0339226455280084,1.998366375465735,0.002938837705745545,-11.098752507754751,isotropic,12,400,200
0.02,1.824790960673382,1.7224304691326764,1.7696200185484163,0.007981392709226051,-5.517094212496603,6.912445501045348,6.912445501045382,1.4434248299932293,0.38136613068015285,0.3813661306801565,1.7243153255445234,1.6325023674134482,1.6748757417519953,0.007066209453980843,6.996620198496332,isotropic,13,400,200
0.027789909887462754,1.7845484396025264,1.6630418050820164,1.7173436751641455,0.012902894356251743,-4.836630612372007,5.208503036825891,5.208503036825896,1.434512219936051,0.3500362196664754,0.35003621966647613,1.6870229470070879,1.578857998816102,1.627314951915237,0.011251041992715649,5.306885809377309,isotropic,13,400,200
0.038613954577665,1.7364746785867382,1.598869888580701,1.6577513181743306,0.0198419308187777,-4.077456519200578,3.9675251935616354,3.9675251935616354,1.4241377628286784,0.3123369157580598,0.3123369157580598,1.64242220364831,1.521045607156056,1.573217401254555,0.017033008295256113,4.062981781851733,isotropic,13,400,200
0.053653915905594526,1.6814594709257882,1.5342990117798676,1.593469076364361,0.028820329976933602,-3.2799244221520936,3.0530668674456662,3.053066867445665,1.4128189126368238,0.2686405582889644,0.26864055828896427,1.5913559078375736,1.463107366905827,1.5150362855308714,0.024390703681657744,3.129045529100333,isotropic,13,400,200
0.0745518744062988,1.6216152786899611,1.474804669056106,1.5285209107141606,0.03937812631774571,-2.497438695329028,2.3641137017189067,2.364113701718899,1.4015296078055095,0.22008567088445175,0.22008567088445039,1.5359130309315847,1.4103210717190193,1.4566324995920494,0.03296910346650517,2.404691756937826,isotropic,13,400,200
0.10358949358462421,1.5602438215859977,1.4260628699447226,1.4678335093685466,0.050639672793627306,-1.7841637992362516,1.8248599787374689,1.824859978737471,1.3916079411977371,0.1686358803882607,0.16863588038826113,1.479517847744686,1.3685872858604957,1.4029846091388964,0.042135915327388584,1.8163421397432535,isotropic,13,400,200
0.14393713460023042,1.501509704980243,1.3931858524348355,1.416525987397414,0.06164358262025049,-1.1808449267641994,1.3786304100195341,1.378630410019533,1.3843485675640432,0.11716113741619978,0.1171611374161996,1.4267331694249927,1.3436543926775695,1.3596225614464617,0.0511424392096389,1.3122293151376054,isotropic,13,400,200
0.20000000000000004,1.449948045505037,1.38035685967263,1.3793123861925773,0.07168013279251241,-0.7063565931245969,0.9854286893820909,0.9854286893820904,1.38034164032512,0.06960640517991709,0.06960640517991701,1.382770361197832,1.3402416308022795,1.3318813801088516,0.05924923178240826,0.8588968929735527,isotropic,13,400,200
0.27789909887462755,1.4099846234882574,1.3905647772501755,1.3601284442345591,0.08029251226931465,-0.3588077791946397,0.6209318633158741,0.6209318633158757,1.3790273332064482,0.030957290281809068,0.030957290281809217,1.3527607704277567,1.3610691975011928,1.3240431207958405,0.06574372633726844,0.4368120158658674,isotropic,13,400,200
0.38613954577665,1.3855212932237388,1.4249512611774782,1.3617645632083137,0.0869434279845897,-0.12304738157622701,0.2732435396915322,0.2732435396915334,1.379029920222828,0.006491373000910825,0.006491373000910882,1.3408872171871278,1.4059837283755812,1.338466529878703,0.0699378858053028,0.03461196003498817,isotropic,13,400,200
0.536539159055945,1.3794905689652244,1.4818379724649313,1.3852879661385749,0.09075260915300587,0.021610341297552963,-0.0638813277927499,-0.06388132779275023,1.379120223536049,0.00037034542917556385,0.0003703454291755677,1.3495428485937293,1.4715668060089466,1.374928156434615,0.071253341733446,-0.35626831280209154,isotropic,13,400,200
0.7455187440629881,1.3933155876526544,1.5561523291249524,1.4294034131988138,0.09066109037997913,0.09681265785347037,-0.39805196909620183,-0.3980519690962029,1.3789507576336055,0.01436483001904897,0.014364830019049046,1.3787530497153302,1.5515167150795544,1.4304489754967316,0.06937181380142121,-0.7452007227226669,isotropic,13,400,200
1.0358949358462421,1.4264063823325324,1.6399503178317838,1.4901997793562989,0.08595714145171791,0.12316576675153387,-0.7421535424092627,-0.7421535424092648,1.3790618867490236,0.04734449558350883,0.0473444955835091,1.426070747307884,1.6377640888200666,1.4997400432244854,0.06435474967898003,-1.1447375101928767,isotropic,13,400,200
1.4393713460023037,1.4759666243122116,1.7240875837953746,1.5616333623028726,0.07678748350184111,0.1190335464556677,-1.1156341383242105,-1.1156341383242112,1.3803938868909547,0.09557273742125705,0.09557273742125713,1.4870092496436895,1.7220172830313898,1.5761711557529565,0.05668422116916627,-1.5729581225642235,isotropic,13,400,200
2.0000000000000004,1.5373235181547988,1.8004037688823316,1.6367095181293445,0.06430825077844217,0.09938599997454514,-1.5454626548147767,-1.545462654814769,1.383726166782716,0.1535973513720827,0.15359735137208114,1.555895181594537,1.797335972818387,1.6530026950510246,0.04722576431087511,-2.0562401662205767,isotropic,13,400,200
2.7789909887462754,1.6047654538261549,1.863502583218737,1.7089467341460136,0.050374568752864675,0.07497777484111923,-2.068132450542005,-2.068132450542006,1.389304767257642,0.215460686568513,0.2154606865685131,1.6269016986527913,1.8593080858897206,1.7245558677830115,0.03709804897648894,-2.632326276568047,isotropic,13,400,200
3.8613954577664997,1.672629112518578,1.9114335776268419,1.7735653481190905,0.03693199390723856,0.05227966765097717,-2.7330296829906433,-2.7330296829906473,1.3967673845330402,0.2758617279855377,0.27586172798553865,1.6949876353660174,1.9064669951535091,1.7870085880423505,0.027437454434825703,-3.3538443916113865,isotropic,13,400,200
5.36539159055945,1.7362649831487518,1.945173487769465,1.8280036073716053,0.02543125617500668,0.03419643195634403,-3.607317845078072,-3.607317845078066,1.4053346069067407,0.33093037624201094,0.3309303762420099,1.7565171992784372,1.939852541879468,1.838622182530727,0.019125376096451596,-4.292986597399411,isotropic,13,400,200
7.455187440629877,1.792589896757768,1.967399871398546,1.8717222492278713,0.01654526970057185,0.0212288029242139,-4.782778032767171,-4.782778032767161,1.414117419682569,0.3784724770751991,0.3784724770751975,1.8094576492428798,1.9620080319039825,1.8794273194327467,0.012611042281369222,-5.5482860677769485,isotropic,13,400,200
10.358949358462416,1.8401482160962612,1.9812478319169313,1.90557485547708,0.010246337059032587,0.012631906406101016,-6.385368644801932,-6.38536864480193,1.422375004459218,0.41777321163704306,0.4177732116370429,1.8532047627765484,1.9759155619156916,1.9106040312791897,0.007912262133860537,-7.254470027857262,isotropic,13,400,200
14.39371346002303,1.8788078645463502,1.9894940916900385,1.931106328188278,0.006089299859833017,0.007266847959309578,-8.588584048374006,-8.58858404837395,1.4296381139568202,0.44916975058953,0.4491697505895242,1.8881923180722846,1.984253060954143,1.9338441284131838,0.004757122200060415,-9.596518319483023,isotropic,13,400,200
20.0,1.909303559020124,1.9942329135444563,1.9500181388439548,0.0035001948766706257,0.004071457982383073,-11.63208942884873,-11.632089428848689,1.4357079254513232,0.47359563356880074,0.47359563356879764,1.9154576111563875,1.9890710364229431,1.9508836679394979,0.0027613117003348897,-12.829430585041866,isotropic,13,400,200
0.02,1.7485385683168608,1.6544293600560023,1.6977084134878195,0.007551101397224154,-5.083015482904142,6.7314888458161715,6.7314888458161874,1.4063759480540603,0.3421626202628005,0.34216262026280214,1.8322350138361516,1.7323986847389186,1.7787787766249106,0.00707614532524925,7.554428965795456,isotropic,14,400,200
0.027789909887462754,1.7114062387223763,1.5993764989282107,1.649293418519361,0.012195900611864886,-4.470170680980654,5.0929260724368515,5.092926072436848,1.3950702372778576,0.3163360014445187,0.31633600144451823,1.7918517925576405,1.6736985488015315,1.7271232694964025,0.011303802366366966,5.72626103706745,isotropic,14,400,200
0.038613954577665,1.666873858445788,1.5394790065189925,1.5937740431238767,0.018804778717027442,-3.7861864251631863,3.887299947630895,3.887299947630906,1.3827129501730941,0.284160908272694,0.28416090827269563,1.743410497979406,1.610052123335805,1.6681380925292186,0.017186436256773963,4.379756473394484,isotropic,14,400,200
0.053653915905594526,1.6156364835385812,1.4787806831761707,1.5334410996750374,0.02753496736467693,-3.0639099672862162,2.985127339173378,2.985127339173375,1.370272796013666,0.24536368752491514,0.24536368752491453,1.6877409402305297,1.5457499057409647,1.604383631597112,0.02472358277727027,3.371570754302346,isotropic,14,400,200
0.0745518744062988,1.55955941448631,1.4227585395620048,1.472076417754479,0.0381651185393572,-2.3469026749095363,2.292223896582834,2.2922238965828368,1.3590287988329288,0.2005306156533813,0.20053061565338176,1.6270105358747637,1.4863688740709438,1.5399277546336572,0.03352390067839339,2.597632718117215,isotropic,14,400,200
0.10358949358462421,1.5017817913281277,1.3776551021455856,1.4147052461323952,0.05002640120892287,-1.681184880484001,1.7406118187890205,1.7406118187890172,1.3502153276211195,0.1515664637070083,0.15156646370700771,1.564795753003239,1.437888357453845,1.479941428373263,0.04280125371055776,1.9825196057059662,isotropic,14,400,200
0.14393713460023042,1.4465514853906603,1.3494804274645213,1.3669834936917775,0.06206492547162669,-1.1055936596191687,1.282012200840516,1.2820122008405173,1.3445443492363156,0.10200713615434456,0.10200713615434473,1.505782987365059,1.4055948250265764,1.429913725730597,0.05155036093044174,1.4717503479138478,isotropic,14,400,200
0.20000000000000004,1.398766976128878,1.3428858033360962,1.3343186429015335,0.07301549366190684,-0.6444833322734438,0.8826665409641407,0.88266654096414,1.3418805887681935,0.056886387360684416,0.05688638736068432,1.455111996453424,1.393189690106276,1.3947305456798735,0.05884059519995288,1.0261869474358896,isotropic,14,400,200
0.27789909887462755,1.3632876370428724,1.360192955500466,1.32091842176152,0.08164374902029838,-0.3049251721429079,0.5189523483398406,0.5189523483398404,1.3413000332752982,0.02198760376757409,0.02198760376757408,1.4175467274176754,1.402397645019029,1.3779344453276492,0.06407548178140576,0.6182127857448495,isotropic,14,400,200
0.38613954577665,1.3441556427042438,1.4008778744440555,1.3290186829951938,0.08699615115791169,-0.0784014995335677,0.1739957401284809,0.17399574012848076,1.3415218761963728,0.002633766507871158,0.002633766507871154,1.3967426909021585,1.433052502837295,1.3813614748107312,0.06707224411799118,0.2293231170910158,isotropic,14,400,200
0.536539159055945,1.3439190688932778,1.4616438908156362,1.3585008872483952,0.08856118521212367,0.05435509453130839,-0.16465247523721274,-0.16465247523721155,1.3415181364076483,0.0024009324856295025,0.002400932485629468,1.3948047815489146,1.4833620524928852,1.4051179365149775,0.06793096101184481,-0.151818181466101,isotropic,14,400,200
0.7455187440629881,1.3632176085511543,1.5369716514350955,1.4069559570091448,0.08627734596795975,0.11733668350073098,-0.506950555412696,-0.5069505554126975,1.341044428507542,0.022173180043612326,0.022173180043612465,1.412153474640953,1.5500532276708527,1.4477017268261014,0.06680324865960285,-0.5321335847944343,isotropic,14,400,200
1.0358949358462421,1.4006984436422927,1.6199400206011498,1.4701006663095968,0.08043713162424913,0.13399471368321325,-0.8628132463935554,-0.8628132463935526,1.3408172865957877,0.05988115704650506,0.05988115704650467,1.4475844470362695,1.6283565129442998,1.5061071921557359,0.06372657566909767,-0.9183412807766038,isotropic,14,400,200
1.4393713460023037,1.4532369853659732,1.7031962176530833,1.5424150279841407,0.07160314705077513,0.12391248841495939,-1.2454486470396282,-1.2454486470396289,1.3421703128415343,0.1110666725244389,0.11106667252443904,1.4984095456338065,1.7120988948433615,1.575933144071096,0.05864215233497605,-1.3219773720865284,isotropic,14,400,200
2.0000000000000004,1.5163973111014384,1.7800349770270079,1.617916414014996,0.06059946009845406,0.10151910291355765,-1.6752476465734623,-1.6752476465734636,1.3463276728632518,0.17006963823818647,0.17006963823818674,1.5606754786491777,1.7943016233839075,1.6516881680391382,0.05160076595480856,-1.7637856280984,isotropic,14,400,200
2.7789909887462754,1.5850672611979262,1.8454704639460928,1.6910096444253453,0.04851843629332777,0.07624521537237122,-2.1835490036596306,-2.1835490036596346,1.3537368758563684,0.23133038534155775,0.23133038534155861,1.629553155049179,1.868424355286456,1.7274814983179325,0.04301451369976972,-2.27663490402956,isotropic,14,400,200
3.8613954577664997,1.6541904686493925,1.896987522389722,1.7572841711451386,0.03660964874883693,0.05339712216649138,-2.816025447363008,-2.8160254473630144,1.3638759789585,0.2903144896908924,0.2903144896908937,1.6999596569205804,1.929832224625291,1.7980314686336538,0.033728944278563766,-2.9076454603235953,isotropic,14,400,200
5.36539159055945,1.7194658882475173,1.9346143345652036,1.8140366811576718,0.026006860497377274,0.035252149377709596,-3.6363786747612883,-3.636378674761282,1.3755706736537656,0.34389521459375166,0.3438952145937506,1.7673136821408713,1.9766971921902075,1.8596045002643908,0.02480187380229726,-3.721122801413948,isotropic,14,400,200
7.455187440629877,1.7778440209899222,1.960266233774917,1.8603378724240631,0.017434509916713026,0.022130590837879972,-4.7316415447422955,-4.731641544742285,1.3875126863583422,0.3903313346315799,0.390331334631578,1.8281789252281389,2.0098437130575775,1.9104482082137484,0.017126221858219548,-4.803702980533635,isotropic,14,400,200
10.358949358462416,1.827694997169154,1.9767296911591459,1.8966681896312885,0.011088309065722423,0.013316638604047087,-6.220352630262897,-6.220352630262925,1.3986574180196873,0.4290375791494667,0.4290375791494706,1.8805706327854057,2.0317642829164577,1.9505863865434792,0.01116214261490489,-6.27260877894365,isotropic,14,400,200
14.39371346002303,1.8686534263420682,1.9867749609357996,1.9243449473773588,0.00673849252314985,0.007738311755332348,-8.264685438763106,-8.264685438763136,1.4083805233791327,0.4602729029629356,0.46027290296293893,1.9238749824855117,2.0454617751742425,1.981209412894094,0.006917931871566196,-8.287799225695757,isotropic,14,400,200
20.0,1.9012646284421773,1.9926595590691862,1.9449902921599622,0.003943603191439375,0.004372566371778485,-11.087744277290115,-11.087744277290085,1.416445650784595,0.4848189776575823,0.48481897765757975,1.958506174712414,2.0536360707654637,2.0040154372367827,0.004111371004312581,-11.069120854486796,isotropic,14,400,200
0.02,1.8730099154846676,1.7746451039185622,1.8205170238195127,0.006620971764203579,-5.249289166515431,7.928276019686221,7.9282760196861455,1.456831781291834,0.41617813419283356,0.4161781341928257,1.7985264712608273,1.6997852406564742,1.7457353064095877,0.006841099098125802,7.716766574204769,isotropic,15,400,200
0.027789909887462754,1.8344682499890568,1.715728512612337,1.7696715075051168,0.010853747591159847,-4.663328722283656,5.969987964038851,5.969987964038837,1.4476324772510103,0.3868357727380465,0.38683577273804465,1.7586540970854303,1.641886029438387,1.694771423630945,0.010997279261927506,5.808952553896362,isotropic,15,400,200
0.038613954577665,1.787727331593442,1.6503475411409951,1.7105301960523647,0.01701448062970784,-3.9984060884418997,4.537143226475495,4.537143226475489,1.437472870969932,0.3502544606235101,0.35025446062350934,1.710872233214259,1.5793331078615584,1.6366828607247166,0.016839619626384472,4.405644197170688,isotropic,15,400,200
0.053653915905594526,1.7332220068933792,1.5823841973253656,1.6451290990702687,0.02534800607820803,-3.283745700057107,3.4753387525358455,3.4753387525358574,1.427069310512155,0.30615269638122417,0.3061526963812262,1.6560666169556644,1.5165873565680021,1.5741198021135483,0.024414369296569927,3.3564993568614985,isotropic,15,400,200
0.0745518744062988,1.6725848853533063,1.5173403598211839,1.5770945853589444,0.035736074456601104,-2.5617142628487373,2.6720981933907706,2.6720981933907657,1.4174254272520292,0.25515945810127705,0.2551594581012761,1.59649373060088,1.4594769488773265,1.5112919813128625,0.03338671685248151,2.551965491679807,isotropic,15,400,200
0.10358949358462421,1.608791445368579,1.4616431265977246,1.5114153247370783,0.047603922492147496,-1.880038549507006,2.0455482559775064,2.045548255977515,1.4096038916369575,0.1991875537316215,0.19918755373162322,1.535867954985997,1.4143234474637043,1.4535832251112732,0.043024952227154856,1.912488581981282,isotropic,15,400,200
0.14393713460023042,1.5460184181593624,1.4216294883188463,1.4538293911520332,0.05998912417414247,-1.2809623765732758,1.5367623427825605,1.536762342782564,1.4043457930367345,0.14167262512262782,0.14167262512262846,1.4790785047719768,1.3868263190742884,1.4067765532394734,0.052351717367318695,1.3810807967426668,isotropic,15,400,200
0.20000000000000004,1.4892080752235155,1.4025031969709207,1.4099931651575355,0.07172494187936543,-0.7921491006598002,1.1044262705602748,1.1044262705602748,1.4017210475265776,0.08748702769693789,0.0874870276969379,1.431534359345324,1.381051363426682,1.3760966131228811,0.0603924965262439,0.9179575180892235,isotropic,15,400,200
0.27789909887462755,1.4434310130832926,1.4074566384692546,1.3846351300387207,0.0816173914751057,-0.42314554658629683,0.7203842463221248,0.7203842463221245,1.401075385189385,0.042355627893907684,0.04235562789390764,1.3982889060129629,1.3987850180396801,1.3653398587731693,0.06639420650630434,0.49626389068547583,isotropic,15,400,200
0.38613954577665,1.413174749693162,1.4370423936851395,1.380822111236486,0.08857292090532917,-0.16756967169267406,0.36526557017641886,0.3652655701764172,1.4013574447605726,0.011817304932589262,0.011817304932589156,1.3831874412628673,1.4393426541215186,1.3763029871813248,0.06992412102173651,0.09845606896370407,isotropic,15,400,200
0.536539159055945,1.4016698088074557,1.4888931818188085,1.399418710252339,0.0917255701215862,-0.008391180837863495,0.024541668720432144,0.024541668720433042,1.401614563092459,5.524571499671842e-05,5.524571499672246e-05,1.3882593031999257,1.4997333114243252,1.4085819430526223,0.07082872851900612,-0.2869265095905709,isotropic,15,400,200
0.7455187440629881,1.4103532181257483,1.557891537219844,1.4388355795498722,0.09057359624584772,0.07640951123213481,-0.314466495807597,-0.31446649580759817,1.4013964697363785,0.008956748389369709,0.008956748389369775,1.4134581012637704,1.574990627586295,1.459671122013427,0.06910648482321147,-0.6687219132600809,isotropic,15,400,200
1.0358949358462421,1.4385671883705748,1.6368228544387122,1.4951538091218297,0.08508242456562755,0.1092516601696257,-0.6650800214045064,-0.6650800214045071,1.4009325574301217,0.03763463094045327,0.037634630940453356,1.4567221056043878,1.6586066756009412,1.5252548477028367,0.06481908579965534,-1.057292636157688,isotropic,15,400,200
1.4393713460023037,1.4835734930238387,1.71750595655521,1.5626643501660307,0.07575074924698727,0.10989638964518546,-1.0440933974700926,-1.044093397470094,1.4009952512814257,0.08257824174241297,0.08257824174241321,1.51428015424422,1.7432367144079413,1.5996847137372148,0.05814744117773163,-1.4687586893454174,isotropic,15,400,200
2.0000000000000004,1.5409279918230174,1.7923040097670602,1.6347970875063118,0.06363782657745364,0.09386909568329461,-1.4750518792317058,-1.47505187923171,1.4024662058335933,0.13846178598942419,0.13846178598942493,1.5811686773048559,1.8218306794307209,1.676722954286911,0.04955344816175433,-1.9283073232390033,isotropic,15,400,200
2.7789909887462754,1.6051959292617828,1.855638965614163,1.7052884112335724,0.050258072408800585,0.07203512525022325,-1.991570252787146,-1.9915702527871497,1.4058547196391329,0.19934120962264998,0.19934120962265076,1.651944092594359,1.888978644337284,1.7505263634845243,0.03987000996259438,-2.472592080680547,isotropic,15,400,200
3.8613954577664997,1.6708773909405572,1.9048988495908388,1.7692602815598597,0.037255677411676714,0.05095716908322508,-2.64074893960906,-2.6407489396090584,1.41107287686196,0.2598045140785972,0.25980451407859684,1.7214962956572162,1.9418925575639217,1.8166084662524284,0.03017192071628072,-3.1523405980544648,isotropic,15,400,200
5.36539159055945,1.733295079885222,1.9403346181313958,1.8238341122871726,0.025961473442272728,0.033749272862490194,-3.48743813032303,-3.4874381303230293,1.417545806004107,0.31574927388111484,0.3157492738811147,1.7857618129737705,1.9805264729936043,1.8724107249761557,0.021466836015063162,-4.036408157288953,isotropic,15,400,200
7.455187440629877,1.7891802322758084,1.964120900750452,1.8681091104396055,0.017082912147049635,0.0211742169576164,-4.620340928079339,-4.62034092807933,1.424501906088229,0.36467832618757945,0.36467832618757806,1.8421297799316405,2.00684586095314,1.9172863415561285,0.01440295777252354,-5.218133859134398,isotropic,15,400,200
10.358949358462416,1.8368247838202705,1.9791728303464668,1.9026561369561876,0.010685340254362038,0.01271004439888262,-6.16090377740129,-6.160903777401273,1.4312441516137602,0.40558063220651025,0.4055806322065081,1.889461644554825,2.023726903586316,1.952011665453417,0.009165217234306855,-6.824717767131309,isotropic,15,400,200
14.39371346002303,1.8758604721636627,1.988247847135172,1.9288526106192774,0.006403098060280599,0.007363233762127386,-8.276015447011979,-8.276015447011947,1.437296715734798,0.43856375642886464,0.4385637564288613,1.9278085670364744,2.034022771036372,1.9781295220001818,0.00557229407248272,-9.030563410535692,isotropic,15,400,200
20.0,1.90684559195062,1.9935133419309576,1.9483269362056128,0.0037050614703517913,0.004148134425499302,-11.195858580736106,-11.195858580736154,1.4424263279328902,0.46441926401772987,0.464419264017734,1.957996505064704,2.04005300162645,1.997393537300204,0.003262432090745726,-12.075970055362841,isotropic,15,400,200
0.02,1.874385957745262,1.7710092709806262,1.8190036506732588,0.007387927379370601,-5.538230707200319,7.496325319418798,7.496325319418797,1.4592221669935777,0.41516379075168436,0.4151637907516842,1.7556654703338666,1.6622403336912819,1.7053775306932937,0.007150742638561081,7.0325478320797385,isotropic,16,400,200
0.027789909887462754,1.8337944010659801,1.70965016790388,1.7656752340672344,0.012094100835391594,-4.902438854577036,5.632429225280238,5.632429225280256,1.4501180140604992,0.3836763870054808,0.3836763870054832,1.717722552004854,1.6076582777190769,1.6569533455388132,0.011474138646304421,5.296188963658136,isotropic,16,400,200
0.038613954577665,1.7847726902939103,1.6421587750411457,1.704007327494999,0.018916810345058686,-4.183221515758857,4.26950216900643,4.26950216900645,1.439944798643367,0.3448278916505432,0.3448278916505464,1.6723318822370659,1.549011234428486,1.6019128396032236,0.017517437459104723,4.01993971996411,isotropic,16,400,200
0.053653915905594526,1.7279265923889655,1.5728650372578534,1.6363538855624506,0.028083858521917002,-3.41345846918757,3.2606882261228582,3.2606882261228507,1.4293365454055482,0.2985900469834173,0.29859004698341596,1.6204055495252856,1.490635406024456,1.5428799928171604,0.025280969915420837,3.0665578483536082,isotropic,16,400,200
0.0745518744062988,1.6651546551279852,1.507706269495047,1.566740139309299,0.039380646004434514,-2.6401620778128025,2.4990579333717404,2.4990579333717475,1.4192110786123588,0.24594357651562643,0.24594357651562773,1.5641777015675806,1.438078787889035,1.4839546576813651,0.034347174093885435,2.3356519423383064,isotropic,16,400,200
0.10358949358462421,1.5997643240252866,1.453364620708164,1.5005431992088671,0.052042546315716955,-1.9156600034030322,1.9065386273471874,1.9065386273471945,1.4105954169139463,0.18916890711134024,0.18916890711134166,1.5072623366624132,1.3972138862546348,1.4302936709767968,0.04388888096345456,1.7537167500284796,isotropic,16,400,200
0.14393713460023042,1.5362590425782887,1.4161024475667816,1.4437477681297917,0.06486595388548656,-1.285439990249031,1.4261915366544233,1.42619153665442,1.4043202459147275,0.13193879666356112,0.13193879666356045,1.4543438425737834,1.3731893838869014,1.3873296537378756,0.05287391898493343,1.2674337390236494,isotropic,16,400,200
0.20000000000000004,1.4798043779021504,1.400703833673752,1.4020031173198937,0.07650197693611512,-0.7780126058225673,1.0169836610526621,1.016983661052663,1.4006817670806948,0.07912261082145557,0.0791226108214557,1.4105208212371478,1.3695695030895885,1.3598654674512392,0.060359389424258225,0.839229062273292,isotropic,16,400,200
0.27789909887462755,1.4355085637577594,1.4097526346257103,1.3797577077903846,0.08574578280270036,-0.40123092297270385,0.6501877310474444,0.6501877310474448,1.3992600412123792,0.036248522545380246,0.03624852254538028,1.380474309477764,1.387836817996009,1.3513061027950544,0.06569892188366433,0.4439678132673012,isotropic,16,400,200
0.38613954577665,1.407688477070127,1.4431957499671975,1.379609198768327,0.09166582950067059,-0.14543591097525943,0.30632219721084397,0.3063221972108437,1.3990871708446249,0.008601306225502155,0.00860130622550214,1.3676933423778805,1.4272501797024169,1.3631805979365852,0.06858232620712679,0.06580039918252877,isotropic,16,400,200
0.536539159055945,1.399235274639887,1.4981310449245697,1.4018746036466359,0.09361711227118531,0.0098383462314013,-0.028192805169030607,-0.02819280516902898,1.3991608645514229,7.441008846423975e-05,7.441008846423117e-05,1.3739442161749176,1.4849940496253073,1.3949891292342242,0.06896000733177621,-0.30517562096617334,isotropic,16,400,200
0.7455187440629881,1.411144352637758,1.5689864120140569,1.444421257132913,0.09128825038598959,0.0892718117690764,-0.36452560274133605,-0.36452560274133394,1.3990140689692958,0.012130283668462201,0.012130283668462057,1.3990680166196676,1.556532276632722,1.4443350800830856,0.06693013308621865,-0.676333086101973,isotropic,16,400,200
1.0358949358462421,1.4422888965720453,1.6482930086830145,1.502885589299951,0.08481072665515771,0.11699389702760395,-0.7144932618522807,-0.714493261852281,1.3989929679274236,0.04329592864462179,0.04329592864462183,1.441084913746486,1.6360575142966183,1.5072495894166456,0.06264324920981323,-1.056213981630356,isotropic,16,400,200
1.4393713460023037,1.4895294822159975,1.727984997315901,1.5713427261617072,0.07482902720848365,0.1136791338426141,-1.0933356612771026,-1.0933356612771021,1.40008014504539,0.08944933717060749,0.08944933717060745,1.496516220749981,1.7170427287853234,1.5786322085149307,0.05629453250544314,-1.458684957673464,isotropic,16,400,200
2.0000000000000004,1.5481917223266626,1.8009001473496564,1.6433137874913295,0.06246429469365971,0.09512206516466722,-1.5228230084269576,-1.5228230084269627,1.4033376528848194,0.1448540694418432,0.14485406944184415,1.5608467278539073,1.793058823518203,1.652832697459623,0.04824015645286428,-1.9068339816765663,isotropic,16,400,200
2.7789909887462754,1.612835883841946,1.8620634292936034,1.7128688593059918,0.049161594523565715,0.07199229926914952,-2.0347789048236553,-2.034778904823658,1.4092908955809638,0.2035449882609824,0.20354498826098294,1.6291055555529417,1.8588810880393825,1.7244267732247356,0.03913309714285296,-2.4358209452175403,isotropic,16,400,200
3.8613954577664997,1.6781472718542152,1.9093377678039145,1.7755372236251104,0.03641059240790858,0.05044287892089019,-2.6747697669907047,-2.6747697669907127,1.417651573248742,0.2604956986054732,0.2604956986054747,1.6965372974677806,1.9114929404455008,1.7890679104269671,0.029894417059347145,-3.0952472756198066,isotropic,16,400,200
5.36539159055945,1.7397243519239,1.943210247627639,1.8287694315925047,0.025395736366529628,0.0331923879797635,-3.506300364102134,-3.5063003641021417,1.427505556660368,0.312218795263532,0.31221879526353336,1.759242206883328,1.95042903372986,1.8441010327071605,0.021469175198867152,-3.952589004365208,isotropic,16,400,200
7.455187440629877,1.7945633062612414,1.9658897888428855,1.87185533697226,0.016742421159607362,0.020735100579708027,-4.616538430982294,-4.6165384309822795,1.4377416760751607,0.3568216301860808,0.3568216301860785,1.8146008211666365,1.9772725470010244,1.888673262321905,0.014526843523850808,-5.099004545182377,isotropic,16,400,200
10.358949358462416,1.8411514227475085,1.9802172412699166,1.9054363678012767,0.010495928414871611,0.012411479741669484,-6.124750714065773,-6.124750714065779,1.4474221596257633,0.3937292631217454,0.39372926312174605,1.8613651967741176,1.9946624931189065,1.9233585280609464,0.009310633771131283,-6.658336350748373,isotropic,16,400,200
14.39371346002303,1.879234333532432,1.988845049977312,1.930887996484699,0.0063033905403461765,0.007177253194004382,-8.194583949962627,-8.194583949962635,1.4559540561470055,0.42328027738542656,0.42328027738542734,1.8994488082233703,2.005354349365886,1.949554690703639,0.005693776181978638,-8.80011452484886,isotropic,16,400,200
20.0,1.9094187164585499,1.9938464579443922,1.9498053835411207,0.0036544073207013666,0.0040386667082570465,-11.051495779846352,-11.051495779846269,1.4630856356334594,0.4463330808250905,0.4463330808250837,1.9295569154862993,2.0116560216260337,1.9689320415034177,0.0033488541054973453,-11.757790807453159,isotropic,16,400,200
0.02,1.8863921175522038,1.7699458629612266,1.822454688851022,0.011428602811386487,-6.393742870118193,5.594509648850512,5.594509648850525,1.5286935557607506,0.35769856179145326,0.35769856179145476,1.9872757698102896,1.883687694284485,1.9312037887992008,0.008555886496373066,6.553614407444315,isotropic,17,400,200
0.027789909887462754,1.8400506191062296,1.7043892594640786,1.7631508630185921,0.018138152533123984,-5.534365271355585,4.239668618245586,4.239668618245592,1.5140211364707332,0.3260294826354964,0.32602948263549725,1.9450010063311187,1.8230658843511558,1.8773173266027676,0.013432237476739495,5.038898384990469,isotropic,17,400,200
0.038613954577665,1.7854570644959833,1.6353241366393743,1.6967364564056857,0.027308288323986137,-4.595261431296914,3.2488527672519907,3.248852767251985,1.4972168713895406,0.2882401931064426,0.28824019310644167,1.8944319892370545,1.7573607943670395,1.8159024956813725,0.019987792241348945,3.9288728143385043,isotropic,17,400,200
0.053653915905594526,1.7240030235455461,1.567947302345679,1.6266002704764928,0.038749784938239704,-3.6307789068159058,2.5136333846573877,2.5136333846573926,1.4791682116736338,0.24483481187191225,0.2448348118719132,1.8363885689787862,1.6904874230430624,1.7494223257236785,0.028031340574491637,3.1024646510929452,isotropic,17,400,200
0.0745518744062988,1.6584419888077444,1.508301571769628,1.5575575718304702,0.051628416916431843,-2.7064220123417946,1.9540482355012057,1.9540482355012005,1.4613089718237338,0.1971330169840106,0.19713301698400953,1.7729278650443878,1.627310861142422,1.6816459175249576,0.036946891136894866,2.470625936596781,isotropic,17,400,200
0.10358949358462421,1.592762166724595,1.4622172543157657,1.4952011841654282,0.06457705270950434,-1.883607674546017,1.5107685852130555,1.5107685852130555,1.4453700991316871,0.147392067592908,0.147392067592908,1.7073520071779595,1.5729062219955834,1.6172275248921686,0.04580317938920597,1.9676468639866906,isotropic,17,400,200
0.14393713460023042,1.5317306407091138,1.4343601044675092,1.445006443765289,0.07607785764604508,-1.205028809065734,1.1399400512473974,1.139940051247399,1.4328702552005808,0.09886038550853306,0.09886038550853335,1.6439053174847083,1.5317984172062376,1.5610377136588975,0.05362830737315072,1.5452213184579977,isotropic,17,400,200
0.20000000000000004,1.4802273969501636,1.4276313385603818,1.4114826856044607,0.08489336430162375,-0.6874471134570269,0.8097772059245395,0.8097772059245368,1.4245594966745512,0.0556679002756123,0.05566790027561194,1.5872134974594956,1.5074118818322098,1.5174638833843224,0.059697612523060606,1.1683819691822621,isotropic,17,400,200
0.27789909887462755,1.4425531646864396,1.4429103631487132,1.3975748529432306,0.09031382194869184,-0.32370246557366983,0.4980224596049274,0.4980224596049275,1.4201529552432095,0.02240020944323013,0.02240020944323014,1.5416235393018685,1.5017913974716668,1.4898714402264257,0.06367205632068407,0.8127913886555432,isotropic,17,400,200
0.38613954577665,1.4218655933747057,1.4790467810897767,1.4043761681151303,0.09216003823422175,-0.09058603528627747,0.18977233077016106,0.18977233077016067,1.4185465843793656,0.0033190089953401562,0.0033190089953401437,1.510620047963528,1.5154709946344738,1.4802823578442987,0.06552632690940419,0.46298475055947563,isotropic,17,400,200
0.536539159055945,1.419823585019218,1.5330001186008753,1.4311081159324301,0.09060747175523313,0.042064146568788915,-0.12454305030931824,-0.12454305030931688,1.4184181751179767,0.0014054099012412355,0.0014054099012412048,1.4964119942373066,1.5473041599697375,1.4891882416762385,0.06533967085456727,0.11055691690193395,isotropic,17,400,200
0.7455187440629881,1.436440577506207,1.600025032648426,1.4752590281910398,0.0859475537725534,0.10413809443147426,-0.4516527694035329,-0.4516527694035325,1.4189081167504478,0.017532460755759205,0.017532460755759177,1.4996798311002717,1.5942435672663011,1.51540150688095,0.06312038460467262,-0.24907446111338447,isotropic,17,400,200
1.0358949358462421,1.470097213878328,1.6739661472270413,1.5328018465196878,0.0784596680659931,0.12106369183113241,-0.7991957420546112,-0.7991957420546142,1.4199839384642545,0.050113275414073365,0.050113275414073746,1.5194523835964286,1.6513596633049177,1.5559981464262451,0.058815754048856306,-0.6213601002115712,isotropic,17,400,200
1.4393713460023037,1.5176857277062652,1.7479457602665063,1.5985559135602498,0.06851966085227156,0.11236875887323015,-1.1802479003557946,-1.1802479003557969,1.422238860650717,0.09544686705554827,0.09544686705554861,1.5531579471292216,1.7124477540599292,1.606553191077432,0.05249931903428706,-1.017065457807904,isotropic,17,400,200
2.0000000000000004,1.574931488301513,1.8155713804121365,1.666834757256447,0.05683335420075492,0.09190326895493427,-1.617065722186659,-1.6170657221866649,1.426317862317588,0.14861362598392502,0.1486136259839261,1.596944834349106,1.7712245859384377,1.6618013994324299,0.04456662142268364,-1.4552721972842453,isotropic,17,400,200
2.7789909887462754,1.636948510008567,1.872268661320643,1.7323546991689014,0.044507772991406944,0.06866246745433038,-2.1435848785054765,-2.1435848785054743,1.4324372456086412,0.2045112643999259,0.20451126439992542,1.6462888863323524,1.8226706112899798,1.7165952316340434,0.03576903435424539,-1.965564532869376,isotropic,17,400,200
3.8613954577664997,1.6989713301328733,1.9160591676818526,1.7911085651529906,0.03281336750874486,0.04772224758010726,-2.807917687679036,-2.8079176876790353,1.4402575582260457,0.2587137719068276,0.2587137719068275,1.6967507432272262,1.863938898089454,1.766821113109209,0.02704741509826203,-2.5906494068812282,isotropic,17,400,200
5.36539159055945,1.7570608545577144,1.947414669564278,1.8408429520997602,0.022789619922472013,0.031230562067254358,-3.676327109757163,-3.676327109757161,1.4490504580515724,0.3080103965061419,0.30801039650614154,1.7446522890880902,1.8944924715357236,1.809942936242181,0.019258888139451535,-3.3901566217804624,isotropic,17,400,200
7.455187440629877,1.8085548301898298,1.9684030940669832,1.880994773869436,0.014968376517940548,0.019433433231958064,-4.83953243645243,-4.839532436452454,1.4579793730575887,0.35057545713224114,0.3505754571322447,1.787479329430306,1.9155412962877594,1.845037455131812,0.012945715454441231,-4.44611392117072,isotropic,17,400,200
10.358949358462416,1.8521547056669938,1.9816645451451091,1.912232126377262,0.009354998057579516,0.011599133972247782,-6.42195972040772,-6.421959720407696,1.4663399297596633,0.38581477590733043,0.38581477590732755,1.8239472121279179,1.9291632402583465,1.872426413006545,0.008257626373174176,-5.870839716860687,isotropic,17,400,200
14.39371346002303,1.8877070810032008,1.9896545695101704,1.9358784788645704,0.005604692784230538,0.006693394028602887,-8.594832886631268,-8.594832886631265,1.4736819664693024,0.4140251145338985,0.4140251145338981,1.85380008977938,1.9375299148279856,1.893148572532056,0.005032859543253387,-7.818315296603725,isotropic,17,400,200
20.0,1.9158345705243822,1.99428948329384,1.9534403200451154,0.0032434137279917052,0.003760574952073307,-11.594496624400216,-11.594496624400191,1.4798148346482018,0.4360197358761805,0.43601973587617876,1.8774831332823412,1.9424566866698214,1.9084932887743162,0.002953242403530343,-10.500375944387473,isotropic,17,400,200
0.02,1.6653997760912165,1.5966753003495244,1.6286238298770188,0.0048274166867034694,-3.6775946214197788,7.618142083216583,7.6181420832166085,1.3852353925867278,0.2801643835044888,0.2801643835044907,1.9695084531342375,1.8572351959121574,1.9104272663486646,0.005889116349065748,10.032266860366175,isotropic,18,400,200
0.027789909887462754,1.6383966100677436,1.555604568054898,1.5930033833212898,0.0079944114800618,-3.266885494071537,5.6781198790761955,5.678119879076167,1.3806484269032908,0.25774818316445286,0.25774818316445025,1.9245922649642302,1.789123797358861,1.8520941018074555,0.009527858708180403,7.60907202523159,isotropic,18,400,200
0.038613954577665,1.6056713222573968,1.5103391158030002,1.5516681774376533,0.01267408318509023,-2.797079211927176,4.2609113441256845,4.26091134412568,1.3755687098764893,0.2301026123809075,0.23010261238090696,1.8698927741329756,1.7130698219760276,1.7841361898980574,0.01469021631288836,5.837666539986904,isotropic,18,400,200
0.053653915905594526,1.567608820910523,1.4639461088231238,1.5062271390112576,0.01910065171113148,-2.2880597199007044,3.213590972055335,3.213590972055328,1.3703532021094713,0.19725561880105166,0.19725561880105083,1.8058033730100622,1.6331254895089136,1.7087415371527128,0.021445788213550365,4.525915992960408,isotropic,18,400,200
0.0745518744062988,1.525515222064446,1.4207527851694124,1.4595267538377423,0.027214499558373306,-1.770269862487267,2.424754057489195,2.4247540574891846,1.3655094159842496,0.1600058060801963,0.16000580608019496,1.7341271454060596,1.555041664671439,1.6298231827447607,0.029522444587977148,3.5330394930701687,isotropic,18,400,200
0.10358949358462421,1.4817347486654215,1.3857459397160137,1.415463194342034,0.036554299697367364,-1.2795033942172758,1.8129619462566389,1.8129619462566415,1.3615869425578402,0.12014780610758138,0.12014780610758172,1.6582711772403065,1.4855301862880381,1.5527520783723145,0.03829720678371551,2.7552687971191694,isotropic,18,400,200
0.14393713460023042,1.4395252572631239,1.3636921389430166,1.378452684556918,0.0463120270923041,-0.8486006460504866,1.3187194890969163,1.3187194890969136,1.358987665386162,0.080537591876962,0.08053759187696169,1.5830836140448006,1.4312661409057512,1.4836918741943377,0.04696600656187666,2.1162484768534986,isotropic,18,400,200
0.20000000000000004,1.4026816888071396,1.3583308619353223,1.352725819622332,0.055560911497797634,-0.4995586918480743,0.8991189640002188,0.899118964000215,1.3577654194599649,0.044916269347174714,0.044916269347174326,1.5143189279475575,1.397997694830069,1.428754551019577,0.054807520738472615,1.5611794836747273,isotropic,18,400,200
0.27789909887462755,1.3750129410380296,1.3719158463015353,1.3417034226825377,0.06352194197448956,-0.23972383135016467,0.5243781490318576,0.5243781490318588,1.3575461574576342,0.017466783580395526,0.01746678358039561,1.4578757686052868,1.3899512427748013,1.3932342029335627,0.06135860551296268,1.0535044779997131,isotropic,18,400,200
0.38613954577665,1.359833045850149,1.4050849400964012,1.3476176043548591,0.06968277723683194,-0.06326956992048437,0.17530072680331263,0.17530072680331185,1.3576916700778014,0.002141375772347676,0.002141375772347657,1.4190148941924534,1.4094225826272389,1.381027784356067,0.06638190810755829,0.5722509478762812,isotropic,18,400,200
0.536539159055945,1.3595753118683729,1.456797950845387,1.3713385464721974,0.0736961697693653,0.04384855943980753,-0.15961799155421516,-0.15961799155421405,1.3576976879867293,0.0018776238816435196,0.0018776238816434938,1.4016931755063216,1.4563373288920616,1.3941764217485089,0.06967766090136518,0.10787896236145629,isotropic,18,400,200
0.7455187440629881,1.37552693365047,1.5241427897114588,1.4122448154808616,0.07518009240020596,0.09850290719796886,-0.48839899843340573,-0.4883989984334047,1.3575939569399107,0.017932976710559347,0.017932976710559274,1.408038590988601,1.5277580937588129,1.432441856610917,0.07091297152558029,-0.34412978468280564,isotropic,18,400,200
1.0358949358462421,1.4076191441318027,1.6021584018912747,1.4680617604922093,0.07365402503865902,0.11669642213479854,-0.8206288295674526,-0.8206288295674521,1.3580181906119677,0.04960095351983503,0.04960095351983497,1.437964537690303,1.6176374177426183,1.4929889105872678,0.06962413425838587,-0.790306026539029,isotropic,18,400,200
1.4393713460023037,1.4542622626626915,1.684131577478951,1.5348196866073156,0.0687544669270114,0.11193417760936186,-1.1716682209192675,-1.1716682209192673,1.3598756890676547,0.09438657359503688,0.09438657359503684,1.4889969409949932,1.717271747311114,1.570420981275424,0.06542672575525943,-1.244507337643827,isotropic,18,400,200
2.0000000000000004,1.5123365621910523,1.7627039060473728,1.6072109436196262,0.06061858099917267,0.09487438142857395,-1.5651039642427265,-1.5651039642427267,1.3638482917121146,0.14848827047893762,0.14848827047893762,1.5564619932593249,1.8167153171270625,1.6574236173991064,0.0583300755881746,-1.7308673633923712,isotropic,18,400,200
2.7789909887462754,1.5775002300442524,1.8315524293637824,1.6794647754596097,0.05012310848881506,0.07338242248950812,-2.034282160255695,-2.034282160255701,1.3700755743272095,0.20742465571704294,0.20742465571704402,1.6341401389856036,1.9068939577890534,1.746037340426239,0.048959415922178895,-2.285509320995501,isotropic,18,400,200
3.8613954577664997,1.64486069185137,1.8868581547371193,1.746495933420821,0.03872697974684693,0.05264171602265207,-2.624404026180894,-2.624404026180902,1.378128754674635,0.26673193717673505,0.2667319371767367,1.7153122010758712,1.9816074691471222,1.8292107082450746,0.03849825373284421,-2.958536975718266,isotropic,18,400,200
5.36539159055945,1.7098378489112855,1.9278031022970286,1.8048346775580386,0.027971596092237008,0.03541095819134709,-3.3961890602702383,-3.3961890602702347,1.3872106587008164,0.32262719021046915,0.3226271902104685,1.793909904963249,2.0384978664000166,1.9020411313707066,0.028325508621852347,-3.8174504772718327,isotropic,18,400,200
7.455187440629877,1.7689070005602863,1.9559664796838225,1.8529541320769103,0.01896521609028773,0.022547288632496974,-4.431646394984414,-4.431646394984419,1.3964398331658585,0.37246716739442776,0.37246716739442864,1.8653981165364522,2.078622775832382,1.9622345608273042,0.019551770714225647,-4.952822212690687,isotropic,18,400,200
10.358949358462416,1.8199692870405046,1.9741467947951237,1.890980864592763,0.012154352650101828,0.013710189150456277,-5.8424812572526,-5.842481257252626,1.4050854761434954,0.4148838108970091,0.4148838108970128,1.9271423593930481,2.1050914682998605,2.0097497561677238,0.012734315357461057,-6.4869916014979045,isotropic,18,400,200
14.39371346002303,1.8623025806211737,1.9852817204138766,1.920079883087105,0.0074245348608403304,0.008028130145344576,-7.781942377383083,-7.781942377383091,1.4126829421106621,0.4496196385105115,0.44961963851051234,1.978264081108805,2.1215979369134033,2.045987492495409,0.007887033031390267,-8.5866777934194,isotropic,18,400,200
20.0,1.8962302934108661,1.9918210233829186,1.9418454778460317,0.004360361101721338,0.004561518443516549,-10.461331841795868,-10.461331841795856,1.4190347120098776,0.47719558140098856,0.47719558140098733,2.019180669011011,2.1314339901678347,2.0729649635206457,0.0046847321375542705,-11.480761958294924,isotropic,18,400,200
0.02,1.7257058859402346,1.626742631160397,1.6711689119279196,0.010110693244792539,-5.453697401231484,5.393989580329117,5.393989580329106,1.431534016375128,0.2941718695651066,0.2941718695651055,2.061232257168797,1.9499391944521334,2.0017372812868777,0.007696889047174693,7.729743214079214,isotropic,19,400,200
0.027789909887462754,1.6864758964030782,1.57322790502268,1.6218879663585506,0.01592786870865736,-4.648300790184724,4.055026521496988,4.055026521496995,1.4245701271039268,0.2619057692991514,0.2619057692991524,2.0161879007773527,1.883379474621856,1.9437466697638406,0.012074035871527666,5.999752840252781,isotropic,19,400,200
0.038613954577665,1.6410836213011475,1.5188912263141097,1.5680983491662535,0.0237781492827502,-3.780253689794826,3.0694261049088887,3.0694261049088856,1.4170607217364244,0.22402289956472304,0.22402289956472257,1.9617560316601017,1.8096292880842977,1.876710962250434,0.01796339524353119,4.734353848852335,isotropic,19,400,200
0.053653915905594526,1.5912048595955826,1.468808071180169,1.5132861873437533,0.03344055608824512,-2.9044915338119703,2.3300650876203246,2.3300650876203277,1.4096492817078647,0.18155557788771787,0.18155557788771837,1.8984173921812255,1.7322619271629267,1.8027333537486419,0.025212611846868516,3.795086324801685,isotropic,19,400,200
0.0745518744062988,1.5397000426112786,1.4285258189116645,1.4620212116214337,0.04418343828007555,-2.083886732787012,1.7580983738170053,1.758098373817005,1.4031330161680264,0.13656702644325225,0.13656702644325217,1.8278876764381697,1.6560324034429772,1.725310700953658,0.033298677973831126,3.0805119520097874,isotropic,19,400,200
0.10358949358462421,1.4903848642289401,1.4029964501055743,1.4192381553218045,0.05490500369090534,-1.3736278930452437,1.2958146639542178,1.2958146639542176,1.3981919155349916,0.09219294869394846,0.09219294869394841,1.7532022374535428,1.5862204167701195,1.6490090716027568,0.04140451101814868,2.5164689375299076,isotropic,19,400,200
0.14393713460023042,1.4475167137274478,1.3956969029353143,1.3893841362598744,0.06444534414301337,-0.8077495446749059,0.9020446432649805,0.9020446432649804,1.3950785336236367,0.05243818010381107,0.052438180103811065,1.6784959560946617,1.5278200319075057,1.5788421760845441,0.048631635833078946,2.0491554171067734,isotropic,19,400,200
0.20000000000000004,1.4151496329703603,1.4081546646164174,1.3757202721192214,0.07186375334833489,-0.3942936085113894,0.5486682647929424,0.548668264792943,1.3935159939702713,0.021633639000089157,0.021633639000089203,1.6084861988837926,1.4848203080797404,1.5195286919534423,0.05424912305664842,1.6397962200690037,isotropic,19,400,200
0.27789909887462755,1.3965410126357134,1.4398626517339486,1.3799213978797804,0.07656086861010099,-0.11960898630643443,0.21707714473004677,0.2170771447300456,1.392933274117982,0.0036077385177312863,0.0036077385177312477,1.5477883646174044,1.4597676651820748,1.474847580237246,0.05786086932498735,1.2606237208513342,isotropic,19,400,200
0.38613954577665,1.3937333984359628,1.4885093909739848,1.401977048317079,0.07828869277578948,0.0426977758236889,-0.10529809080763673,-0.10529809080763643,1.3928653578421946,0.0008680405937681433,0.0008680405937681379,1.5002599564512507,1.453616811629768,1.4472337039259606,0.05940936022909726,0.892557205140867,isotropic,19,400,200
0.536539159055945,1.4073571165120962,1.5503931316335386,1.440329127176146,0.07709199379334303,0.12290625989746932,-0.42769695063843366,-0.4276969506384328,1.3932550880946641,0.014102028417432045,0.014102028417431989,1.4685252182450224,1.4656887480279686,1.4375958211795132,0.05902232391396467,0.524028791387376,isotropic,19,400,200
0.7455187440629881,1.4366317958617372,1.620812407871203,1.4921297400803135,0.07318472357231348,0.1488841016018433,-0.7583268954174445,-0.7583268954174432,1.3945462121204137,0.04208558374132351,0.04208558374132338,1.4537139862463853,1.4936030848788018,1.4452448778112665,0.05682731550265396,0.149032351083401,isotropic,19,400,200
1.0358949358462421,1.4794984220805558,1.6943842775403901,1.5535178955662008,0.06684690848854404,0.1429092293518688,-1.1072983801237442,-1.107298380123745,1.3975367789922888,0.0819616430882671,0.08196164308826721,1.4553729408391072,1.533310106640549,1.467898044574233,0.05288695833119039,-0.2368278329922212,isotropic,19,400,200
1.4393713460023037,1.5328297086267302,1.7655149564095929,1.6199437249897373,0.05845721505684823,0.12104453323314625,-1.490218380712985,-1.4902183807129858,1.4030108002248454,0.1298189084018849,0.12981890840188506,1.471533953479619,1.579490555296496,1.5018646830750213,0.04729514262607237,-0.6413074982182605,isotropic,19,400,200
2.0000000000000004,1.5927353545135707,1.8292050864863763,1.6866572958195283,0.04862584936089013,0.09392194130595766,-1.9315228945183045,-1.9315228945183074,1.4113229745835092,0.18141237993006143,0.18141237993006193,1.4989799377761264,1.6264372835458698,1.5425384564293236,0.040340308463348684,-1.079776538961582,isotropic,19,400,200
2.7789909887462754,1.6550067032930986,1.881988623938934,1.7493735891674882,0.03824814889705637,0.06791449576953304,-2.4672275285367387,-2.4672275285367418,1.42218212468152,0.23282457861157868,0.23282457861157918,1.5337343030395192,1.6692060388331293,1.5851733838631952,0.032593574146257964,-1.5781969965261284,isotropic,19,400,200
3.8613954577664997,1.715674110339573,1.9225196596335339,1.8049210612075361,0.02835164755803402,0.04622523222192088,-3.147857657488171,-3.147857657488181,1.4347374126423844,0.2809366976971885,0.28093669769719026,1.5717052481471032,1.7045730231803389,1.6257241212863793,0.02483002875468321,-2.1755461370171623,isotropic,19,400,200
5.36539159055945,1.7715408450752237,1.9514689436416766,1.8516028474247763,0.019804093867347702,0.029843861719403206,-4.042699599680047,-4.042699599680042,1.4478742202271042,0.3236666248481194,0.3236666248481186,1.6093170153241525,1.7313796769078529,1.661443408480024,0.01780987527195732,-2.92682527866703,isotropic,19,400,200
7.455187440629877,1.8205219588422563,1.9708323283986502,1.8891377398151044,0.013078807610697362,0.018407526710569475,-5.246333076780342,-5.24633307678036,1.4605407175352885,0.3599812413069679,0.35998124130697035,1.643944088290774,1.7501864102654838,1.6910392406339876,0.012052017288282979,-3.907657217601205,isotropic,19,400,200
10.358949358462416,1.8616966999257323,1.9830679647597738,1.9182754352683156,0.008213794148875155,0.010923643582901169,-6.888258253992341,-6.888258253992315,1.4719677592017346,0.38972894072399755,0.38972894072399467,1.674051672174538,1.7625298246977175,1.7144245815525856,0.007732333767084487,-5.221309709871772,isotropic,19,400,200
14.39371346002303,1.8951131622570572,1.9904428410733863,1.9403074475031712,0.0049411083241013894,0.006279725572088948,-9.146588635927799,-9.146588635927746,1.4817396264160714,0.41337353584098585,0.4133735358409811,1.6990738272063555,1.7701935467725387,1.732265878704954,0.004735616568986245,-7.009024277002232,isotropic,19,400,200
20.0,1.9214682385205624,1.994722879960245,1.9566611301176597,0.0028688582454877215,0.0035192891597097403,-12.267211756610997,-12.267211756611006,1.489749584971513,0.4317186535490493,0.43171865354905,1.7191450911881254,1.7747435821631032,1.7455494615341967,0.002789750282835346,-9.464779162683806,isotropic,19,400,200
0.02,2.0209293755409417,1.9160672515351256,1.9646932057754067,0.0076102155252538144,-5.623616976553489,7.389563354535789,7.389563354535785,1.6053686362420914,0.4155607392988503,0.4155607392988499,1.782415346527028,1.6851207961502654,1.7302486257193006,0.00703889123869228,7.411212794562121,isotropic,20,400,200
0.027789909887462754,1.979649828914634,1.8533283143104482,1.9102731300499944,0.01243188312509363,-4.99294162129965,5.5805462588852235,5.580546258885235,1.5924899516117628,0.38715987730287127,0.3871598773028727,1.7430266828597507,1.628083539652002,1.679950016204482,0.011210190102788786,5.626725869668967,isotropic,20,400,200
0.038613954577665,1.9296354792850428,1.7839089418456868,1.8470911380037138,0.01936214512330185,-4.275363255804636,4.263181623506629,4.263181623506637,1.5777339604100216,0.3519015188750211,0.3519015188750223,1.6958435187882486,1.5662850361971679,1.6225894799136908,0.016949595158034736,4.321875430743406,isotropic,20,400,200
0.053653915905594526,1.8714194473443686,1.7120057725317275,1.77744730409978,0.028530611676536314,-3.502899710430648,3.2937304082362746,3.293730408236279,1.5619005416125322,0.30951890573183644,0.30951890573183716,1.641671509977986,1.503673992760328,1.560588544883355,0.024168412971603992,3.354914747190772,isotropic,20,400,200
0.0745518744062988,1.8068464917185998,1.643392200045995,1.7053484014575169,0.0395418888495606,-2.7228849997232847,2.5668498196239,2.5668498196238927,1.546316137039769,0.260530354678831,0.2605303546788295,1.582542011789304,1.445179480559898,1.497676395988324,0.03236870037255413,2.6218419282888146,isotropic,20,400,200
0.10358949358462421,1.7391905873051985,1.5845196265170323,1.6361568721151634,0.0513964695919039,-1.9892695991580411,2.004684679864962,2.0046846798649582,1.5326404769541653,0.2065501103510332,0.20655011035103252,1.521717866126577,1.3958753215973239,1.4384451395105675,0.040702908702765495,2.045866727218724,isotropic,20,400,200
0.14393713460023042,1.6729147813498946,1.5413212173995783,1.5757687434166687,0.06269851191613574,-1.349839820044196,1.5494153683131495,1.5494153683131537,1.5223952172054223,0.15051956414447235,0.15051956414447315,1.4633691397767126,1.3601333033381304,1.3876377844080356,0.048226874298771705,1.5703144039464678,isotropic,20,400,200
0.20000000000000004,1.61307983497039,1.5181577601471452,1.5295792067771814,0.0720791815631726,-0.8350062819320874,1.158456941135298,1.1584569411352987,1.5163479526508097,0.09673188231958037,0.09673188231958049,1.4119842130812261,1.341075459350522,1.3494280020692484,0.054203668293251184,1.1540955249290112,isotropic,20,400,200
0.27789909887462755,1.5645635457934755,1.5171848942299722,1.5015862137857605,0.07857601245192664,-0.4532388356978928,0.8014829213463195,0.8014829213463189,1.5140882897573351,0.05047525603614044,0.05047525603614037,1.371700969312765,1.3403758782281059,1.326905838703358,0.058265170134154776,0.7688148941514595,isotropic,20,400,200
0.38613954577665,1.5313153720941721,1.5381384607010098,1.493850644041017,0.08175254471314773,-0.1940476103155992,0.4582698701870479,0.4582698701870465,1.5141464160326596,0.01716895606151241,0.017168956061512308,1.3457467658622646,1.3582453354834532,1.3218144864645207,0.06036312841667657,0.3964718202234877,isotropic,20,400,200
0.536539159055945,1.5158110226081258,1.5784086569221751,1.506323236162693,0.08157320720491443,-0.03536661317368379,0.11631008232395701,0.11631008232395458,1.5147074973855854,0.0011035252225404125,0.0011035252225403663,1.3360803949851547,1.3934303166415105,1.3344555373725477,0.060599636881569996,0.026812992556085165,isotropic,20,400,200
0.7455187440629881,1.5187635427335855,1.6333457143113095,1.5369456532414554,0.0782179505619846,0.048777071408773194,-0.23245444782475205,-0.23245444782474892,1.51453703027519,0.004226512458395516,0.0042265124583954015,1.343228174243301,1.443191688465204,1.3636740761017534,0.059071710504998265,-0.3461200240125501,isotropic,20,400,200
1.0358949358462421,1.5390801797206564,1.6968441894729458,1.5819639844771989,0.07199640023920463,0.08279566444932888,-0.5956381793265095,-0.5956381793265061,1.5135369483328758,0.025543231387780495,0.025543231387780193,1.3662665606464923,1.5033521098344278,1.40690384296393,0.055810984553060106,-0.7281233728963047,isotropic,20,400,200
1.4393713460023037,1.574046439137917,1.7622389067076383,1.6364498794905842,0.06338558686438672,0.08670929920341396,-0.9845052075668114,-0.9845052075668115,1.5126099271406312,0.06143651199728577,0.06143651199728578,1.402922851745173,1.5685697590870569,1.4603272517926897,0.05083810724685023,-1.129160843238775,isotropic,20,400,200
2.0000000000000004,1.6197259102162187,1.8234098171585114,1.6950140541150858,0.05310761914455874,0.07528814389886708,-1.4176524030183506,-1.4176524030183513,1.5129934920991985,0.10673241811702028,0.10673241811702036,1.4498068662161492,1.6329918425866283,1.5192465790998655,0.04430555060304675,-1.5672915004681414,isotropic,20,400,200
2.7789909887462754,1.6715436158692936,1.8758292574085347,1.7526194415321403,0.04213399021354775,0.05834911015628984,-1.924238014295111,-1.9242380142951074,1.5155344300884808,0.15600918578081285,0.1560091857808123,1.502807594297301,1.6912830999786241,1.5787240592291816,0.036642575817561696,-2.0718102709224975,isotropic,20,400,200
3.8613954577664997,1.7249666465931996,1.9172004402419343,1.8053116681809174,0.031543750473299194,0.04161450049158697,-2.5470979316719897,-2.5470979316719937,1.5203200082869825,0.20464663830621718,0.20464663830621782,1.5576505010632258,1.739713556027687,1.6343953260144997,0.028573405061913526,-2.685883071512877,isotropic,20,400,200
5.36539159055945,1.7761376568635623,1.947439862546088,1.8506549377819634,0.022267643845723398,0.02777701484063769,-3.3464376130082814,-3.346437613008286,1.5267702251791204,0.2493674316844419,0.2493674316844426,1.61051544013815,1.7767875057690021,1.6831800425543288,0.0209428607984945,-3.469659809867158,isotropic,20,400,200
7.455187440629877,1.822303406994882,1.968058792252708,1.8877522636564978,0.014857671934594507,0.01755793725719819,-4.405054637747461,-4.40505463774745,1.5339976174223624,0.2883057895725195,0.2883057895725182,1.6585366966358663,1.803094728105599,1.723595142371872,0.01444113999772112,-4.505076866942101,isotropic,20,400,200
10.358949358462416,1.8619453172982727,1.9812925219946784,1.9169099318871086,0.00941797551873402,0.010612005655560837,-5.83613903853344,-5.836139038533429,1.5411641843584234,0.32078113293984944,0.3207811329398483,1.700032138384335,1.820548186675672,1.7555850097153043,0.009410305629398596,-5.903407765781517,isotropic,20,400,200
14.39371346002303,1.8946345314273252,1.9893675037003855,1.9391458013664655,0.005710432394779776,0.006184820902926196,-7.794728465716636,-7.794728465716626,1.5476812685875108,0.3469532628398144,0.34695326283981354,1.7344324891824325,1.8314859552120106,1.7800417290885042,0.005834986217434501,-7.816512020164623,isotropic,20,400,200
20.0,1.9207256691536148,1.9940981969515927,1.9557434767851811,0.0033369125348460538,0.003501780763156589,-10.494074167629297,-10.494074167629153,1.5532461986801822,0.3674794704734326,0.36747947047342266,1.7620072265078734,1.8380293024957337,1.7982830620965111,0.003470404810585137,-10.452911855698266,isotropic,20,400,200
0.02,1.813552720648192,1.7213554207658035,1.7640309999568367,0.006846141500322445,-4.952172069135549,7.233522808288873,7.2335228082888845,1.4553362245215617,0.35821649612663037,0.35821649612663153,1.8463889387685934,1.7445263884823818,1.7919915361536944,0.006932254943586624,7.846999721962731,isotropic,21,400,200
0.027789909887462754,1.7772671388389734,1.6667113946679186,1.7163908453732106,0.011196842760471108,-4.381179623272328,5.436915992129316,5.436915992129341,1.4462878453534105,0.3309792934855628,0.3309792934855659,1.8052691496446118,1.6845326595884258,1.7393401684579228,0.011121472317192183,5.9280803212333995,isotropic,21,400,200
0.038613954577665,1.733469319572435,1.6066653822829386,1.6613258042014885,0.017483093452397267,-3.7366551113454705,4.126473130592023,4.126473130592036,1.4357710418477712,0.29769827772466395,0.2976982777246658,1.7558985233493118,1.6194153298613043,1.6791633716033505,0.016987110003915173,4.517257598748434,isotropic,21,400,200
0.053653915905594526,1.68269454145533,1.544985325991727,1.6008956568649877,0.02588855371708136,-3.0491300852772536,3.1596544744935344,3.1596544744935215,1.4242383297508745,0.25845621170445543,0.25845621170445326,1.6991162546825238,1.5536140833928047,1.614084817667357,0.024560702740614282,3.462092999259194,isotropic,21,400,200
0.0745518744062988,1.6265936212728824,1.486733386907023,1.538566815443549,0.036193377292807714,-2.3614914187025824,2.4321246706873625,2.4321246706873687,1.4125014551335544,0.21409216613932794,0.21409216613932905,1.6371498671816465,1.493002376670447,1.5483213617078542,0.03350952043638511,2.6508438293656105,isotropic,21,400,200
0.10358949358462421,1.5680060506031834,1.437524033459056,1.4789046913537816,0.04772070135467658,-1.7202779194323117,1.8671427015954793,1.8671427015954836,1.401641097978426,0.1663649526247576,0.1663649526247583,1.5737227665679812,1.4441064956112402,1.487337837147343,0.043153587884535494,2.001801788805494,isotropic,21,400,200
0.14393713460023042,1.5107619770344536,1.4026621189202597,1.4269651423435463,0.05949381126762106,-1.1643532424574659,1.4084966638624627,1.4084966638624665,1.3927344149300764,0.11802756210437718,0.11802756210437781,1.51381427849716,1.413131488050399,1.4371531822217563,0.05263940210404616,1.456344358240937,isotropic,21,400,200
0.20000000000000004,1.4592574813349946,1.386484995852371,1.3876157938244347,0.07051088953849627,-0.7164168751055978,1.0160372104148003,1.0160372104147992,1.3864668610073565,0.07279062032763811,0.07279062032763793,1.4630776043034908,1.4050612856397593,1.4034886081154925,0.061161673712264886,0.9742865518745406,isotropic,21,400,200
0.27789909887462755,1.4179353133369246,1.3919447234789508,1.3649766034674533,0.079926829880969,-0.3811362475368326,0.6625898956375476,0.662589895637549,1.3828454072914125,0.035089906045512126,0.035089906045512285,1.4270445826471063,1.4229515734967746,1.390952613577856,0.06809092898816882,0.530055465618944,isotropic,21,400,200
0.38613954577665,1.3907818812004145,1.4202142579951265,1.3619805447546427,0.08703504968625547,-0.1491757928488936,0.3309165278769302,0.3309165278769295,1.3812510429455644,0.009530838254850077,0.009530838254850037,1.4102954477837204,1.467405370988724,1.4023691668896459,0.07296248499315272,0.1086350183223392,isotropic,21,400,200
0.536539159055945,1.3808629387424016,1.4701905178782528,1.379951074842635,0.09115130693538462,-0.0033990581465522746,0.01000384887967784,0.010003848879677727,1.3808538165937496,9.122148652099951e-06,9.122148652099748e-06,1.4157434473618262,1.5362222442043343,1.4382859624551791,0.075393766655802,-0.2989970669096175,isotropic,21,400,200
0.7455187440629881,1.3898776625270077,1.538077575931208,1.418184991815924,0.09158525482636795,0.07593995325897375,-0.30908173310848686,-0.30908173310848525,1.381128384130717,0.008749278396290855,0.008749278396290763,1.4441318137029249,1.6243082354425824,1.4967026087820594,0.07503483158138824,-0.7006185523600786,isotropic,21,400,200
1.0358949358462421,1.4177622710169617,1.6174550461355561,1.4737042655783366,0.08780878599584478,0.10800708184884551,-0.6370888052594427,-0.6370888052594426,1.3821222525380252,0.035640018478936525,0.03564001847893652,1.4938130263412244,1.7240486150532415,1.5731151512423216,0.07163133890982243,-1.1070870111883802,isotropic,21,400,200
1.4393713460023037,1.4624687156026066,1.7001804791974062,1.5414326226923056,0.07978394941540137,0.10971999311923586,-0.9897217130549313,-0.9897217130549311,1.3843164222082793,0.07815229339432735,0.07815229339432732,1.5608815739708817,1.8263462457314308,1.6610126905595688,0.06520243858317487,-1.535695884456159,isotropic,21,400,200
2.0000000000000004,1.520090749903774,1.778084749546699,1.6149614422790979,0.06825261489227734,0.0948706923753238,-1.3899935192967738,-1.3899935192967718,1.3882211023308757,0.13186964757289818,0.13186964757289776,1.639712278295017,1.9222769643559996,1.7528800994057079,0.05622904383960092,-2.0126221856717597,isotropic,21,400,200
2.7789909887462754,1.5854364790041906,1.8448636093091708,1.6877879687606392,0.054724150792082905,0.07366090078804023,-1.8703166385408043,-1.8703166385408048,1.394006784733266,0.1914296942709245,0.19142969427092454,1.723860546673945,2.0048958111744652,1.8415314596925432,0.045693438463323854,-2.575225611726453,isotropic,21,400,200
3.8613954577664997,1.6529543391923278,1.8973007845903078,1.754595492046453,0.04106413968972952,0.05264477775758105,-2.475180379330984,-2.475180379330982,1.4013741519152156,0.2515801872771122,0.25158018727711184,1.8071286162649174,2.0704812865917113,1.9213648557948881,0.03488019126685238,-3.275103586904142,isotropic,21,400,200
5.36539159055945,1.717722332550795,1.935306997069823,1.8120674952752336,0.02889433907015062,0.03516804361137082,-3.2651780854161165,-3.2651780854161165,1.4096685747579412,0.30805375779285404,0.30805375779285404,1.884498706488367,2.118704774327136,1.9890976260665574,0.025008228682388278,-4.182580098199954,isotropic,21,400,200
7.455187440629877,1.776163654052369,1.9609706480663343,1.8589876100084894,0.019159082101724043,0.022219147839191787,-4.322960542492137,-4.322960542492146,1.418118960480954,0.3580446935714149,0.3580446935714165,1.9526738736973075,2.1517747260102613,2.04377817665787,0.01689224639182818,-5.3932615501414585,isotropic,21,400,200
10.358949358462416,1.8262999461724179,1.9772861607174539,1.8957649230088138,0.012056260872243554,0.013411587301495784,-5.7617347179606275,-5.761734717960648,1.4260611774518244,0.40023876872059344,0.4002387687205964,2.0101380595497185,2.173112017075292,2.0862196050593083,0.010810866506393957,-7.037506703518379,isotropic,21,400,200
14.39371346002303,1.8675801856728667,1.9871581547678394,1.9237399660829144,0.007258408274877444,0.007803376184474605,-7.73720329351355,-7.737203293513533,1.4330605477212472,0.4345196379516193,0.4345196379516173,2.0568384020129167,2.1861924807425877,2.118213552241812,0.006603778271879968,-9.293944724074327,isotropic,21,400,200
20.0,1.9004722847616513,1.992901477239469,1.9445793668560365,0.0042150282890482255,0.004410708209438479,-10.464243433190525,-10.46424343319043,1.4389250405982859,0.46154724416336557,0.46154724416335724,2.0936937256948323,2.193886024636236,2.14184944640313,0.0038808575248081567,-12.408525796287348,isotropic,21,400,200
0.02,1.9316063921357278,1.8187700811096632,1.8707607791630563,0.008854914919278525,-6.084561297267157,6.871394420764134,6.871394420764137,1.5135121866273387,0.4180942055083891,0.41809420550838944,2.1146267481507484,2.0002608720178445,2.0533576789645966,0.008172262239400041,7.497198130862933,isotropic,22,400,200
0.027789909887462754,1.8870916869044543,1.7524463930968768,1.8125338791213195,0.014470321758691607,-5.365818607189575,5.152463713417542,5.152463713417527,1.5029352877498923,0.38415639915456207,0.3841563991545599,2.0683246340798505,1.9328000631500721,1.9940494898485044,0.013025717532913816,5.7021921474702,isotropic,22,400,200
0.038613954577665,1.8335804627833139,1.680312738937368,1.7456727549751117,0.022547691770458234,-4.553157467018387,3.898745321832812,3.898745321832806,1.4908506982130396,0.3427297645702742,0.3427297645702732,2.0126984838435997,1.8593131232984204,1.9261526763722467,0.01970625439752638,4.391793880536558,isotropic,22,400,200
0.053653915905594526,1.7719469146192366,1.6074508008079418,1.6730779822085255,0.03324175101012679,-3.685432115884071,2.9742396055066878,2.9742396055066753,1.477887020089136,0.2940598945301006,0.29405989453009806,1.9485919455162686,1.7842803289325804,1.852385630250137,0.028101013948575115,3.423588751715127,isotropic,22,400,200
0.0745518744062988,1.7045404763016632,1.540510702051503,1.5994829662851495,0.04608524578286669,-2.8183734038385784,2.27963436522609,2.279634365226082,1.4650477661429344,0.23949271015872867,0.23949271015872697,1.8782693561255586,1.7133261195679494,1.776995928852709,0.037603617988089866,2.693183068313418,isotropic,22,400,200
0.10358949358462421,1.6352447833440107,1.4865107034358298,1.530938947258947,0.05987759226194671,-2.013830408387015,1.741984474404993,1.7419844744049966,1.4535456362939976,0.1816991470500131,0.1816991470500138,1.805430221155616,1.652234233049187,1.705240085963787,0.04718428227722882,2.1233794466379052,isotropic,22,400,200
0.14393713460023042,1.5691115902027337,1.451357282496856,1.4737775316443913,0.07291380941080758,-1.3246624482712217,1.307489751649317,1.307489751649322,1.4444632856545652,0.12464830454816858,0.12464830454816955,1.7348331248077842,1.6059619721875937,1.642544410776134,0.05570627544310991,1.656702288881261,isotropic,22,400,200
0.20000000000000004,1.5116066567008413,1.4386975348207078,1.4334003494695646,0.08350349258241999,-0.7820630723127683,0.9365633078650585,0.936563307865061,1.4383614989044058,0.0732451577964355,0.07324515779643587,1.6716100407049186,1.5780590011011424,1.593675296972246,0.06231844786156859,1.250588652429105,isotropic,22,400,200
0.27789909887462755,1.4676938817551066,1.4494886731134489,1.413346085641837,0.09049038358488157,-0.39113330221907944,0.6005919519867047,0.6005919519867057,1.4350530328012625,0.03264084895384407,0.03264084895384419,1.6205044216455131,1.5705496456285613,1.5621945209155188,0.06666502544303698,0.8746700438870777,isotropic,22,400,200
0.38613954577665,1.441051414302403,1.4822080193946663,1.4148970406200663,0.0934653524569367,-0.13546591623881338,0.2798296159465833,0.2798296159465824,1.4337326459595512,0.007318768342851687,0.00731876834285164,1.5852644791522834,1.5839966180852971,1.5502316812608459,0.06879773471588857,0.5092144099818282,isotropic,22,400,200
0.536539159055945,1.4336137903069783,1.5333315121887545,1.4371728140823583,0.09259967433101617,0.013266594675558014,-0.03843451719557382,-0.03843451719557393,1.4334770009464841,0.0001367893604942978,0.00013678936049429856,1.5682781853458525,1.617446475181856,1.5584072152440924,0.06891023003952368,0.1432439000145342,isotropic,22,400,200
0.7455187440629881,1.4454561226553229,1.5977928314324799,1.4774711500530677,0.08830665398166734,0.0858865793856954,-0.36254377166630336,-0.3625437716663035,1.4338492738725443,0.011606848782778461,0.011606848782778472,1.5703940987717926,1.6682283050041231,1.585753708991063,0.06711498579378983,-0.22885515116493665,isotropic,22,400,200
1.0358949358462421,1.4749186089116995,1.6694467946216396,1.5316697437631501,0.08102591600703919,0.10956928716924251,-0.7004071986859164,-0.700407198685914,1.4351697055281483,0.03974890338355124,0.03974890338355097,1.5908497000074202,1.7318394037208318,1.6296476952935126,0.06339371314122699,-0.6120164502694322,isotropic,22,400,200
1.4393713460023037,1.5188756887499975,1.7417362333619129,1.5946791080274705,0.07125370605696914,0.10532850954412656,-1.0638523028804463,-1.0638523028804456,1.4382320465854457,0.08064364216455171,0.0806436421645516,1.6273034161621815,1.8022087161179738,1.6858997084280676,0.057712715424020455,-1.0153099162874915,isotropic,22,400,200
2.0000000000000004,1.5731262557679488,1.8086323789734928,1.6610276270210953,0.05970338069925117,0.08790137125314636,-1.4723014044370348,-1.4723014044370333,1.4437089434200001,0.1294173123479487,0.1294173123479485,1.6760374541493215,1.8725127374629895,1.74916383714803,0.050222517316250936,-1.4560477432509424,isotropic,22,400,200
2.7789909887462754,1.632918367649825,1.8656450388734744,1.7255886166934373,0.047386173136425166,0.06669345055013638,-1.955639016824888,-1.9556390168248823,1.4516888129212573,0.18122955472856772,0.1812295547285667,1.7323998511770413,1.936468436248095,1.81372074930791,0.041426788809316495,-1.9630026962789913,isotropic,22,400,200
3.8613954577664997,1.6935797708226497,1.9105141613026662,1.784306019555645,0.03548189301402543,0.04699143080541829,-2.5569731777595055,-2.5569731777595077,1.4615951862936432,0.23198458452900658,0.23198458452900697,1.791473312964146,1.9896699153994348,1.8744795143598476,0.032184199643885414,-2.5790978900875574,isotropic,22,400,200
5.36539159055945,1.7511390187848117,1.9432545499933682,1.8346768751814624,0.025039818415254825,0.03113951889127274,-3.336200567083886,-3.3362005670838966,1.4724399749013335,0.2786990438834782,0.27869904388348,1.848827972109145,2.0303344131204546,1.927839238752218,0.023483907725163178,-3.3644854837515807,isotropic,22,400,200
7.455187440629877,1.8027707079544373,1.9655492510447932,1.8758128323071688,0.016694294384892984,0.019594979987937154,-4.3752747297201635,-4.37527472972016,1.4831913470688534,0.3195793608855839,0.31957936088558325,1.9011269034885478,2.0591007896565836,1.9720560003395597,0.016115692466011744,-4.401244129012918,isotropic,22,400,200
10.358949358462416,1.8469447967915795,1.9798411478092928,1.908107636253753,0.010570672093366583,0.011808695524166874,-5.786088048323344,-5.786088048323318,1.4930512223779782,0.3538935744136014,0.3538935744135983,1.9463989217818427,2.0781151286185016,2.0070308841252325,0.010452282149879366,-5.800834829558205,isotropic,22,400,200
14.39371346002303,1.8832835489683966,1.9885518620761837,1.9327168762884306,0.006401658467719613,0.006868738558305949,-7.72195636010602,-7.721956360105979,1.501561552668257,0.3817219963001394,0.38172199630013537,1.9839525036370043,2.0899871499195464,2.0337430860358343,0.0064534814848817845,-7.715305686623833,isotropic,22,400,200
20.0,1.9122396398694295,1.9936497728652114,1.951076460799034,0.003736491136573038,0.0038836820929604486,-10.393928289958211,-10.393928289958179,1.508572508117171,0.40366713175225855,0.40366713175225594,2.0140541288221714,2.097065956283328,2.0536479209008482,0.00382424330380271,-10.353366387359824,isotropic,22,400,200
0.02,1.9371431805123964,1.781179680612067,1.852004622447096,0.014313616230271695,-8.513855806530051,5.948081651458688,5.9480816514587005,1.4307320854525334,0.5064110950598631,0.5064110950598651,1.9597904851329184,1.86082724323211,1.9054676418644168,0.00968244463619472,5.610447083315417,isotropic,23,400,200
0.027789909887462754,1.875785802110051,1.6959358193373442,1.774571185417543,0.022579250612309303,-7.2842709531901395,4.482638437846557,4.482638437846562,1.4220772708523086,0.4537085312577425,0.4537085312577435,1.9190216527354,1.804218762648592,1.8540926903005879,0.015055034782816001,4.312773990327997,isotropic,23,400,200
0.038613954577665,1.8044747024034482,1.6082467702850183,1.6895082441388114,0.03370498441084356,-5.954658595425779,3.410963104544556,3.410963104544554,1.4123283550026104,0.39214634740083765,0.3921463474008372,1.870779840063473,1.7440344162772468,1.7963368669259203,0.0221405224888791,3.362295229254161,isotropic,23,400,200
0.053653915905594526,1.7256264797629741,1.525565682853982,1.6019598948649396,0.047272372887077564,-4.609787852787085,2.616043522787496,2.6160435227875003,1.402109311355221,0.32351716840775313,0.32351716840775424,1.8161151137342801,1.6841355372091613,1.7348096603185583,0.030631330306325033,2.6543232893457827,isotropic,23,400,200
0.0745518744062988,1.6434243697789874,1.4558536173260985,1.5186176551050554,0.06204267689497508,-3.348184486784338,2.0116268497763716,2.0116268497763716,1.392359831508527,0.2510645382704603,0.25106453827046027,1.7572267084612587,1.6290075428087298,1.6732221077256832,0.03979003581862228,2.111196911671544,isotropic,23,400,200
0.10358949358462421,1.5634074056732556,1.4058380464128912,1.4465144746060157,0.07621650287411597,-2.2568491653402702,1.5336958094273596,1.533695809427363,1.3841292071437485,0.17927819852950716,0.17927819852950794,1.697390775693044,1.583102255321584,1.6159314452056932,0.04863014060324167,1.6750790657167196,isotropic,23,400,200
0.14393713460023042,1.4916165303887468,1.3798047352657887,1.3916884346930538,0.08804439626842793,-1.38849638730453,1.1349739441796414,1.134973944179641,1.3782007454826455,0.11341578490610126,0.11341578490610116,1.64062461176034,1.5502744113635838,1.567338885905659,0.056221251312606135,1.3035235634865472,isotropic,23,400,200
0.20000000000000004,1.4336072697129172,1.3793336015033382,1.358281574767845,0.09637772168056562,-0.7532569494507234,0.7815674995382416,0.7815674995382427,1.3747351546637168,0.05887211504920047,0.05887211504920065,1.5911636249532168,1.5333681761690343,1.5313063098566682,0.06191918140891506,0.9667006852246675,isotropic,23,400,200
0.27789909887462755,1.3936729438001465,1.4036421581658463,1.3482601570022392,0.1007947879615146,-0.3268293202950981,0.45054697486190215,0.45054697486190326,1.373212350088301,0.020460593711845654,0.020460593711845755,1.5528752862111175,1.5338958697503668,1.5106796453273834,0.0654118653067175,0.6450762516231251,isotropic,23,400,200
0.38613954577665,1.3744245898847285,1.4499684512164868,1.3615217068380991,0.10134962742501691,-0.06683015602909817,0.1273106115380196,0.12731061153801923,1.3727819159534587,0.001642673931269927,0.0016426739312699178,1.528725968768037,1.5518047161574156,1.506947897514152,0.06663488989714894,0.32682685133118067,isotropic,23,400,200
0.536539159055945,1.376656705494784,1.5137899866830802,1.3960892414871158,0.09826820920363277,0.0724365991348096,-0.19774997580411147,-0.19774997580411066,1.372813921972488,0.003842783522296128,0.003842783522296097,1.5203877478281522,1.5853990183078932,1.5200618539128306,0.06566305831038433,0.004963124223992086,isotropic,23,400,200
0.7455187440629881,1.3993708706528454,1.5890811866342163,1.4483104848122765,0.0918310876625086,0.13129009712811776,-0.5329307907066365,-0.5329307907066352,1.373289443381982,0.026081427270863346,0.026081427270863225,1.5280399280483454,1.6314644817915764,1.548433864949052,0.06263667994181787,-0.3255909623506586,isotropic,23,400,200
1.0358949358462421,1.4399089495118005,1.6688853297725004,1.5131727453314052,0.08244878862149042,0.14145024419827698,-0.8885976015481251,-0.8885976015481247,1.3748069162661882,0.06510203324561233,0.06510203324561227,1.550381166565854,1.6855846233076222,1.5891154559491876,0.05773487797510102,-0.6708993028449506,isotropic,23,400,200
1.4393713460023037,1.494233620723961,1.7462598278231822,1.5848508637724583,0.07079172100222607,0.1259122509284029,-1.2800542459710478,-1.2800542459710518,1.3782386340015418,0.11599498672241934,0.11599498672242005,1.5848309565990588,1.7426398437515138,1.638134356418241,0.05120208751409061,-1.0410395827028185,isotropic,23,400,200
2.0000000000000004,1.5574002361083066,1.8153866141041877,1.6574745994615827,0.05783765128932835,0.10007436335327641,-1.730263264887122,-1.7302632648871272,1.3842452414411668,0.1731549946671397,0.17315499466714074,1.6278843608317382,1.7975142289993677,1.6909876637927188,0.043423262245668504,-1.4532142381189992,isotropic,23,400,200
2.7789909887462754,1.6241964054419926,1.8724945557405528,1.7259590560332523,0.04477284911604097,0.07323712167715182,-2.272865198449046,-2.272865198449047,1.3929036184111883,0.23129278703080433,0.23129278703080455,1.6755870068738896,1.8459560327150144,1.7432775658034496,0.034987907982004796,-1.9346843762243526,isotropic,23,400,200
3.8613954577664997,1.689838005924826,1.9162533560211628,1.7866662706253424,0.03275882069530392,0.05015195452502219,-2.955792139196182,-2.955792139196177,1.403633782271032,0.2862042236537939,0.28620422365379294,1.7240797620369217,1.8853306327933037,1.7913813694929188,0.026647655844387774,-2.5256108022789334,isotropic,23,400,200
5.36539159055945,1.7505548798550388,1.9474901165032716,1.8376937508123765,0.02265749473355761,0.03248183081759056,-3.8459181821314923,-3.8459181821314856,1.4154259116698038,0.335128968185235,0.33512896818523386,1.7701120894105302,1.9149138245471997,1.8329424107875134,0.019141092382703118,-3.2824835762121873,isotropic,23,400,200
7.455187440629877,1.8039155763737114,1.9683978403556268,1.8787282018405107,0.014857013048316277,0.02006995157736201,-5.0355091715610865,-5.035509171561098,1.4271959146870787,0.3767196616866326,0.3767196616866344,1.811393144123406,1.9355851739497407,1.8669979399823118,0.012982438108523287,-4.283078062386446,isotropic,23,400,200
10.358949358462416,1.8488340465889581,1.981628155434763,1.9105888938073916,0.009284414408937907,0.011922994327216184,-6.651453123309901,-6.651453123309908,1.438074575178383,0.4107594714105752,0.4107594714105761,1.8466948096188247,1.9491320266543135,1.8937383452644212,0.008350145744295823,-5.633858029092847,isotropic,23,400,200
14.39371346002303,1.8853210403053944,1.9896161224240458,1.9346854295218865,0.005566303685667537,0.006859159639879754,-8.86843262677144,-8.868432626771414,1.4475362803772116,0.4377847599281829,0.43778475992818033,1.8757212400319767,1.9575405669098376,1.9140678924786607,0.005126021984492635,-7.480781893384621,isotropic,23,400,200
20.0,1.9141153919996983,1.9942597021312993,1.9525753114160072,0.003224471298983406,0.00384599194163089,-11.927511784159567,-11.927511784159572,1.4553842499438467,0.4587311420558516,0.4587311420558519,1.8988417670862756,1.9625339874327754,1.9291749541178607,0.0030258462833296917,-10.024695305475301,isotropic,23,400,200
0.02,2.173019512651014,2.0052807084471396,2.083424094071585,0.011452032954985125,-8.959541857942972,7.823538312507883,7.823538312507947,1.4720663227696709,0.7009531898813433,0.7009531898813547,2.1654960521248046,2.0516881757551375,2.1040455990544507,0.009093029771040761,6.7579733727541145,isotropic,24,400,200
0.027789909887462754,2.107703454711489,1.9079195219314347,1.9986723311722132,0.01827831429849713,-7.846813752243547,5.9650535469914905,5.965053546991504,1.4573269645110658,0.6503764902004231,0.6503764902004261,2.1191501741846714,1.985055964910778,2.0449273629876346,0.01435141312018029,5.171812042165257,isotropic,24,400,200
0.038613954577665,2.029723598057142,1.802064052291695,1.9020273370736043,0.027732976201629102,-6.613995503967369,4.60449178101688,4.6044917810168915,1.4417472138918552,0.5879763841652869,0.5879763841652899,2.063685817815531,1.9128990526974206,1.9775463182219237,0.021492234069103944,4.007936044091225,isotropic,24,400,200
0.053653915905594526,1.9404469124380905,1.6944471559180467,1.7975693605379077,0.039755347280322345,-5.325894652370937,3.593920357247206,3.5939203572472085,1.4269563700703793,0.5134905423677111,0.513490542367712,2.0000304233349766,1.8396997836095168,1.9046863204673323,0.03035756600982875,3.140703139269304,isotropic,24,400,200
0.0745518744062988,1.843160263662838,1.593699829581317,1.691607454326457,0.05364518459124095,-4.065700843695395,2.8250962409984157,2.825096240998418,1.4150089916938786,0.42815127196895936,0.4281512719689602,1.9305156847975424,1.7710465089659257,1.830629325485716,0.040303542792036406,2.4783518368902056,isotropic,24,400,200
0.10358949358462421,1.7430490839006336,1.508938131516365,1.5919464857356918,0.06809424394561514,-2.9173344310541145,2.219021600204902,2.2190216002049006,1.407749154725546,0.3352999291750876,0.3352999291750871,1.85888929060377,1.712701743467637,1.760656936168512,0.05027716173438268,1.95381662461826,isotropic,24,400,200
0.14393713460023042,1.6466830097662313,1.448064924620627,1.5066363159106497,0.08147530256555835,-1.9459425011418454,1.718885225898907,1.7188852258989051,1.4059588167618848,0.24072419300434633,0.24072419300434586,1.7899477211582158,1.6695957537876036,1.7002211965911664,0.05910108176348672,1.5181875168735632,isotropic,24,400,200
0.20000000000000004,1.5610902597103795,1.41629520531129,1.442573639055173,0.092238186911323,-1.1851662065520614,1.2848975529966484,1.2848975529966458,1.4088085438410727,0.15228171586930675,0.1522817158693061,1.7288427322113546,1.6451113152888923,1.6540603539992196,0.06583333950180759,1.1359347524833032,isotropic,24,400,200
0.27789909887462755,1.492657277743644,1.4152844753056522,1.4043547359089328,0.09923228123143035,-0.6355007424802644,0.8898570176853163,0.8898570176853154,1.414080641212575,0.07857663653106899,0.07857663653106885,1.680269303867176,1.6408510504004301,1.6255539449388436,0.0700124643899187,0.7815088271083781,isotropic,24,400,200
0.38613954577665,1.446138213979965,1.443041743629863,1.3936509304630444,0.10187809668373903,-0.2718565559575197,0.515196938551544,0.5151969385515438,1.4190969261991606,0.02704128778080439,0.02704128778080437,1.6477948020144935,1.6567961847532824,1.6164615547026682,0.07166787736243974,0.43720071620604006,isotropic,24,400,200
0.536539159055945,1.4240037789543851,1.4945529751061022,1.4091905533057831,0.10017564744892131,-0.05521768690533777,0.14787252217316715,0.14787252217316918,1.421813309916206,0.002190469038179026,0.002190469038179087,1.633492500656493,1.6915595853552867,1.6269679705503517,0.07111614491107643,0.09174471021031397,isotropic,24,400,200
0.7455187440629881,1.4262348270042913,1.5627974595738268,1.447233230894509,0.09456582478909993,0.056332329823872866,-0.22205066087086203,-0.22205066087086273,1.4215721175432352,0.00466270946105614,0.00466270946105617,1.6378673170400107,1.7424836667762782,1.6558293698568463,0.06869224410259633,-0.2614858933711368,isotropic,24,400,200
1.0358949358462421,1.4505239830803904,1.639832649217281,1.5023084534432922,0.08573972541108683,0.09998015932107646,-0.6039728972144066,-0.6039728972144065,1.4192475664845952,0.031276416595795366,0.03127641659579536,1.659946773497595,1.8055979521869505,1.7004788022943589,0.06458712109582798,-0.6275558982823597,isotropic,24,400,200
1.4393713460023037,1.492762555720455,1.7178321483994834,1.5680347679596096,0.07452516820071911,0.1045903997578042,-1.0100240503506623,-1.0100240503506641,1.4167358110358093,0.07602674468464574,0.07602674468464597,1.697430155466118,1.8756774506147498,1.7571218038440763,0.058863998392714834,-1.0140603765942269,isotropic,24,400,200
2.0000000000000004,1.5476908445644546,1.790074006476631,1.6379454083386136,0.061874034363858146,0.090254563774159,-1.458682381100374,-1.4586823811003746,1.416038102573189,0.13165274199126575,0.1316527419912659,1.7468871231262249,1.9466716197908007,1.8209724487766064,0.05161384536381286,-1.4353769832139593,isotropic,24,400,200
2.7789909887462754,1.6096253241006258,1.8517800545609115,1.7062755861159808,0.04885420642957616,0.06955780886425837,-1.9783406400158694,-1.9783406400158654,1.4184181828874667,0.19120714121315907,0.19120714121315832,1.804070906348336,2.012621628075761,1.88677006934252,0.043152395739056715,-1.9164443034464942,isotropic,24,400,200
3.8613954577664997,1.6731831886596273,1.9005897998177832,1.7686115498367871,0.03654988880383614,0.04942687803976299,-2.6109070177839775,-2.610907017783977,1.4240286107665567,0.2491545778930706,0.24915457789307052,1.864402408571915,2.068865140606025,1.9495718449354893,0.03412385930696171,-2.4958910889132206,isotropic,24,400,200
5.36539159055945,1.7339007269262754,1.936480558764617,1.822257433827592,0.025866418035708338,0.03293579057930553,-3.4158849044866253,-3.415884904486618,1.4320843856119185,0.3018163413143569,0.30181634131435575,1.9235856782790666,2.1129851139597866,2.0055877999924996,0.025395192253854226,-3.229041185974387,isotropic,24,400,200
7.455187440629877,1.7886300807066406,1.9611468034020398,1.8662204383334247,0.017336007441831093,0.020815132615962344,-4.475676299005363,-4.475676299005356,1.4413607560450934,0.3472693246615472,0.3472693246615461,1.9781928859946314,2.1449751122814233,2.0526975037846094,0.01777299070683558,-4.192013545661909,isotropic,24,400,200
10.358949358462416,1.8356408525053478,1.9771097539067268,1.9008519238823842,0.011046758647305881,0.012590286740568828,-5.903186034841116,-5.903186034841139,1.4506877666353992,0.38495308586994853,0.38495308586995153,2.0260204798604935,2.1665869519326253,2.090435310961462,0.011736809870194875,-5.488274225566811,isotropic,24,400,200
14.39371346002303,1.8744458643559967,1.9869249636871125,1.927318981168094,0.006732865706921658,0.007346695758387335,-7.852988476770237,-7.852988476770188,1.45923388729967,0.4152119770563266,0.41521197705632135,2.066118921214016,2.1803299491683066,2.1195443664226854,0.007360137536951861,-7.258756367044062,isotropic,24,400,200
20.0,1.9054581188761262,1.9927129653570566,1.9471092040967495,0.003952676039684059,0.004165108522062318,-10.537439649102268,-10.537439649102229,1.4665623220441923,0.43889579683193375,0.4388957968319306,2.0985542895383236,2.1886457009134923,2.1413911384461364,0.004417713559543124,-9.696610776241219,isotropic,24,400,200
0.02,1.94184544498871,1.82777679537643,1.880531249300145,0.008559741764849969,-6.131419568856497,7.163089421733237,7.1630894217332335,1.5026463784498683,0.43919906653884155,0.4391990665388412,1.8039539515656244,1.709208484607944,1.752622558989721,0.007917318194126555,6.483431803206222,isotropic,25,400,200
0.027789909887462754,1.8969221785152426,1.7602544202984935,1.8215672678738262,0.014042063066084038,-5.423184957890946,5.366370332249969,5.366370332249971,1.492539821659798,0.40438235685544455,0.4043823568554448,1.76533020298467,1.6546644743332686,1.703669081020857,0.012656515276224578,4.871887768321522,isotropic,25,400,200
0.038613954577665,1.842735660782703,1.6863368509223289,1.7535429641800167,0.021986583344998544,-4.619713136259648,4.056687444480804,4.056687444480796,1.4809087683351996,0.3618268924475035,0.361826892447502,1.7194372383156307,1.5968394857858945,1.6485264360561327,0.0192238519892598,3.6886885260620623,isotropic,25,400,200
0.053653915905594526,1.7800466487634474,1.6110091746007456,1.6792235711560979,0.032608681051997226,-3.7582747095198195,3.0919090976595727,3.0919090976595727,1.4683108578552462,0.3117357909082012,0.31173579090820114,1.6673837216278045,1.5402846800123873,1.5900543437019852,0.02755971423622139,2.8058846061686027,isotropic,25,400,200
0.0745518744062988,1.7110875064024438,1.5409339479514812,1.603240090307433,0.04554127373905916,-2.893218096898684,2.3681247194127932,2.368124719412795,1.4556913744230517,0.255396131979392,0.25539613197939226,1.6116111172490566,1.490565597128599,1.5325172888609386,0.03714213665577848,2.1294905331143017,isotropic,25,400,200
0.10358949358462421,1.6396530623770207,1.4833304178105617,1.5316306352656635,0.05972220965625557,-2.0855865469235404,1.8087479973213363,1.8087479973213378,1.4442677136735633,0.19538534870345745,0.19538534870345778,1.5558834149390575,1.453316843949934,1.4810817489811552,0.047036760926681076,1.5902809735240904,isotropic,25,400,200
0.14393713460023042,1.5707842505876792,1.4445967343260588,1.4708831256913877,0.07361473353096272,-1.3881216292620508,1.357080574831839,1.3570805748318382,1.4352103745870726,0.13557387600060666,0.13557387600060652,1.504911026062478,1.4332668909239805,1.4410099282956723,0.05615806039511417,1.137879359030805,isotropic,25,400,200
0.20000000000000004,1.510085011276323,1.4292485166937097,1.4268264807851518,0.08568056639972922,-0.8325853049117129,0.9717317939139393,0.9717317939139398,1.4291800500834988,0.08090496119282427,0.08090496119282434,1.463671118341713,1.4335217923511112,1.4168090682480834,0.06357477419665747,0.7371170513114222,isotropic,25,400,200
0.27789909887462755,1.462884589974,1.4393826276044446,1.4037530104163245,0.0947611967457959,-0.42556150629586953,0.6240062556016509,0.6240062556016529,1.4259861144264037,0.036898475547596184,0.03689847554759643,1.4366048691064575,1.455117615955878,1.4115339118952128,0.06865466127191011,0.3651748730060716,isotropic,25,400,200
0.38613954577665,1.4334748362359293,1.4744004605531102,1.4038850961675169,0.10010510445400553,-0.15325930944937488,0.2955867258697859,0.29558672586978507,1.4247285018497693,0.008746334386160043,0.00874633438615999,1.426879268097615,1.4967558338365856,1.4263015307310227,0.07103204047215517,0.008133475580203196,isotropic,25,400,200
0.536539159055945,1.4245225706953826,1.5307863614584685,1.4270621971353692,0.10118453788311281,0.009466695569639671,-0.02509895773720256,-0.025098957737201916,1.424458828718697,6.374197668550637e-05,6.374197668550309e-05,1.4358481080108065,1.554815458893131,1.460056899478681,0.07054976794657586,-0.3431448773326452,isotropic,25,400,200
0.7455187440629881,1.4366596740525912,1.6022268663014163,1.4706114339326946,0.09766367248861854,0.09108224347270047,-0.34763959837840414,-0.3476395983784054,1.4248566978836321,0.011802976168959143,0.011802976168959234,1.4628153733611886,1.6238257001770593,1.5096856256952973,0.06726982214765309,-0.6967500557862542,isotropic,25,400,200
1.0358949358462421,1.4682978745273823,1.6805139560569393,1.5295895666634567,0.08963269725740804,0.11833573080653043,-0.6838095250001947,-0.6838095250001954,1.426386031641355,0.04191184288602723,0.041911842886027326,1.5051721656314403,1.6973748373515811,1.5705215738368263,0.06150385530936875,-1.0625253957930587,isotropic,25,400,200
1.4393713460023037,1.5157922521330391,1.7572049224484005,1.5975663150855217,0.07786454441039688,0.11362469202905931,-1.0502092264417549,-1.0502092264417495,1.429912376736713,0.08587987539632609,0.08587987539632523,1.5588861948878407,1.7691775610987375,1.6371342994381006,0.05379515711037719,-1.4545566692873486,isotropic,25,400,200
2.0000000000000004,1.5740266727287877,1.8254228263518335,1.6678236289205133,0.0638022412395953,0.0937969561917252,-1.4701200830781431,-1.4701200830781378,1.436133883699731,0.13789278902905655,0.13789278902905555,1.6192061722579172,1.8340054487546453,1.7041763580705784,0.04485890487140587,-1.8941654072082188,isotropic,25,400,200
2.7789909887462754,1.6373184015964235,1.8810521162945197,1.734573856572562,0.04922280474581907,0.06999335756753562,-1.9758210747712255,-1.9758210747712315,1.4451590240181051,0.19215937757831833,0.1921593775783195,1.6813947992430767,1.8883393718535064,1.7671094802441505,0.03551521060828211,-2.413463964678989,isotropic,25,400,200
3.8613954577664997,1.7003827482506328,1.9229537428157395,1.7937885064476453,0.03575947817108141,0.048379275947582075,-2.612055963180957,-2.612055963180965,1.456401680556688,0.243981067693945,0.24398106769394645,1.7413442243349087,1.9306800919022566,1.8227125407921345,0.026599234652896264,-3.0590472815865795,isotropic,25,400,200
5.36539159055945,1.7590781338606962,1.9523250387152544,1.8434422737045315,0.024518625166887412,0.03144752379016524,-3.4408185316103976,-3.4408185316104025,1.4687964380826566,0.2902816957780396,0.29028169577804036,1.795991041162347,1.9614286894580162,1.86930142318629,0.01881688424778316,-3.8959894241034987,isotropic,25,400,200
7.455187440629877,1.810763452820105,1.9716449085657919,1.883236156596873,0.01593604819215118,0.01944222176944887,-4.5477211729606895,-4.547721172960699,1.4811778033927898,0.3295856494273153,0.32958564942731655,1.843489133880881,1.9823367387320465,1.9066168649489332,0.01259214271506126,-5.013263627686349,isotropic,25,400,200
10.358949358462416,1.8542618054648465,1.9836815595900166,1.9140325210405829,0.009878322973697421,0.011539918481580081,-6.050694610298245,-6.050694610298241,1.4926074588770695,0.3616543465877771,0.3616543465877766,1.8831411533765678,1.9957450937012535,1.9354398549332965,0.008006537211228348,-6.532000061572822,isotropic,25,400,200
14.39371346002303,1.889552785113609,1.9908530489196368,1.9372623124204431,0.005881209192359849,0.006629217323151785,-8.112196955825446,-8.112196955825386,1.5025237029312375,0.3870290821823714,0.3870290821823656,1.915149568541374,2.003927432878427,1.9571043127095136,0.004868376000773722,-8.617810982855845,isotropic,25,400,200
20.0,1.917361394899207,1.994976866463597,1.9544754208103383,0.003387419742127215,0.0037114025911131527,-10.956429594350965,-10.956429594351022,1.5107241830409792,0.4066372118582278,0.40663721185823215,1.9402916217893036,2.008723168261642,1.9730815521871188,0.0028516856767080156,-11.498437806675758,isotropic,25,400,200
0.02,2.0336120326200136,1.892194586051686,1.958014193424265,0.009778231823169021,-7.55978391957483,7.731238179138212,7.731238179138184,1.4491471319694909,0.5844649006505227,0.5844649006505184,1.8658227828370233,1.7695014678140029,1.813426931309431,0.008470388032164156,6.185767562080086,isotropic,26,400,200
0.027789909887462754,1.9783145838628924,1.8090242138081671,1.8857091691712486,0.015920459328561877,-6.664679019590629,5.816755206648233,5.816755206648225,1.4396515557914547,0.5386630280714376,0.538663028071436,1.8264304945264775,1.7141945942121428,1.7635708699499246,0.013483348838771114,4.662018711241918,isotropic,26,400,200
0.038613954577665,1.911852356077221,1.7181905765759184,1.8026638160727737,0.024715300507591683,-5.655392782152577,4.417852009159601,4.417852009159594,1.4294735452413703,0.48237881083585066,0.4823788108358491,1.7796859352999905,1.6556727496222359,1.7074915003318718,0.020375684258482796,3.5431661608155696,isotropic,26,400,200
0.053653915905594526,1.8352781962762348,1.6258287259156239,1.7123942113820139,0.03631849942783166,-4.580615704189749,3.383509418895546,3.3835094188955543,1.4194990759552204,0.41577912032101444,0.41577912032101644,1.726730790158418,1.598476278819239,1.648085764722444,0.02903553953276905,2.708578063349445,isotropic,26,400,200
0.0745518744062988,1.7514337125869983,1.5400550855812227,1.6206257681642586,0.05023726183970382,-3.5091792249206772,2.6038032255842167,2.6038032255842163,1.4108355649670279,0.34059814761997054,0.3405981476199704,1.670031272571585,1.548043934311389,1.5896103890690216,0.03885442874493039,2.069799662491662,isotropic,26,400,200
0.10358949358462421,1.6650115991426166,1.4695293302658716,1.5346586354103133,0.06522365858786153,-2.5167217103115878,1.9985533862180909,1.9985533862180913,1.4044942420718578,0.2605173570707588,0.26051735707075896,1.6133363419163336,1.5097299777703361,1.5371342155814827,0.04879788852370437,1.5615865489309948,isotropic,26,400,200
0.14393713460023042,1.582103318025467,1.4216109304331783,1.4621040530290967,0.07950614240045191,-1.6673843804054482,1.5093081034162752,1.5093081034162754,1.4009874549624484,0.18111586306301877,0.18111586306301886,1.561266645668886,1.4878734321951665,1.49571074183402,0.05771859419601233,1.1357848323927995,isotropic,26,400,200
0.20000000000000004,1.5092788892015871,1.4008581012157133,1.4094164384728152,0.09130411347167017,-0.9986245072877205,1.0937344105504874,1.0937344105504883,1.4000558905176266,0.10922299868396051,0.10922299868396068,1.5186270260139754,1.4852940166424018,1.4695891565357893,0.06474272958479865,0.7574266607643929,isotropic,26,400,200
0.27789909887462755,1.4524760614999914,1.4084152497321065,1.3807736809892228,0.09934394925365198,-0.5160317597367703,0.7217589098224093,0.7217589098224071,1.4007242295108675,0.05175183198912392,0.05175183198912361,1.4896729085708575,1.5032355061095937,1.4617167104968312,0.06947499368678889,0.4023922362635987,isotropic,26,400,200
0.38613954577665,1.4160592923425122,1.442274257526073,1.377626174746254,0.10308120037607758,-0.1990633594337362,0.37284313197789976,0.372843131977902,1.4017297684062484,0.014329523936263848,0.014329523936264021,1.4775468071955058,1.541453344098785,1.4735455265925808,0.07190909810912949,0.055643593205030636,isotropic,26,400,200
0.536539159055945,1.4022837373655586,1.497957305731616,1.398840631060383,0.10255978097640867,-0.01283450144154944,0.033571701035200505,0.0335717010352004,1.4021681464300488,0.00011559093550977029,0.00011559093550976953,1.4839544375066909,1.5981458649920575,1.5049699567654216,0.07216038896790522,-0.29123345313559434,isotropic,26,400,200
0.7455187440629881,1.411177300886417,1.5691915861404528,1.4411343269964432,0.09810023303398305,0.08036558798445259,-0.30537161007200353,-0.30537161007200536,1.4020292755902293,0.009148025296187735,0.009148025296187846,1.5090132961163374,1.6697228227989085,1.5542450973123751,0.07024592429049559,-0.643906413829588,isotropic,26,400,200
1.0358949358462421,1.440708827988717,1.6485209334466373,1.4995658591520178,0.09009804313131853,0.11363513639579559,-0.6532553773395081,-0.6532553773395088,1.4022601558870518,0.038448672101665235,0.038448672101665304,1.5511973431398374,1.75072861060177,1.6179273881641534,0.06607117741330049,-1.0099720882359045,isotropic,26,400,200
1.4393713460023037,1.4871217946154793,1.7281167001094713,1.5680788712008638,0.07908075232322281,0.11248949315301272,-1.0237266870513904,-1.0237266870513904,1.404243874809358,0.08287791980612128,0.08287791980612128,1.6074015342840962,1.834321418725149,1.691050570651491,0.05962181170626346,-1.4029938704228797,isotropic,26,400,200
2.0000000000000004,1.5454131110807505,1.8009556645247917,1.6402270276726922,0.0659147202601577,0.09481391659194173,-1.4384331180914107,-1.4384331180914114,1.409029633398945,0.13638347768180567,0.13638347768180575,1.6732337762413791,1.9134342813962046,1.7677289451376237,0.051210167362336634,-1.8452423368907516,isotropic,26,400,200
2.7789909887462754,1.6099869807285814,1.8620795166353972,1.7100927652385056,0.051880966886967195,0.07204469889633318,-1.9295281201683119,-1.9295281201683132,1.416830054525173,0.19315692620340824,0.19315692620340855,1.743599286900243,1.9822696049808588,1.8421432519572976,0.041582387966506484,-2.3698486276552733,isotropic,26,400,200
3.8613954577664997,1.675438686152626,1.9093328761872945,1.773163867557198,0.038443827225525036,0.0506165102608256,-2.5420252991795413,-2.542025299179537,1.4270188026552943,0.24841988349733174,0.24841988349733088,1.8134877832286507,2.0374718295420107,1.9095877606010412,0.031784091568578976,-3.023524430926091,isotropic,26,400,200
5.36539159055945,1.7372930830956799,1.9431938470342252,1.8268290948714996,0.026828740386905338,0.033375387523759105,-3.3373170146862634,-3.3373170146862723,1.4384830275690872,0.2988100555265928,0.29881005552659434,1.8787334501757516,2.0784475028064926,1.9671669205047861,0.022847111972672085,-3.8706629719682617,isotropic,26,400,200
7.455187440629877,1.7924803012812647,1.9658696536739213,1.8703263956514693,0.017697163652247997,0.020883739004589633,-4.398789314485215,-4.398789314485205,1.450051733191201,0.34242856809006367,0.3424285680900622,1.9365072861693595,2.1067851831019353,2.0139055054361688,0.015481458398957315,-4.999413961673149,isotropic,26,400,200
10.358949358462416,1.8394337902891194,1.9801990062299124,1.9042658952322675,0.011101006054496631,0.012517119777245678,-5.840200845299687,-5.840200845299687,1.4608012761975875,0.378632514091532,0.378632514091532,1.9854278318800205,2.1252012141488317,2.0503442472855498,0.009940551457752633,-6.530464198231275,isotropic,26,400,200
14.39371346002303,1.8778615352006058,1.9888312065030769,1.9300109964316725,0.006670748840337945,0.007246144141455349,-7.817632244781794,-7.817632244781758,1.470176225532621,0.4076853096679849,0.40768530966798117,2.025344629957794,2.1365578250862174,2.0779058086663573,0.00609083771129626,-8.629548380690187,isotropic,26,400,200
20.0,1.9083487242846302,1.9938371035987348,1.9491581252797405,0.0038695773238837674,0.004080940099511045,-10.546216700006726,-10.546216700006758,1.4779639379927265,0.43038478629190363,0.43038478629190624,2.056952088224975,2.1432689372089766,2.0983159953468875,0.0035890347401767997,-11.52507850059837,isotropic,26,400,200
0.02,1.9198987804148848,1.8079271572363167,1.8597696331582336,0.00828667133473422,-6.012914725665117,7.256127922512777,7.256127922512773,1.4835939960490157,0.4363047843658692,0.4363047843658689,2.1594939842960783,2.0415843666850306,2.0966266983959647,0.0078249541891795,8.034204978100409,isotropic,27,400,200
0.027789909887462754,1.8759609394940497,1.742503920482104,1.8024605579493098,0.013543744077534647,-5.289717155786774,5.426887950921701,5.426887950921715,1.4770826045007528,0.39887833499329683,0.39887833499329894,2.111905078251052,1.9713921813272568,2.0354073843311795,0.012482490915949995,6.128399726862572,isotropic,27,400,200
0.038613954577665,1.8232937814161914,1.671656720427643,1.7369191026444406,0.02111229655495334,-4.47375461625014,4.091202420680551,4.091202420680562,1.4699174865396998,0.3533762948764917,0.35337629487649375,2.0544826534253477,1.8941975555703252,1.9648888416671124,0.0189025256614479,4.73977993009494,isotropic,27,400,200
0.053653915905594526,1.7628666769718926,1.60059661771112,1.6661577299659243,0.031147834751163818,-3.6049166355771742,3.104836910127593,3.10483691012759,1.4626011687681888,0.30026550820370385,0.3002655082037032,1.9879071544663507,1.8142908383224905,1.887608854973705,0.02698028284143117,3.7174665692765387,isotropic,27,400,200
0.0745518744062988,1.6971265401694884,1.5360897092289636,1.5949944492570334,0.043227350884385424,-2.739893308539697,2.3626729101585346,2.3626729101585338,1.4558218157127822,0.24130472445670612,0.24130472445670598,1.914268442800643,1.737165649464578,1.8076540190405799,0.03612605418406112,2.9511782055373628,isotropic,27,400,200
0.10358949358462421,1.6300315227783215,1.4851962480504566,1.529496073081913,0.0562356246649524,-1.941035644011126,1.7877537645467836,1.787753764546786,1.4502988941131632,0.17973262866515827,0.17973262866515874,1.8371051770579536,1.6685467162719856,1.730166270352371,0.04531935262519715,2.359674190185266,isotropic,27,400,200
0.14393713460023042,1.5666526221655857,1.4537192370539538,1.475905605455721,0.06856064830809738,-1.2609257084616068,1.3236020800454862,1.3236020800454842,1.4465396820904861,0.12011294007509944,0.1201129400750991,1.7610516993467475,1.6133662558214734,1.6605055613792663,0.053406832409688576,1.8826455985290955,isotropic,27,400,200
0.20000000000000004,1.512391979079617,1.4450069312495395,1.4394209562249194,0.07855699787931762,-0.7297102285469739,0.9288927126110212,0.9288927126110189,1.444609727718116,0.06778225136150087,0.06778225136150051,1.691156182701299,1.5751148292239212,1.6033871509534827,0.05949671001825507,1.4751913462254742,isotropic,27,400,200
0.27789909887462755,1.4720535958037497,1.4595184269304151,1.423271656542648,0.08502870964886872,-0.3510766278742736,0.5737113906885071,0.5737113906885075,1.4440668415897808,0.027986754213968967,0.027986754213969012,1.6320989571969389,1.5557086881485378,1.562299486284083,0.06320867277731068,1.1042704718506748,isotropic,27,400,200
0.38613954577665,1.4490591864589064,1.495105730264686,1.4283422328824578,0.08748045095867668,-0.10730293648002369,0.2368180930644123,0.236818093064411,1.4441530370188278,0.004906149440078525,0.004906149440078472,1.587568992499237,1.5556765882918346,1.5392996023815213,0.06464637602802892,0.7466681519283851,isotropic,27,400,200
0.536539159055945,1.445003906043875,1.5476810458070798,1.4533101231166357,0.08606470561768395,0.03096220259999459,-0.09651130522258916,-0.09651130522258759,1.4442022621927209,0.0008016438511542775,0.0008016438511542515,1.5599292671550737,1.5743303666719473,1.5350530701517382,0.06415349352354482,0.38776059785747735,isotropic,27,400,200
0.7455187440629881,1.45958580968848,1.6119364717534412,1.4950969122577855,0.08132845692634964,0.09526548554842379,-0.4366380958323618,-0.436638095832365,1.4440803094817107,0.015505500206769272,0.015505500206769501,1.5501257680998939,1.6097049508575578,1.5489002445174083,0.06203022992263518,0.019756876349065748,isotropic,27,400,200
1.0358949358462421,1.490820317470578,1.6819585850031278,1.5494182659289657,0.07394237061577447,0.1131349260058268,-0.7924813333735157,-0.7924813333735161,1.4443825371433225,0.04643778032725557,0.04643778032725562,1.5577054026482529,1.6583334239093805,1.5788308566002784,0.05837711335707629,-0.3618790436383375,isotropic,27,400,200
1.4393713460023037,1.535413805854096,1.7517886022140294,1.6113173807012564,0.06456764666561224,0.105467675256944,-1.1755666927161754,-1.17556669271618,1.446184091405685,0.08922971444841099,0.08922971444841173,1.5808564407431678,1.7151828687719297,1.6214477129105032,0.053143883694091176,-0.7637995070324252,isotropic,27,400,200
2.0000000000000004,1.589210267747526,1.8160671925364,1.67569174069707,0.053893978889786434,0.0864814729495439,-1.604659272353953,-1.6046592723539514,1.4504369702922126,0.13877329745531336,0.1387732974553131,1.6165099353997554,1.7741401398299936,1.6721494129294843,0.0463512493707805,-1.2003878705544364,isotropic,27,400,200
2.7789909887462754,1.6476875625903866,1.87078113209463,1.7378651445934419,0.04273840549813256,0.06489951379348544,-2.1099893866418467,-2.109989386641848,1.4574138216509152,0.1902737409394714,0.19027374093947164,1.6606248696048835,1.8291694208781464,1.7257267007811488,0.0383408889207324,-1.6979739648410226,isotropic,27,400,200
3.8613954577664997,1.706496733407999,1.9138726876548873,1.7941670454571361,0.03203533014861343,0.04540861613788054,-2.7366757777251034,-2.736675777725108,1.4665715139975242,0.23992521941047482,0.23992521941047557,1.7087315114474257,1.8757298910485183,1.7773067124574073,0.02984797758112956,-2.297482327691646,isotropic,27,400,200
5.36539159055945,1.761984722786183,1.9453549494997662,1.8423454769820706,0.022648718321807697,0.029955224270036343,-3.548136943294978,-3.548136943294976,1.4768537620327067,0.28513096075347616,0.28513096075347577,1.756638630405081,1.911693458175788,1.8232678894176424,0.02179630974558444,-3.056905494108212,isotropic,27,400,200
7.455187440629877,1.811575759884732,1.9668147158633495,1.8816314888579166,0.015127498032248655,0.018793820955161838,-4.631018878590535,-4.6310188785905275,1.4871463564564917,0.32442940342824017,0.32442940342823906,1.8010620445334713,1.9372853959016612,1.861697751677091,0.01495193708095055,-4.055374685924295,isotropic,27,400,200
10.358949358462416,1.8538996316555112,1.9805796927146146,1.9124434081107609,0.009592508148604201,0.011303033624239919,-6.103072892752071,-6.103072892752067,1.49660269653214,0.3572969351233712,0.3572969351233706,1.8399502470098217,1.9542519040732695,1.892257871872163,0.009686407338765246,-5.40010584244221,isotropic,27,400,200
14.39371346002303,1.8886571554964051,1.9889714408170978,1.935906667464019,0.005815261385465096,0.006565298399032896,-8.125088252389022,-8.12508825238898,1.5047507008772305,0.3839064546191746,0.38390645461917083,1.8724515842873293,1.964858585719542,1.9156692420312609,0.005971685944349492,-7.2370948751624935,isotropic,27,400,200
20.0,1.9163197675141248,1.9938829186208173,1.9534030820655102,0.0033965220039212326,0.0037083314551385675,-10.918025706464801,-10.918025706464894,1.5114431859611792,0.4048765815529456,0.4048765815529525,1.8986352652736844,1.971185049769433,1.9331435004096182,0.0035333142238811455,-9.766534462940712,isotropic,27,400,200
0.02,2.047548299656399,1.8835057010413303,1.9581796935803721,0.014694613536984981,-8.936860607602672,6.081725514665257,6.081725514665235,1.5040329678737572,0.5435153317826421,0.5435153317826382,1.9913282126479206,1.888598507770995,1.935227742140027,0.009471236138861805,5.923246943205809,isotropic,28,400,200
0.027789909887462754,1.9832493147539778,1.7943214555718126,1.8773465626167551,0.022877645092279984,-7.621669344455129,4.629093235341751,4.629093235341751,1.4930156012314864,0.4902337135224915,0.4902337135224917,1.9491444072679853,1.8292135347464795,1.8818592570150918,0.014639427984281195,4.596159790200795,isotropic,28,400,200
0.038613954577665,1.9087430196251787,1.7024038590542738,1.7887704484890063,0.03360598170143975,-6.213948944020694,3.5699766845684042,3.569976684568401,1.4804437378813193,0.42829928174385945,0.4282992817438588,1.8990096715959819,1.765314161354189,1.8214561514652232,0.02141153001972418,3.6220447608983015,isotropic,28,400,200
0.053653915905594526,1.8265119231009308,1.614870541239004,1.6975556944624408,0.04627107541505335,-4.806964280683334,2.786972800648085,2.7869728006480887,1.4671144214113037,0.35939750168962725,0.35939750168962814,1.8418321965708757,1.7006438317613701,1.7564794748841182,0.029517078564009314,2.891638530610872,isotropic,28,400,200
0.0745518744062988,1.740684210825072,1.5390470411320836,1.6100803889713031,0.0595704740145495,-3.503703237345684,2.1924254257548825,2.1924254257548847,1.454345071092108,0.286339139732964,0.28633913973296454,1.7796861859298985,1.6398555156741619,1.6905959123505236,0.03834987690301306,2.323091513557771,isotropic,28,400,200
0.10358949358462421,1.6565458771369843,1.4810140506968197,1.5328097190468233,0.0719404897401573,-2.3889711940541267,1.7199793681845246,1.7199793681845241,1.4437222381234887,0.2128236390134956,0.21282363901349555,1.715826725876053,1.5880346426900993,1.6283662389107831,0.04712889074458593,1.8557722361695315,isotropic,28,400,200
0.14393713460023042,1.5797188994881344,1.4449069925694693,1.4712151994194667,0.08219549321867035,-1.507654023682279,1.3200687266394013,1.3200687266393998,1.4364865583028248,0.1432323411853097,0.14323234118530936,1.6544681353086466,1.5501079642192561,1.5747426093595822,0.05509088080873825,1.447163755211165,isotropic,28,400,200
0.20000000000000004,1.5153573812777292,1.432989338469227,1.429258007814377,0.08983070411820224,-0.860993734633523,0.9584626360053878,0.9584626360053896,1.4328343488296325,0.08252303244809686,0.08252303244809715,1.6003264248886166,1.5300851938645712,1.5344148522170438,0.06158191431910032,1.0703073037001982,isotropic,28,400,200
0.27789909887462755,1.4676207664667202,1.4458042555925135,1.4093346109919325,0.09475580007536864,-0.4194771102952231,0.6151196594659856,0.615119659465984,1.4317678063594872,0.03585296010723295,0.03585296010723277,1.5579644165357798,1.5302430806739185,1.5110668153257603,0.06607386655817749,0.7097753416432284,isotropic,28,400,200
0.38613954577665,1.4393980507342934,1.4819434053277245,1.4122498768290284,0.09684170240396135,-0.14061327932968598,0.2803355706410477,0.2803355706410482,1.4317874519106986,0.0076105988235948725,0.0076105988235949,1.5310505739309737,1.550579904742228,1.5067149730912215,0.06820053249075864,0.3568242057794741,isotropic,28,400,200
0.536539159055945,1.432106065336402,1.5377122421044538,1.4370246288927349,0.09576904965538628,0.018334406625556278,-0.051358592092453526,-0.05135859209245295,1.4318534548370314,0.0002526104993705096,0.0002526104993705039,1.5217228487575327,1.588762648687775,1.5213424888986549,0.06780051964799805,0.005609984419774066,isotropic,28,400,200
0.7455187440629881,1.4454893252562613,1.6072173068024787,1.4807390613709992,0.09122850931674116,0.09456431885972771,-0.38638947823155223,-0.3863894782315539,1.4318691981110878,0.013620127145173487,0.013620127145173608,1.5302376777467046,1.6404915285020814,1.552911469571147,0.06490626710649172,-0.3493313178408721,isotropic,28,400,200
1.0358949358462421,1.4775171778256706,1.6830870540998686,1.5386930865397526,0.08321805884603407,0.11811218801664715,-0.735127802335147,-0.7351278023351473,1.432545066496832,0.04497211132883864,0.04497211132883869,1.5549713792784765,1.700125226049777,1.5976928975797178,0.05971081016881774,-0.7154737673204669,isotropic,28,400,200
1.4393713460023037,1.5245206826138689,1.7577037918916272,1.6049885725076698,0.07224732949015675,0.11180977044914994,-1.1137835884268108,-1.1137835884268086,1.4348968674548177,0.08962381515905112,0.08962381515905075,1.592734341794585,1.761522916211515,1.6508375371086235,0.05258218378885271,-1.1049977602177155,isotropic,28,400,200
2.0000000000000004,1.5816405375284315,1.824626576509702,1.6734470560904795,0.0593730018571741,0.09180651856204834,-1.5462670858868652,-1.5462670858868708,1.4396831396060752,0.1419573979223564,0.14195739792235743,1.6393177699083148,1.819050073655133,1.707130129076272,0.04410758541090365,-1.53743077378236,isotropic,28,400,200
2.7789909887462754,1.6435403659784904,1.8797327360574996,1.7386286189842797,0.0460158640674309,0.06843365335897517,-2.066423285379331,-2.066423285379328,1.4470477858012862,0.19649258017720414,0.19649258017720356,1.6901735198485266,1.8685256991531032,1.7618103699094194,0.03507847918279117,-2.042188023249209,isotropic,28,400,200
3.8613954577664997,1.7052214301684532,1.9216333529294383,1.7966308640168878,0.033593055064115675,0.047345284806082785,-2.721081297130333,-2.7210812971303358,1.4564889293422054,0.24873250082624773,0.24873250082624826,1.7410944660069458,1.9077911857204812,1.8112610447721547,0.02636356218311775,-2.6614984074550025,isotropic,28,400,200
5.36539159055945,1.762708953463509,1.9512512398636406,1.845411697526361,0.02313679827442705,0.030828222942150194,-3.5745111783363233,-3.574511178336333,1.4670870703317562,0.29562188313175264,0.2956218831317543,1.7887471315121732,1.936696409903119,1.8533680868135833,0.01870736778812576,-3.454305064896802,isotropic,28,400,200
7.455187440629877,1.8134225211891388,1.9708740231046258,1.8846000795044806,0.015096385284802909,0.019094773641084584,-4.7148742545007885,-4.714874254500809,1.4778292839899054,0.33559323719923345,0.33559323719923656,1.8309475331961726,1.9565627159429995,1.8874765655140369,0.012557118111098386,-4.501752059487441,isotropic,28,400,200
10.358949358462416,1.8561796471180694,1.983173799387457,1.9149825167593577,0.009388412986811052,0.011353056686825316,-6.263345010908155,-6.263345010908149,1.4878769869232236,0.3683026601948459,0.3683026601948452,1.8666581254345833,1.9694150569962652,1.9140320684381058,0.008009045554636884,-5.9150547565677245,isotropic,28,400,200
14.39371346002303,1.8909242122006884,1.9905389977503873,1.9379293066661203,0.00560459661883501,0.006531336697230152,-8.386882707573434,-8.386882707573454,1.496697998260702,0.3942262139399864,0.3942262139399883,1.8957739744666915,1.9773146519434912,1.9341020396878223,0.004884547034537778,-7.846800317433696,isotropic,28,400,200
20.0,1.9183382754092657,1.994791512344609,1.954947324577053,0.0032351385997689257,0.0036609049167787146,-11.316068242146454,-11.31606824214641,1.5040677767464898,0.4142704986627758,0.41427049866277255,1.9188136294493832,1.9819716006782817,1.9489581198481158,0.0028689904314331827,-10.507002766012791,isotropic,28,400,200
0.02,1.5731271154460722,1.5044637269804895,1.5357145001620829,0.0061618421023956595,-3.741261528398925,6.0716608219226655,6.071660821922655,1.3459704049806092,0.22715671046546304,0.22715671046546226,1.7724595670867032,1.6739574352009388,1.720161392419322,0.006094217448997963,8.581606269395634,isotropic,29,400,200
0.027789909887462754,1.545931247960905,1.4653541507553602,1.5006714028582024,0.0099425929998606,-3.2572862082666516,4.5521168475202805,4.55211684752029,1.339903144552734,0.20602810340817096,0.20602810340817188,1.7328071532963674,1.6149333628870624,1.6689895721121935,0.009761371959042808,6.53776758553434,isotropic,29,400,200
0.038613954577665,1.513693655097517,1.4238701484206069,1.4611350982037061,0.015293607110711505,-2.7222571460842597,3.436635746775488,3.436635746775477,1.333069039677313,0.18062461542020397,0.18062461542020278,1.6848168635549927,1.549776314824837,1.6098496141611678,0.014893950057493832,5.0334027645074215,isotropic,29,400,200
0.053653915905594526,1.4771653514113878,1.3833073594326701,1.4190856675548724,0.02230137573431325,-2.164974648214236,2.6043094627186196,2.6043094627186174,1.325907881152159,0.15125747025922895,0.15125747025922864,1.629021846603092,1.482327503564645,1.544908100069629,0.02153315002847922,3.9062443916573346,isotropic,29,400,200
0.0745518744062988,1.4379655268884577,1.3478024349737576,1.3775108643333693,0.030746233195476882,-1.6218146904159034,1.9662461469908423,1.9662461469908439,1.3190967795718838,0.11886874731657403,0.11886874731657422,1.567238616034019,1.417937807730428,1.4778797465092275,0.029416930745992165,3.037668011540124,isotropic,29,400,200
0.10358949358462421,1.3985842332810445,1.3217968963200806,1.3401321209225379,0.0401168877560494,-1.1285336057899724,1.457045040830527,1.457045040830525,1.3134168728430136,0.0851673604380309,0.08516736043803066,1.5027338783016666,1.362839988003559,1.4137958120104839,0.03798224228425795,2.341569663675276,isotropic,29,400,200
0.14393713460023042,1.362206325952537,1.3095166125483455,1.310983109793442,0.04975671891399902,-0.711744280603641,1.0294733510790934,1.0294733510790963,1.3094733899601847,0.05273293599235239,0.05273293599235268,1.4400766933307896,1.3232204625540627,1.3584067237628699,0.04648370835911253,1.7569589959771224,isotropic,29,400,200
0.20000000000000004,1.3324108135119048,1.3145659274593924,1.2939802626516614,0.059016215667973874,-0.3843055086024304,0.6511862955844924,0.6511862955844866,1.3073853654599514,0.025025448051953315,0.02502544805195287,1.3846352150315284,1.3042074381155244,1.3173429632053235,0.054156726736406036,1.242546510495966,isotropic,29,400,200
0.27789909887462755,1.312815770355017,1.339483306001191,1.2925144950287082,0.06727008629879158,-0.14610536995996232,0.3017875618017968,0.30178756180179733,1.3066890979728232,0.006126672382193698,0.006126672382193722,1.341799386244239,1.3089846945338774,1.295222404736881,0.06033927130435446,0.7719181968973616,isotropic,29,400,200
0.38613954577665,1.3066842255111246,1.3850939794946355,1.3089789392988398,0.07382032640808056,0.011885411959553812,-0.03108512112273713,-0.031085121122737966,1.3066128940550914,7.13314560331411e-05,7.133145603314492e-05,1.3161065648090438,1.338195752944651,1.2948890227545298,0.0645242722446353,0.3288303969407118,isotropic,29,400,200
0.536539159055945,1.3164657288987467,1.4498001061374746,1.3442065341268736,0.07785276678247402,0.10340645136484575,-0.3563239480702935,-0.356323948070293,1.3065810156572115,0.00988471324153523,0.009884713241535203,1.310476623165812,1.3897273634626215,1.316922215212368,0.06635955620369716,-0.09713133142076268,isotropic,29,400,200
0.7455187440629881,1.3432965584506298,1.5292226954112822,1.3969770865195061,0.07856508082289985,0.14400852693876973,-0.6832619212838607,-0.68326192128386,1.306618697706757,0.03667786074387267,0.036677860743872595,1.3257202995531248,1.458874060422201,1.3594843375943477,0.06562568478663033,-0.5144942586275546,isotropic,29,400,200
1.0358949358462421,1.3865826974274111,1.6165702423063915,1.4638606757111428,0.07543158831151722,0.14920041716508964,-1.0244776759119691,-1.0244776759119683,1.3074131338361181,0.07916956359129299,0.07916956359129283,1.360400371089135,1.5388746583664379,1.4185171482254277,0.06224073300471744,-0.9337418492787968,isotropic,29,400,200
1.4393713460023037,1.443846092125487,1.7038245328912809,1.5395928496049294,0.06848492580690914,0.13303968811852254,-1.39807054401135,-1.3980705440113477,1.3099853708088802,0.13386072131660678,0.13386072131660637,1.4110535150915,1.6218667525693944,1.4882911787991866,0.05633791006252098,-1.3709714049025268,isotropic,29,400,200
2.0000000000000004,1.5109729963878311,1.7834693595964335,1.6179826293083108,0.05847709736764301,0.10700963292047962,-1.8299409125544437,-1.8299409125544426,1.3151516910692125,0.1958213053186187,0.1958213053186184,1.4727427518518617,1.7002384252898897,1.562298108278039,0.04838496058567321,-1.850892412480225,isotropic,29,400,200
2.7789909887462754,1.5828742959390913,1.8501542693580524,1.693120503400782,0.046787558495580306,0.07934261601289126,-2.3563146059887856,-2.3563146059887816,1.32309954704224,0.2597747488968513,0.2597747488968504,1.539865624305252,1.7680754919562625,1.6343596877785158,0.03922174070448303,-2.409226662968153,isotropic,29,400,200
3.8613954577664997,1.6543981659742597,1.9015976015330947,1.7604756244185726,0.03504451867020929,0.05494255100495199,-3.0269343814525684,-3.026934381452568,1.333308659912063,0.3210895060621969,0.3210895060621969,1.6070595494360416,1.8221584279601923,1.6996525217226215,0.029912933950990706,-3.095415930723615,isotropic,29,400,200
5.36539159055945,1.7212087271807537,1.93839434845038,1.8174884211382683,0.02462623335459669,0.035889158258987676,-3.909639471500548,-3.90963947150056,1.344789835380462,0.37641889180029175,0.376418891800294,1.6699755779244965,1.8620885160157532,1.755303597099788,0.021456899740673663,-3.976717056357577,isotropic,29,400,200
7.455187440629877,1.7803534101914613,1.963002920112468,1.8635199431919642,0.01631644392000115,0.022311050838844153,-5.097099184617983,-5.097099184617976,1.3564453426470933,0.423908067544368,0.4239080675443668,1.7257209660012731,1.8895833563572852,1.8003945035144722,0.014515315329614253,-5.144465402060509,isotropic,29,400,200
10.358949358462416,1.83039619181296,1.9785402444715698,1.8993360631232508,0.010264310038028116,0.013310205296828198,-6.716464239181804,-6.716464239181812,1.3673640115035972,0.46303218030936294,0.4630321803093641,1.7729053375441852,1.9073935880041453,1.8354947272041493,0.009309471140031889,-6.723194982668982,isotropic,29,400,200
14.39371346002303,1.8711878328954592,1.9878959543371426,1.9264520600352562,0.006179667162090033,0.007678939461076136,-8.94291321688367,-8.942913216883642,1.3769646455861078,0.49422318730935133,0.4942231873093483,1.8113772930882497,1.9183512183329696,1.8620142228413963,0.005700065738426741,-8.883569431801458,isotropic,29,400,200
20.0,1.9034549197853683,1.993320578779143,1.9465930946517664,0.003589309260978674,0.004313817486639812,-12.018517137928633,-12.018517137928624,1.3849980258546,0.5184568939307683,0.5184568939307677,1.8418174983821543,1.9248162067345382,1.8816381474253014,0.003357410266089822,-11.860525192687863,isotropic,29,400,200
0.02,1.6622152966428057,1.6045678865134054,1.6308236194956796,0.005135944164852543,-3.139167714712651,6.112153119177723,6.112153119177804,1.4703445592517788,0.1918707373910268,0.1918707373910319,1.8552609649122271,1.749752206018759,1.7996344185212652,0.005744333888455966,9.683724426734878,isotropic,30,400,200
0.027789909887462754,1.6392565906699552,1.5707679245974866,1.6008132675464704,0.008397980174501506,-2.7667108874526116,4.577686815718972,4.577686815719,1.4632750972551543,0.17598149341480096,0.17598149341480307,1.8130008000179125,1.685953708908795,1.7448535842455102,0.00924734043568698,7.369385419121291,isotropic,30,400,200
0.038613954577665,1.6116700533498598,1.534160410514851,1.5663556235740776,0.013119216716555545,-2.3470494162746487,3.454049944810994,3.454049944810999,1.4551517496836779,0.156518303666182,0.15651830366618247,1.7616243013380055,1.6148782792020573,1.6811599623747815,0.014182655790499599,5.6734324058773185,isotropic,30,400,200
0.053653915905594526,1.5798978703231294,1.4974097012240501,1.5289251044589787,0.019457362629222336,-1.9000576194229166,2.619716085652665,2.6197160856526582,1.4463636956586066,0.13353417466452286,0.13353417466452214,1.701540567742007,1.5403448281584138,1.610642414524874,0.020600566850672575,4.412410293174299,isotropic,30,400,200
0.0745518744062988,1.54513984309797,1.464064012280633,1.4909603633726518,0.02728312863329947,-1.4534706244955418,1.9858235634747272,1.985823563474729,1.437548955602632,0.10759088749533795,0.10759088749533813,1.6344762619848756,1.4677440394768417,1.536990403670618,0.028239494120481545,3.452110646824695,isotropic,30,400,200
0.10358949358462421,1.5094139425428392,1.4380765097128427,1.4556804665909604,0.03612951907376105,-1.037430999852949,1.4872458125495114,1.4872458125495072,1.4294990554396776,0.07991488710316166,0.0799148871031612,1.5636510360562714,1.4033662690345847,1.465246759919616,0.03652378525162403,2.6942518542017746,isotropic,30,400,200
0.14393713460023042,1.4754379808549862,1.423221458043662,1.4266866735074308,0.04528609188378662,-0.6773972190422843,1.076518315439125,1.0765183154391278,1.4229563055937409,0.052481675261245364,0.052481675261245635,1.4936246585702897,1.3534657421930487,1.401192339278498,0.044705722206342724,2.067572443302967,isotropic,30,400,200
0.20000000000000004,1.4463487871724898,1.4226146650377194,1.4074852663893007,0.05399291943160755,-0.3886352078318903,0.7197892092576557,0.7197892092576544,1.4183752442789896,0.027973542893500156,0.027973542893500056,1.4297937333302881,1.3233492795440187,1.350535167852506,0.05207267716929476,1.5220758713845792,isotropic,30,400,200
0.27789909887462755,1.4253390959193042,1.438402015025209,1.4010715133306837,0.06159808428314545,-0.17465031507402295,0.3939665148849544,0.3939665148849525,1.4157784809821825,0.009560614937121617,0.009560614937121525,1.3776496418837407,1.3166576319000716,1.3181127516308302,0.05808177052215191,1.025052950653487,isotropic,30,400,200
0.38613954577665,1.4152957735412812,1.471490653712759,1.4096087882361417,0.06756885078175685,-0.02945559638913011,0.08416578407568547,0.08416578407568484,1.4148171239640472,0.00047864957723397225,0.00047864957723396515,1.34197526272172,1.3348278345948863,1.3072261189978356,0.062350859320935204,0.5573161958365659,isotropic,30,400,200
0.536539159055945,1.418466541846483,1.5211633454850888,1.4341252596314211,0.07137936806872931,0.058369338083319955,-0.2193731635430106,-0.21937316354301356,1.415031439388974,0.003435102457509075,0.0034351024575091683,1.32613093661604,1.376691834060113,1.3191295844836057,0.06456360170894193,0.1084411641716804,isotropic,30,400,200
0.7455187440629881,1.436128691278334,1.5846310320350092,1.4741639573418208,0.07243180862970161,0.10203704834086166,-0.525118270315978,-0.5251182703159775,1.4161556781520677,0.019973013126266228,0.019973013126266186,1.331523129087165,1.4383061432190325,1.3527078378775992,0.06441359655099932,-0.3288856689388749,isotropic,30,400,200
1.0358949358462421,1.46825501391316,1.6568947529093596,1.5274869652011807,0.07017583642015861,0.11435899382910462,-0.8440505209426435,-0.844050520942643,1.4182602545720568,0.04999475934110309,0.049994759341103014,1.3573292045305734,1.5132353825413052,1.4044500581645976,0.06166447074268344,-0.7641491618512777,isotropic,30,400,200
1.4393713460023037,1.5132717301363634,1.7313478052844935,1.590098348680535,0.06442283805978694,0.10675024031505012,-1.1925370079609559,-1.1925370079609565,1.4216531443259395,0.09161858581042395,0.09161858581042405,1.4005574971567571,1.5934566278439426,1.4688550578665422,0.05630400926761503,-1.2130141636124752,isotropic,30,400,200
2.0000000000000004,1.5680830607192835,1.8011639603179899,1.6568017332944305,0.055643554448412486,0.08871867257514676,-1.5944105917496458,-1.594410591749642,1.4266290694795003,0.14145399123978317,0.14145399123978253,1.4564929288239852,1.670822319004874,1.5393048996834426,0.04870544846197378,-1.7002609251018799,isotropic,30,400,200
2.7789909887462754,1.6284870769123962,1.8609568106738967,1.7222233195175956,0.04499724855110143,0.06746063084392231,-2.083154984437484,-2.08315498443749,1.433219955906934,0.1952671210054622,0.1952671210054633,1.519487169252758,1.7387133784604665,1.609259137050226,0.039682273612772434,-2.262268756913498,isotropic,30,400,200
3.8613954577664997,1.6899266217916649,1.9079278219868467,1.7819220814959937,0.034010280786524655,0.04764881541428049,-2.704930908443977,-2.7049309084439668,1.4410852594009134,0.24884136239075158,0.2488413623907497,1.58392619570688,1.7932733033193422,1.673428350499071,0.030342798028080153,-2.949700113660019,isotropic,30,400,200
5.36539159055945,1.748329413297859,1.9419937355060586,1.8331264801734992,0.024070188456919536,0.031608901398676184,-3.5229083074031045,-3.522908307403099,1.4495971219582497,0.29873229133960927,0.2987322913396084,1.6451126561022902,1.8336967204056012,1.728519653836211,0.02177006883546939,-3.8312693618142406,isotropic,30,400,200
7.455187440629877,1.8007362727473248,1.9650060939500016,1.8748556054458745,0.016031155805577228,0.01988396221793386,-4.623455326456473,-4.6234553264564795,1.458048849188816,0.3426874235585088,0.34268742355850973,1.6998147058749848,1.861539711064828,1.7733255788902085,0.014703259159396076,-4.999631185052378,isotropic,30,400,200
10.358949358462416,1.8455377578246694,1.9796377073277576,1.9075273303181357,0.010120804516155523,0.011968312682757923,-6.124964907138978,-6.124964907138991,1.4658538016936409,0.3796839561310285,0.37968395613103006,1.7463765018996746,1.8795462541306065,1.8082592854993735,0.009404185031534062,-6.580345175280355,isotropic,30,400,200
14.39371346002303,1.8823398286525594,1.9884899383833357,1.9323612020029808,0.006107363029934333,0.006950447289276674,-8.190338957296136,-8.1903389572961,1.4726478258031488,0.4096920028494107,0.40969200284940704,1.7844694894769464,1.890596999776399,1.8346633456951151,0.005739797863115292,-8.744882209305866,isotropic,30,400,200
20.0,1.9116171913782896,1.9936389175462035,1.9508518439039013,0.0035524211166905345,0.0039234652525611665,-11.044482407019101,-11.044482407019077,1.478290761813663,0.4333264295646266,0.4333264295646245,1.8146691279877798,1.8970995435393836,1.8541991866891547,0.003370298148853923,-11.728950067760984,isotropic,30,400,200
0.02,1.8961518108279263,1.7831977553840161,1.8351028091324213,0.009143947947099496,-6.104900169550482,6.676438016564827,6.67643801656481,1.4885619350347263,0.40758987579320005,0.4075898757931979,1.7299581226076362,1.639351059159336,1.681007666512381,0.007293848742210507,6.711197040867072,isotropic,31,400,200
0.027789909887462754,1.8518231921296953,1.7190276699303944,1.7781295616516766,0.01459173875673635,-5.303625004647107,5.050366629130997,5.050366629130996,1.4796433399839988,0.37217985214569654,0.3721798521456963,1.6930426423053124,1.5863227299511444,1.6339212327558654,0.011522906744726225,5.130772196564512,isotropic,31,400,200
0.038613954577665,1.7993928874220395,1.6507365570714554,1.714003372738127,0.02212269901724077,-4.422728291771663,3.859814510759576,3.859814510759572,1.469805199578356,0.3295876878436835,0.3295876878436828,1.6488716167625985,1.5289695275306754,1.5802795779783323,0.017281988336609544,3.96898999399064,isotropic,31,400,200
0.053653915905594526,1.7400996626967034,1.583337014579701,1.6458858957012423,0.0316648858739194,-3.511906462194951,2.975338909181405,2.9753389091814024,1.4597817759745573,0.2803178867221461,0.2803178867221455,1.5982064234780662,1.4709739977332383,1.522354601701012,0.02447121780928052,3.0996341239825047,isotropic,31,400,200
0.0745518744062988,1.6765067876263702,1.5228565900326103,1.5783652486230078,0.042632880412965514,-2.632838940266025,2.3020152064019492,2.3020152064019572,1.4505834724609399,0.22592331516543027,0.22592331516543188,1.5429616595882318,1.4170299536537958,1.4636813395363195,0.03262893416938839,2.4297551259363854,isotropic,31,400,200
0.10358949358462421,1.6124014611291462,1.475257171734039,1.5168354976794007,0.05398763750438398,-1.845089885909634,1.7701453122853388,1.7701453122853406,1.4432358189145473,0.1691656422145989,0.16916564221459926,1.486250508708901,1.372196603945215,1.4087209930138882,0.041005126626339816,1.890727381517497,isotropic,31,400,200
0.14393713460023042,1.5523595160982704,1.4453743780728159,1.4666052389410367,0.06452341628901255,-1.1915518173320125,1.3290411774405146,1.3290411774405115,1.4383885506146603,0.11397096548361012,0.11397096548360962,1.4321475810274555,1.3411860169482879,1.362275974116793,0.04878164974215782,1.4323338238862096,isotropic,31,400,200
0.20000000000000004,1.5010912486379728,1.436244176696444,1.4320575947127283,0.0732202359089604,-0.6903365392524456,0.9428220637130788,0.9428220637130795,1.4360047965785192,0.06508645205945351,0.06508645205945363,1.3851985764855648,1.327784603323811,1.3288361816208847,0.05531081656760639,1.0190121636658238,isotropic,31,400,200
0.27789909887462755,1.462770584855042,1.4488942145180341,1.4161049256027751,0.07945494816752621,-0.3358460638501029,0.5873222540385412,0.5873222540385432,1.435362804676806,0.027407780178235936,0.02740778017823612,1.3498023848904532,1.3344514616328766,1.3120160804326833,0.06022168565796315,0.6274534504461098,isotropic,31,400,200
0.38613954577665,1.4405173463820085,1.482426483723292,1.4199812487557848,0.082981332593731,-0.1063661976652455,0.24747852299223141,0.24747852299223108,1.4354351032734463,0.005082243108562101,0.005082243108562088,1.329610500010515,1.3619819985358326,1.314125686688832,0.06334112516868329,0.24446697592512687,isotropic,31,400,200
0.536539159055945,1.436093788819008,1.5341428195133744,1.4432518710901976,0.08373286615198702,0.026682422523584444,-0.08548712829436296,-0.08548712829436374,1.435481864921549,0.0006119238974587935,0.0006119238974588045,1.3270270528331738,1.4091264457410289,1.3358186578802924,0.06451618281361782,-0.1362697646343535,isotropic,31,400,200
0.7455187440629881,1.4497722751441948,1.5995937992628981,1.4838789408210027,0.08160819276508721,0.09149780860218411,-0.4179318830768059,-0.4179318830768074,1.4355180121324154,0.014254263011779376,0.014254263011779471,1.342826313565544,1.4722686364761812,1.3757938932732399,0.06350716349524577,-0.5191159216261299,isotropic,31,400,200
1.0358949358462421,1.4802979342848333,1.6727341151644692,1.5382929842610706,0.07644608092716194,0.11197091127559142,-0.7586399364474321,-0.7586399364474273,1.4363005732565948,0.04399736102823838,0.04399736102823782,1.375917224602979,1.545527057244452,1.4306855154420304,0.06007325096337013,-0.9116918089291787,isotropic,31,400,200
1.4393713460023037,1.5249352401319811,1.7465732658783817,1.601615770192565,0.06827696562523261,0.10654725102532532,-1.123080520031864,-1.1230805200318636,1.4388168305552216,0.08611840957675962,0.08611840957675954,1.4233589924667531,1.6216062946255443,1.4953782993287728,0.054208688434751906,-1.3285565274043738,isotropic,31,400,200
2.0000000000000004,1.5796903489427472,1.8144606678854374,1.6682451795598439,0.05766065770849666,0.08855483061709678,-1.5357929329350604,-1.5357929329350621,1.4436884659037488,0.1360018830389984,0.13600188303899877,1.4807451531296951,1.6933002412271392,1.5638502718391822,0.04634485067846983,-1.7931899119937136,isotropic,31,400,200
2.7789909887462754,1.6398108833258607,1.8715506620022437,1.732796586520411,0.0457683722872821,0.06692047838305541,-2.031658513239036,-2.0316585132390403,1.4508956878211345,0.1889151955047262,0.18891519550472707,1.5429458168355503,1.755069645819962,1.6303331356680444,0.037349191319423714,-2.3397379098552977,isotropic,31,400,200
3.8613954577664997,1.7005231483209484,1.9156831227078406,1.7910696468482188,0.03406697733235181,0.046898329641504186,-2.657896462134391,-2.657896462134384,1.4598599302266597,0.24066321809428873,0.2406632180942875,1.6050096367783668,1.8040164766696531,1.690362354466765,0.028301404514489814,-3.0158474165018583,isotropic,31,400,200
5.36539159055945,1.7577876220470792,1.9472625744332732,1.8406174335781578,0.023815329324037467,0.030875588531811774,-3.47800403698286,-3.4780040369828495,1.4697052031594584,0.2880824188876208,0.2880824188876191,1.6629359768028429,1.8399181299216676,1.741341690852094,0.020170725020322244,-3.887104403548035,isotropic,31,400,200
7.455187440629877,1.8088089842717525,1.9683672744606722,1.8807328720653778,0.015710514601669265,0.01929499113641291,-4.578073323325973,-4.578073323325968,1.4795361522538661,0.3292728320178863,0.32927283201788554,1.7140997659458401,1.8644817647145961,1.782508721599681,0.01356408746107407,-5.043387979483289,isotropic,31,400,200
10.358949358462416,1.8521658595615738,1.9816752999619067,1.911996903485982,0.009847352551516786,0.011551566062156833,-6.075850703161079,-6.075850703161034,1.4886413692625962,0.36352449029897754,0.3635244902989723,1.7572802844599162,1.8803012271170474,1.8144638030892581,0.00865390539844757,-6.60782802636138,isotropic,31,400,200
14.39371346002303,1.887611328586778,1.9896766805086643,1.9356884418439129,0.005911125407616882,0.0066802932253255875,-8.133326556595186,-8.133326556595161,1.4965844665680879,0.39102686201869,0.3910268620186876,1.7923974778679095,1.8899854867935908,1.8385538226094187,0.005275319442663129,-8.749488110279856,isotropic,31,400,200
20.0,1.9157054671263265,1.9943092215099605,1.9532947224191932,0.003425243797900992,0.0037589255292866546,-10.974183886093487,-10.974183886093435,1.5031940674010942,0.41251139972523226,0.41251139972522843,1.8201233163237287,1.8956756133753174,1.856351422097897,0.003096085503252244,-11.701261394787995,isotropic,31,400,200
0.02,1.7135054965374348,1.5959943979468023,1.648659350184413,0.012181194115411378,-6.484614635302196,5.32346383602737,5.323463836027377,1.3682993815213846,0.34520611501605014,0.345206115016051,1.9917816891814006,1.8425317520126245,1.9110874589405435,0.012138523312938077,6.6477798131217165,anisotropic,0,400,200
0.027789909887462754,1.6674244435906513,1.5357516546608339,1.5924522170598683,0.018271664131748418,-5.39564373072014,4.103196402374377,4.103196402374375,1.3597986734115455,0.30762577017910586,0.3076257701791056,1.9314194592204301,1.763023728570537,1.8383844072360256,0.017674373318916192,5.263838796752853,anisotropic,0,400,200
0.038613954577665,1.6153991300727175,1.475923609956333,1.532760311007264,0.02580211801452252,-4.280256708710863,3.2027920738499387,3.2027920738499436,1.350724175377564,0.2646749546951535,0.2646749546951543,1.8625193984217336,1.681487307861514,1.759911230892222,0.02418424449880341,4.242769193579253,anisotropic,0,400,200
0.053653915905594526,1.5595815433477727,1.421217051207547,1.4733195163476405,0.03415956186003846,-3.2154979014733,2.525267371799805,2.525267371799801,1.341746861139025,0.21783468220874763,0.21783468220874697,1.7873930746827582,1.6028470637484649,1.6796004055785148,0.031039327274193784,3.472777233605275,anisotropic,0,400,200
0.0745518744062988,1.5030370880930413,1.375978248470211,1.4183147581046516,0.04238582035394866,-2.2728423842615353,1.9988366222690548,1.9988366222690468,1.3336909921882842,0.16934609590475708,0.16934609590475574,1.7094943945315682,1.5319337023509685,1.6019870523751472,0.03745399213224232,2.870384064182925,anisotropic,0,400,200
0.10358949358462421,1.4493158635501708,1.3434157651623022,1.3716167573296367,0.04949811405319949,-1.5001348791624367,1.5697387204899325,1.5697387204899327,1.3273485679683383,0.12196729558183256,0.12196729558183263,1.6329855934122062,1.4728010041884303,1.5315103583625873,0.04276588087546207,2.372808252099927,anisotropic,0,400,200
0.14393713460023042,1.4018995610163754,1.3253626876457165,1.3362029911238036,0.054856266414484704,-0.9128508786149843,1.1976128560441859,1.197612856044186,1.323220504315026,0.07867905670134935,0.07867905670134939,1.5621389820707456,1.4283997820174126,1.471944208243114,0.04665034760192999,1.9334212597356972,anisotropic,0,400,200
0.20000000000000004,1.3637356289481246,1.3225320794595417,1.313961544318342,0.058344619770982514,-0.49774084629782805,0.8531049619512249,0.8531049619512264,1.3212731103738768,0.042462518574247834,0.042462518574248,1.5007780288232133,1.4005744588001103,1.426098692748268,0.04915510212678775,1.5192590970988509,anisotropic,0,400,200
0.27789909887462755,1.3369942597403481,1.3349254963817636,1.3058164496372433,0.060286856847625324,-0.224382232467552,0.5171576647611031,0.517157664761105,1.3208704162750613,0.016123843465286822,0.016123843465286947,1.4519093807838948,1.3902448844220197,1.3957812716961782,0.05059172181355809,1.1094326715062464,anisotropic,0,400,200
0.38613954577665,1.3230424646292211,1.3621044293674545,1.3119699030145275,0.06120708796762036,-0.057350052517532446,0.18090325781470265,0.18090325781470087,1.321039402160769,0.0020030624684520986,0.0020030624684520587,1.4175926236607161,1.397668855759554,1.381936269715697,0.05138893998887628,0.6938526841133019,anisotropic,0,400,200
0.536539159055945,1.3225405167534456,1.4032612176138035,1.3321042284159486,0.06159327753535189,0.035649631536048665,-0.15527200443284994,-0.15527200443285008,1.321055540073791,0.0014849766796546516,0.0014849766796546536,1.3990089530328655,1.4226810987233196,1.3848667149696088,0.05195662181696781,0.2721931790153116,anisotropic,0,400,200
0.7455187440629881,1.335565465096322,1.4571425193902656,1.3654923976041617,0.06172318927826417,0.08028485600440187,-0.4848571964245293,-0.48485719642452985,1.3210551765029848,0.01451028859333728,0.014510288593337313,1.3966346885004215,1.4647365730830018,1.4044137184746606,0.05254382463410234,-0.14804841536392982,anisotropic,0,400,200
1.0358949358462421,1.3617007486507713,1.5218424105145174,1.411001852023933,0.06153945511742285,0.09518552831400157,-0.8011299950428658,-0.8011299950428663,1.3222041559498225,0.03949659270094878,0.03949659270094884,1.4103905945761528,1.5225912502492072,1.4399469940890255,0.05308785664730875,-0.5567450143868454,anisotropic,0,400,200
1.4393713460023037,1.4000498238650239,1.5944752564972293,1.4669658824547018,0.06059331545284971,0.0929795619115663,-1.1043472054561574,-1.1043472054561554,1.3261512615613724,0.07389856230365137,0.07389856230365109,1.4396440035212579,1.5936562215634407,1.4900882058052023,0.05312381347429396,-0.9495591333697048,anisotropic,0,400,200
2.0000000000000004,1.4491495619308206,1.670904974257951,1.5309505792140725,0.058153377760625936,0.08180101728325218,-1.406642579214671,-1.406642579214675,1.334084767997123,0.1150647939336974,0.11506479393369806,1.483022833299327,1.6734164638228843,1.5522807201505193,0.05187785682117241,-1.335018273594657,anisotropic,0,400,200
2.7789909887462754,1.5068223146412079,1.74591970326406,1.599595039452746,0.053551938999776054,0.06676720089214243,-1.732387781737019,-1.7323877817370161,1.3461039796992482,0.16071833494195956,0.16071833494195903,1.5381514480209553,1.7555312714014544,1.6225384980932611,0.04860572323588741,-1.7361546018514904,anisotropic,0,400,200
3.8613954577664997,1.570104779687278,1.814131574980342,1.6687971794292786,0.04664199580906252,0.05111747854962578,-2.115955761113137,-2.1159557611131397,1.3612760278751113,0.20882875181216687,0.2088287518121674,1.6015470335021156,1.8329684828374027,1.6957370572788264,0.04304140178186522,-2.1883586471943444,anisotropic,0,400,200
5.36539159055945,1.6354259293314015,1.8713344541854562,1.7343596438180713,0.03804109588071471,0.036878469284794296,-2.600706215112618,-2.600706215112628,1.3781284031817422,0.25729752614965934,0.2572975261496613,1.6688910851478287,1.8997985070011916,1.7665166943900146,0.035656203368991335,-2.7379698346427617,anisotropic,0,400,200
7.455187440629877,1.699086033887583,1.9155605351500982,1.7928575316520574,0.028931505733565954,0.025156040276983798,-3.2411551140140586,-3.241155114014063,1.3951580643594992,0.30392796952808393,0.30392796952808465,1.7356809314147488,1.952687638769728,1.8304289481567106,0.02751067387105577,-3.4440456524639016,anisotropic,0,400,200
10.358949358462416,1.757879472095083,1.9472197768018265,1.8422777024834622,0.0205438439299848,0.01629474717326095,-4.10820052352499,-4.108200523524997,1.4111546178289607,0.34672485426612226,0.34672485426612354,1.7980152535260414,1.9912866576219301,1.8847566052166504,0.019788700714670426,-4.383377814507196,anisotropic,0,400,200
14.39371346002303,1.809590012369333,1.9683723252060363,1.8821334952877948,0.013695346999779185,0.010079884266133777,-5.29694376634864,-5.29694376634865,1.425331262735167,0.3842587496341659,0.38425874963416745,1.8531800610470806,2.017491835890477,1.928665721288087,0.013340454361383536,-5.6584024948591,anisotropic,0,400,200
20.0,1.8531692917980451,1.9816983105291008,1.9131133877010744,0.008640826924997217,0.005994409590302928,-6.93731010045067,-6.937310100450668,1.4373185098275765,0.4158507819704687,0.4158507819704686,1.8998378380931398,2.034218571930149,1.9627800916368694,0.008496226749550306,-7.408259619137527,anisotropic,0,400,200
0.02,1.8458997191998094,1.7195406228526129,1.776651611723572,0.012137118605278692,-6.924810747623736,5.705481649171654,5.705481649171648,1.4508059127542703,0.3950938064455392,0.39509380644553826,1.5165281379004805,1.4097476576016958,1.4576410296789284,0.010993736144319755,5.356423644201965,anisotropic,1,400,200
0.027789909887462754,1.7965531719496375,1.6535954687153658,1.7160194785719192,0.018109683521164932,-5.795894531781173,4.446996176581327,4.446996176581336,1.4384201454129513,0.3581330265366863,0.35813302653668766,1.472745214843774,1.3544212413079355,1.4056722606387348,0.015821934874239663,4.239238420469259,anisotropic,1,400,200
0.038613954577665,1.74042749526836,1.586740956914899,1.6508490018981918,0.02547044838687525,-4.6396953821446765,3.5169578489371003,3.5169578489371034,1.425383709914187,0.31504378535417304,0.3150437853541736,1.4234246255963878,1.2989089832117482,1.350492259960408,0.021349088887320455,3.4161816469505433,anisotropic,1,400,200
0.053653915905594526,1.6795375710326632,1.5236481555248422,1.5847699176751955,0.03364589120711476,-3.532553095442802,2.8166189082079707,2.8166189082079747,1.412613206699521,0.26692436433314215,0.2669243643331429,1.3704490678642323,1.2465591330292327,1.2950311522060909,0.026945896481282983,2.7988645955991025,anisotropic,1,400,200
0.0745518744062988,1.6168548793385844,1.4688223756295122,1.5219755614760322,0.04172613201603217,-2.545323470888771,2.273858449810237,2.2738584498102345,1.4011127407045887,0.21574213863399572,0.2157421386339952,1.3163985828968188,1.2002792412843855,1.2424032594140084,0.031871305353187385,2.321691021526052,anisotropic,1,400,200
0.10358949358462421,1.555923364177815,1.4257731506322469,1.4664866093157187,0.04872329617862423,-1.7267533949093705,1.8356055906852564,1.835605590685255,1.3917527569402044,0.16417060723761065,0.16417060723761037,1.2641545286706248,1.1621560340460626,1.1953780938098153,0.035554375097056834,1.9344014533531428,anisotropic,1,400,200
0.14393713460023042,1.500319112430597,1.3966020262752412,1.421509184445911,0.05390276981401656,-1.0950603984659293,1.4620756643231503,1.462075664323152,1.3850930346171275,0.11522607781346958,0.11522607781346986,1.2164494842546345,1.133514080986237,1.156071860227779,0.03781984478531353,1.5964535118954717,anisotropic,1,400,200
0.20000000000000004,1.453143823911998,1.3821446964849717,1.389127971617986,0.057032577160997924,-0.6401585229401205,1.1224436187286588,1.1224436187286604,1.3812896390071079,0.0718541849048901,0.07185418490489033,1.1755525156902822,1.1153041029217572,1.125964012607792,0.03892859339645538,1.2738323878664808,anisotropic,1,400,200
0.27789909887462755,1.416725565247445,1.3825371266470603,1.3704112450068415,0.058440201880822294,-0.33331752731949665,0.7925078755725866,0.7925078755725871,1.380021101704976,0.03670446354246917,0.03670446354246922,1.143193489368303,1.1085185428756366,1.1061456002402787,0.03942083176338196,0.9398048562343618,anisotropic,1,400,200
0.38613954577665,1.3926012696523697,1.3978527399958685,1.3658091341505918,0.05883574134705458,-0.13876918743399008,0.4553717670308442,0.45537176703084287,1.3804008875663953,0.012200382085974437,0.012200382085974366,1.1206811612787753,1.1143236774296443,1.0975772784129199,0.039850281882579885,0.5797671126626338,anisotropic,1,400,200
0.536539159055945,1.3817171084832822,1.42836297796353,1.3755684428696466,0.05894320070751888,-0.02291972732970425,0.10431509554674136,0.10431509554674058,1.3810757098423108,0.000641398640971359,0.0006413986409713495,1.1090590994539127,1.1337571187603914,1.1011428789975932,0.04053046021911744,0.19531533600957057,anisotropic,1,400,200
0.7455187440629881,1.3846638942548355,1.4741312935924853,1.39985171468242,0.05909175848248069,0.04074430200054466,-0.2570209588886651,-0.2570209588886647,1.3807603060851088,0.003903588169726649,0.003903588169726637,1.109137780608063,1.16708283611172,1.1174143699944692,0.04139187673084477,-0.19995685240912678,anisotropic,1,400,200
1.0358949358462421,1.4017370379550655,1.534068625033083,1.4384084544442601,0.05898875409962813,0.07080142053061968,-0.621667927199462,-0.6216679271994613,1.3789395944787597,0.02279744347630577,0.022797443476305714,1.1213345305521607,1.2131009878265648,1.1462193059450894,0.04199690648854704,-0.592538295641251,anisotropic,1,400,200
1.4393713460023037,1.4327179003318524,1.6050178969037747,1.4899521814656225,0.05783143430438216,0.07952677575905903,-0.9896742458872949,-0.9896742458872955,1.3760746063118872,0.056643294019965304,0.05664329401996537,1.1453815707262605,1.2687702650681765,1.186225937723133,0.041699960348170695,-0.979482154319706,anisotropic,1,400,200
2.0000000000000004,1.4764724511950325,1.6815639936362552,1.5516536114467914,0.05472922193770511,0.07518116025175868,-1.3736932042873364,-1.3736932042873322,1.373196602266754,0.10327584892827843,0.10327584892827783,1.1800523804961038,1.3293992903810588,1.2347767432206616,0.03989818443583948,-1.3716003246353305,anisotropic,1,400,200
2.7789909887462754,1.5306295033936959,1.756931966722213,1.619169974172779,0.04922152177035067,0.06372130830048334,-1.7988162006079382,-1.7988162006079402,1.3713614701468273,0.15926803324686847,0.15926803324686886,1.223069435612448,1.3894600300131354,1.2881171951371115,0.03629507535136067,-1.792192436438209,anisotropic,1,400,200
3.8613954577664997,1.591611935559072,1.8246927410240745,1.6873517615789575,0.0416011534252313,0.04958820046639987,-2.3013743162664024,-2.301374316266406,1.371278758913094,0.2203331766459781,0.22033317664597876,1.2712956047829669,1.443815148480134,1.3420173983075332,0.03107595664803453,-2.27577204864711,anisotropic,1,400,200
5.36539159055945,1.6551214905808482,1.8804469601062541,1.751360809938917,0.03284683080926785,0.035874108248652226,-2.929942310626649,-2.9299423106266547,1.373145836847732,0.2819756537331162,0.28197565373311734,1.3211988105150152,1.4888967502968715,1.3926026575944817,0.024890245622923413,-2.8687481900019884,anisotropic,1,400,200
7.455187440629877,1.7169206720571497,1.922639527798346,1.807676328798519,0.024207542258457684,0.024346981873792167,-3.7490653025571317,-3.749065302557136,1.3766717883572972,0.3402488836998525,0.3402488836998534,1.3694527650359165,1.523315406636057,1.4370758000959443,0.01861657148008522,-3.6324107869360596,anisotropic,1,400,200
10.358949358462416,1.773587958330584,1.952233405874727,1.8545557664857695,0.01670983123377239,0.015632436331787118,-4.845519204978006,-4.845519204978001,1.3812568889296581,0.3923310694009259,0.39233106940092505,1.4134629578395361,1.54766937873198,1.4740491752922473,0.013033985987021435,-4.648326115513689,anisotropic,1,400,200
14.39371346002303,1.8229599571510344,1.9716616229363195,1.8918736645448293,0.010874250997695527,0.009575528592422663,-6.33732910969216,-6.337329109692146,1.3862311132275305,0.4367288439235041,0.43672884392350225,1.4516450512615366,1.5637849374778297,1.5034194226726467,0.008591143394072631,-6.02648204508276,anisotropic,1,400,200
20.0,1.8641690574814822,1.9837292012389771,1.9205855355759476,0.006727187568564276,0.005641647809446536,-8.386339390638671,-8.38633939063867,1.3910413249567637,0.4731277325247186,0.47312773252471846,1.483411856395591,1.5738618013903733,1.5259502629967239,0.005373131792516528,-7.916873853788335,anisotropic,1,400,200
0.02,1.8612089175060822,1.7330701121093521,1.7906892234320686,0.012900582751297648,-7.051969407401383,5.466396009662442,5.466396009662461,1.475720343217278,0.38548857428880406,0.3854885742888066,1.7979330154166295,1.6672132607052923,1.7263765032176983,0.012393269686524988,5.773820308028439,anisotropic,2,400,200
0.027789909887462754,1.8108189774824983,1.6650948288853773,1.7283522151061999,0.01920937615547549,-5.935014738101242,4.293047400854396,4.293047400854395,1.4567852576060532,0.3540337198764452,0.354033719876445,1.7446559809967015,1.5992644766446662,1.6629983897932756,0.017923678054816428,4.555850141566392,anisotropic,2,400,200
0.038613954577665,1.7531535242991163,1.5954154214878735,1.6608022059030851,0.02696453398081937,-4.78331315225863,3.4249180223816684,3.4249180223816684,1.4368578295338414,0.31629569476527486,0.3162956947652748,1.6845357331110986,1.5310548234997317,1.595608408433314,0.024373739744202094,3.6484891367127292,anisotropic,2,400,200
0.053653915905594526,1.6901359602575514,1.5287851693489949,1.5916727614875446,0.035575606631457576,-3.67030801417201,2.7677166489394787,2.767716648939492,1.4176177257139662,0.2725182345435852,0.2725182345435878,1.6199048157799263,1.4671016074475713,1.5279384791262163,0.03112946497506508,2.9543179340658665,anisotropic,2,400,200
0.0745518744062988,1.6247446442721243,1.470142311318896,1.5253701529351464,0.044146649720726946,-2.6659153006777134,2.2510086714535285,2.251008671453523,1.4010518025513037,0.22369284172082066,0.22369284172081955,1.5540668686628083,1.4116780450063924,1.4641498559461963,0.0374452017768081,2.4012959858665424,anisotropic,2,400,200
0.10358949358462421,1.5607013482244212,1.4238639259239503,1.4664006776944738,0.051763918759423634,-1.8206609042433695,1.821745199937745,1.8217451999377436,1.3889095543355787,0.17179179388884241,0.17179179388884216,1.490864678372436,1.3682009247237616,1.4081889716888627,0.042687659718472215,1.9367589422522744,anisotropic,2,400,200
0.14393713460023042,1.5019793354739552,1.3932412929374047,1.4187098635681508,0.057800901275058304,-1.1570255603194561,1.4406258391983953,1.4406258391983922,1.3820191826300485,0.11996015284390678,0.11996015284390625,1.4341150914290248,1.3389040201216302,1.363259843759664,0.04649942403132723,1.5237876413614255,anisotropic,2,400,200
0.20000000000000004,1.45227907554872,1.3802275235761998,1.3852248049585203,0.062056989207879304,-0.6705427059019979,1.0805272934782655,1.0805272934782664,1.3798251060317324,0.07245396951698778,0.07245396951698792,1.3870807068834594,1.324756961383506,1.331512680568784,0.048812307129397325,1.138401964229415,anisotropic,2,400,200
0.27789909887462755,1.4146084783208894,1.3854169643897145,1.3676689572008038,0.06468752830899628,-0.33781700847660506,0.7256347915453987,0.725634791545397,1.3805475286976754,0.03406094962321415,0.034060949623213994,1.3521025216661475,1.3255760145768285,1.3139524796002486,0.049773577042478756,0.7664717774521234,anisotropic,2,400,200
0.38613954577665,1.3910443564141601,1.4082213018772327,1.3666230723203938,0.06601951365060475,-0.12648942259797336,0.3699100878417727,0.3699100878417691,1.3820106770698262,0.009033679344333984,0.00903367934433381,1.3304490061221288,1.3403096899826916,1.3105472055554979,0.04966428499382447,0.4007266100600388,anisotropic,2,400,200
0.536539159055945,1.3826849074167704,1.447147204770578,1.3817420520512154,0.06634800808491717,-0.0035145817398075595,0.014210756174447826,0.014210756174445009,1.3826715087290626,1.33986877076727e-05,1.339868770766739e-05,1.3223781320588042,1.3674021133985423,1.3204843922430116,0.048811460971323495,0.038797032051655106,anisotropic,2,400,200
0.7455187440629881,1.3897369061406628,1.4999709095672187,1.411972431802063,0.06576295210375563,0.05965115119767283,-0.33811629420648154,-0.3381162942064821,1.382218712604297,0.007518193536365757,0.007518193536365783,1.3273468346918007,1.405038571148017,1.3424557889725772,0.047473827894663145,-0.31825860586386423,anisotropic,2,400,200
1.0358949358462421,1.4116289561247393,1.5636783250166197,1.4556165273036172,0.06407422653412423,0.08492670377415018,-0.6865095929866802,-0.6865095929866816,1.3814310665382552,0.030197889586484145,0.03019788958648426,1.344252393982083,1.4511435791191374,1.3748307685548897,0.04573443599144067,-0.668607230195855,anisotropic,2,400,200
1.4393713460023037,1.4470527388595589,1.6343097822206991,1.5102289095053625,0.06090470206953292,0.08778300446409268,-1.0372954550155655,-1.0372954550155662,1.381520384183379,0.06553235467617986,0.06553235467617997,1.3715969058298225,1.5031858984629374,1.4156607158523664,0.04346137258802729,-1.0138614452016308,anisotropic,2,400,200
2.0000000000000004,1.4939250089724214,1.707022912911262,1.5725114047970579,0.05592511228956786,0.07858639582463638,-1.4052076537233125,-1.4052076537233116,1.3834948040811126,0.1104302048913089,0.11043020489130875,1.4075336069272217,1.5579931086367778,1.4625766184475766,0.04037347866884655,-1.3633457738886336,anisotropic,2,400,200
2.7789909887462754,1.5493684635381462,1.7765957795940224,1.6384280431226024,0.04910815688696364,0.06409490347043895,-1.8135394449735123,-1.8135394449735103,1.3878554030089771,0.16151306052916903,0.1615130605291687,1.4498409534447614,1.6118350969281805,1.5127320040810255,0.036212042210890694,-1.7367440993800054,anisotropic,2,400,200
3.8613954577664997,1.6098453653712754,1.8383333477946548,1.7036524630297194,0.040873787106491435,0.04858714870540809,-2.295042967612508,-2.295042967612512,1.3945540455781238,0.2152913197931516,0.21529131979315233,1.4959333850873218,1.6609465970015518,1.5629600113578412,0.03095995937319085,-2.1649455499143784,anisotropic,2,400,200
5.36539159055945,1.6715159578834304,1.8890503291181215,1.7642615602868224,0.03204316642790707,0.03457179251057105,-2.894395677532599,-2.894395677532603,1.4030734871768957,0.2684424707065346,0.2684424707065353,1.54301689184679,1.7023627796425451,1.6102037476662763,0.02497217615678249,-2.690468599839597,anisotropic,2,400,200
7.455187440629877,1.730765853718275,1.9276462526174791,1.8174087774485166,0.02359455143872091,0.02324366071818604,-3.6721581232543468,-3.6721581232543374,1.4125993375197619,0.3181665161985132,0.3181665161985116,1.5884099771780271,1.7346217253975762,1.6520688603072287,0.018893981961146,-3.3692676991071053,anisotropic,2,400,200
10.358949358462416,1.7847283934925895,1.954966797336398,1.861679471823372,0.01633624718224295,0.014856927216835951,-4.71045017085847,-4.710450170858487,1.4222541734216114,0.362474220070978,0.3624742200709806,1.6299237424049366,1.7579057732498546,1.6872142102871586,0.013401095080474157,-4.275058682756161,anisotropic,2,400,200
14.39371346002303,1.8316081839770546,1.9730858702720102,1.8970051041044005,0.01068384604026348,0.009086872586282742,-6.121102820172528,-6.121102820172547,1.4313069117549602,0.4003012722220944,0.400301272222097,1.6661352877364757,1.7735908059026768,1.7153906428663401,0.008944807906472452,-5.506586127380482,anisotropic,2,400,200
20.0,1.8707133544392378,1.9844490360026579,1.9242584294965899,0.00664553144871553,0.005354507505735232,-8.057305193808304,-8.057305193808343,1.4392843430767797,0.43142901136245826,0.4314290113624625,1.6964498556397498,1.7835468505732508,1.737169861203461,0.00565698380607893,-7.198183159010264,anisotropic,2,400,200
0.02,1.6808325828709196,1.5687697968368621,1.6184076632816837,0.01278705314441479,-6.242491958923609,4.881884737962652,4.881884737962666,1.3760813206596831,0.30475126221123655,0.3047512622112384,1.9344801315459306,1.7898434658157933,1.8559658211544723,0.012391955052779124,6.335909875161305,anisotropic,3,400,200
0.027789909887462754,1.6365974362309264,1.5117467925405805,1.5647946845120113,0.018754859747483976,-5.167541169416197,3.8284877991981574,3.8284877991981556,1.3617014773262057,0.27489595890472074,0.2748959589047205,1.8758585136787405,1.7136123578336206,1.785773267695778,0.01792433612080524,5.025862345796905,anisotropic,3,400,200
0.038613954577665,1.5868399018131574,1.4549131004169749,1.5078605214549268,0.02603195932027802,-4.090717007468245,3.033939143286396,3.0339391432863825,1.3472212682318168,0.23961863358134053,0.23961863358133847,1.8093026732611988,1.6362054871899927,1.710531637872752,0.024444884705687286,4.04056049261983,anisotropic,3,400,200
0.053653915905594526,1.5334592381373149,1.4024058197191305,1.4508492776139836,0.03416650262847808,-3.079363700822351,2.417864111572108,2.417864111572112,1.3337195793295638,0.1997396588077512,0.19973965880775185,1.7372292357762746,1.562727375360959,1.6342770430737295,0.031402524989774694,3.2784686179238305,anisotropic,3,400,200
0.0745518744062988,1.4791540394042548,1.3583230425244328,1.3974973719033974,0.04248233812189278,-2.1905999856110445,1.922132140339437,1.9221321403394334,1.322199134327846,0.15695490507640883,0.15695490507640825,1.6632089174855407,1.4982560683690884,1.5616883701980253,0.038088245458578474,2.6654036190225785,anisotropic,3,400,200
0.10358949358462421,1.4271388106674752,1.3261560448890157,1.3515235861288866,0.050247683298718,-1.4599014228565008,1.5048499666952369,1.5048499666952375,1.3133492425389273,0.11378956812854792,0.113789568128548,1.5915401780828724,1.4470554982801516,1.4973699004775527,0.0438558754079188,2.147267081762913,anisotropic,3,400,200
0.14393713460023042,1.3807591849768315,1.308437905160124,1.316168930936283,0.05685922826438967,-0.8974786696975854,1.1359678281282743,1.1359678281282746,1.307386734376136,0.07337245060069542,0.07337245060069544,1.526628509438239,1.4121107915010802,1.4452093454155253,0.04832061010826871,1.6849779802093428,anisotropic,3,400,200
0.20000000000000004,1.3431086665360865,1.3066433237346473,1.293887562467361,0.06197686533601208,-0.49221104068725685,0.7941851173316011,0.7941851173316027,1.3040179982260747,0.03909066831001179,0.03909066831001195,1.4723775969472364,1.395084319238197,1.408010074231192,0.0514417677230492,1.2512696504246203,anisotropic,3,400,200
0.27789909887462755,1.316730587637167,1.3212933822279327,1.2862243736880787,0.06557522248894238,-0.21954885116666817,0.4652094616107857,0.4652094616107862,1.3025388082701284,0.01419177936703884,0.014191779367038873,1.4317804404847967,1.3965695255726118,1.3874447678993855,0.05346043025863745,0.8293175414211704,anisotropic,3,400,200
0.38613954577665,1.3034529343843269,1.3521568105829567,1.2938667542113969,0.06787623654448975,-0.04965137747623948,0.14123028413112892,0.14123028413112962,1.3020990754347717,0.001353858949555099,0.0013538589495551128,1.4067798064759127,1.4163670843137084,1.3842126061705506,0.05472167844851983,0.4123996365826476,anisotropic,3,400,200
0.536539159055945,1.3043571551722173,1.3983602810873264,1.316787047781519,0.06914334069650606,0.04633358963462141,-0.17976991687255447,-0.17976991687255306,1.3021226344111083,0.002234520761108929,0.002234520761108894,1.3983241549624592,1.4535335948848338,1.3981986206239874,0.05546050859931828,0.002263490574505612,anisotropic,3,400,200
0.7455187440629881,1.3198199422431385,1.458241825245821,1.354320159863666,0.0694214477616274,0.09255358874682457,-0.49696770570085286,-0.4969677057008515,1.3026744482460848,0.017145493997053726,0.017145493997053632,1.406471739818253,1.5061755682705633,1.42849402495038,0.055659258188056615,-0.39566256987687554,anisotropic,3,400,200
1.0358949358462421,1.3495257840168564,1.5290070825186777,1.405061276223396,0.06841031408874211,0.1072222486755797,-0.8117999887341373,-0.8117999887341386,1.3044420720692427,0.045083711947613646,0.04508371194761379,1.4304362402845074,1.5712101837081083,1.4732978785498225,0.05505066689297067,-0.7785852685244766,anisotropic,3,400,200
1.4393713460023037,1.3923867179270424,1.6065133175639408,1.466649393572844,0.06560124834529535,0.10318765320993512,-1.1320314402390086,-1.1320314402390093,1.3083190342597233,0.08406768366731912,0.0840676836673192,1.4685750145795835,1.6443651782483628,1.5298449683134367,0.05325025620107304,-1.1506039239040995,anisotropic,3,400,200
2.0000000000000004,1.4464173196748593,1.6855230182174368,1.5356682787762876,0.060603780339721205,0.08925095910142805,-1.4726962344778196,-1.4726962344778152,1.314977768282652,0.13143955139220737,0.13143955139220662,1.518399819665073,1.7205224899208997,1.594494821588999,0.04993266640797467,-1.5239523021300725,anisotropic,3,400,200
2.7789909887462754,1.5087047909833973,1.7604906030278316,1.607875933715986,0.05344352657925663,0.07137205059979647,-1.8556249761235009,-1.8556249761235015,1.324680341618097,0.1840244493653003,0.18402444936530044,1.5766885445339338,1.7943269127193144,1.6630182269761045,0.044979003301039544,-1.9193329355116107,anisotropic,3,400,200
3.8613954577664997,1.5756007317483542,1.8266219026504378,1.6787810370124152,0.044660560373961364,0.053441977851055075,-2.31032267396758,-2.3103226739675806,1.3372209329898976,0.2383797987584565,0.23837979875845655,1.6397275907369506,1.860942365027268,1.7310465169630498,0.038576921838119116,-2.367190586364098,anisotropic,3,400,200
5.36539159055945,1.6431527471020746,1.8808052209255868,1.744385821082275,0.03518632586311153,0.03773557708567728,-2.8770572515594917,-2.877057251559493,1.3518993975096807,0.2912533495923938,0.29125334959239413,1.7036734932710942,1.9168414383648538,1.7946292014485312,0.031256528738885514,-2.9099747107963774,anisotropic,3,400,200
7.455187440629877,1.7076701283530418,1.9220606809262146,1.8018293104954215,0.026072188288413123,0.02526004420203405,-3.611479830568173,-3.6114798305681797,1.3676161411830425,0.3400539871699993,0.3400539871700005,1.7649913819537861,1.960396060825498,1.8507934653214682,0.023800512136347596,-3.6050519785516317,anisotropic,3,400,200
10.358949358462416,1.7662464804974964,1.9513432503500772,1.8497043180941435,0.018181094659286353,0.016113185750535382,-4.5903637355531455,-4.59036373555315,1.383144649346164,0.38310183115133245,0.38310183115133317,1.8208794461061317,1.991957109225307,1.8979135437583476,0.017009467814743218,-4.528895230069775,anisotropic,3,400,200
14.39371346002303,1.8170734625457192,1.9708358710233564,1.88796621532047,0.01197690292813523,0.009850516056422542,-5.919122263921405,-5.919122263921435,1.3974505912460162,0.41962287129970294,0.41962287129970705,1.869550723023072,2.0133374131706665,1.935723517960926,0.011441100271886384,-5.783778951789895,anisotropic,3,400,200
20.0,1.859470962139496,1.983106825534293,1.9175389068423656,0.0074999739890572285,0.005806794470286978,-7.742419478733273,-7.742419478733302,1.409884575981992,0.449586386157504,0.44958638615750723,1.910280448860861,2.026988264761361,1.9649909064792754,0.007286900663671325,-7.508055913424517,anisotropic,3,400,200
0.02,1.8960706442934503,1.7461177646971815,1.8142548886945695,0.013678631601492696,-8.181575559888076,5.981282191264843,5.981282191264842,1.4067075223649879,0.48936312192846243,0.4893631219284624,1.9133446043364268,1.7741091952446106,1.8370754455242988,0.013302908532439872,5.733269429474126,anisotropic,4,400,200
0.027789909887462754,1.8375495924462464,1.6662029683050452,1.7416746422910019,0.02040327616928832,-6.899982802642932,4.698997815829137,4.698997815829156,1.3870334110740252,0.45051618137222127,0.450516181372225,1.8565459456699227,1.701591072973159,1.7694926725199178,0.01915167360324599,4.545465579324115,anisotropic,4,400,200
0.038613954577665,1.7704146160612515,1.5836805565705627,1.6627298310458052,0.028635510540204304,-5.5775061732596205,3.760533092792486,3.760533092792494,1.3654624184204214,0.40495219764083024,0.40495219764083207,1.7924043950381516,1.628412767123576,1.697478363634826,0.025860434892075457,3.6707051447311208,anisotropic,4,400,200
0.053653915905594526,1.6967645255437085,1.503643576714257,1.5813707409097826,0.03766662043840067,-4.301411469647978,3.0635555643394894,3.063555564339497,1.343249254538252,0.35351527100545643,0.35351527100545815,1.7232898513769057,1.5589776103722033,1.6247799241393444,0.032707613470420505,3.0118347621617185,anisotropic,4,400,200
0.0745518744062988,1.6197996834866701,1.4310739890187074,1.502212773146931,0.04644812621151567,-3.154499099483523,2.5315748972148273,2.5315748972148278,1.322119613029536,0.2976800704571341,0.29768007045713435,1.652515703659754,1.4973773451046644,1.5555037184765939,0.038885611811230625,2.494804136144308,anisotropic,4,400,200
0.10358949358462421,1.5433943944279145,1.3700306706285779,1.4297232136882272,0.053978637680038015,-2.194646904935919,2.105854938642224,2.1058549386422256,1.3040193770859512,0.23937501734196334,0.23937501734196379,1.5838983905183948,1.4469893999106977,1.4935318566558606,0.04382407711737146,2.062029363915884,anisotropic,4,400,200
0.14393713460023042,1.4715172220261206,1.3233677044885521,1.367586587699894,0.05971175111488474,-1.4441114812363387,1.7405390460960546,1.7405390460960544,1.2906218948957924,0.18089532713032816,0.1808953271303281,1.521250051253439,1.410447927905874,1.4421587911159217,0.04738039692746954,1.6692823460004176,anisotropic,4,400,200
0.20000000000000004,1.4077303464643127,1.292931111170416,1.3184768614535387,0.06370773472765137,-0.8925348501077403,1.4009834974093798,1.4009834974093802,1.2826876868779429,0.12504265958636981,0.1250426595863699,1.467981074397759,1.389788701026367,1.403986558635029,0.04979665815406786,1.2851166751940417,anisotropic,4,400,200
0.27789909887462755,1.3549208567623476,1.2799036204528265,1.284178724712881,0.06646702778941184,-0.5091209891355676,1.0643191730131152,1.0643191730131165,1.2796286492822748,0.07529220748007284,0.07529220748007301,1.42689069742106,1.3865983328350457,1.380980941997542,0.05152714626102162,0.8909819144835307,anisotropic,4,400,200
0.38613954577665,1.3152658952258234,1.2850578983213228,1.265849173155095,0.06862544723695611,-0.2559526606959443,0.7200932607418636,0.7200932607418641,1.279681246694738,0.03558464853108527,0.035584648531085304,1.4001301004008027,1.4021536786263933,1.3746017850827816,0.05308020886163245,0.48093848659426536,anisotropic,4,400,200
0.536539159055945,1.2903384838140866,1.3088558386374292,1.264252510239486,0.07068930197254408,-0.09723791128498342,0.3690229334098177,0.36902293340982,1.2807121613247365,0.009626322489350112,0.009626322489350232,1.3892839628605753,1.4375044429394308,1.3859489431660157,0.05489051946797474,0.060757663197292325,anisotropic,4,400,200
0.7455187440629881,1.2812442790588596,1.3513187242514713,1.279863218496272,0.07283656631778697,-0.0037049653642808747,0.018961088261109146,0.01896108826111033,1.2812180926476384,2.6186411221162204e-05,2.618641122116548e-05,1.3954876828425362,1.4932960162557343,1.4158103171642569,0.057163064769756744,-0.35552037672537024,anisotropic,4,400,200
1.0358949358462421,1.2886834253649055,1.4115559429301983,1.3127358167341012,0.07476773482690154,0.04643789739071694,-0.32169479822921687,-0.3216947982292151,1.280945896176462,0.007737529188443562,0.007737529188443478,1.4194596134835846,1.5691603912039445,1.4644605166573352,0.05969897137285862,-0.7537969606325527,anisotropic,4,400,200
1.4393713460023037,1.3128453758554235,1.4870318353449616,1.3621010677363694,0.07567507572764633,0.06844056194080607,-0.6508839457024999,-0.6508839457025014,1.2807856367756467,0.03205973907977667,0.03205973907977682,1.4613381105668015,1.6627930583810109,1.5311630557226406,0.06180505750253129,-1.1297610256730088,anisotropic,4,400,200
2.0000000000000004,1.3531135597787998,1.5729783113082125,1.4258263582176915,0.07443915465162934,0.07271279843889177,-0.9768084925088577,-0.9768084925088577,1.2820870807496054,0.0710264790291943,0.0710264790291943,1.5203132236206272,1.7691719719314838,1.6135421817921363,0.06240083196783841,-1.4940338971691856,anisotropic,4,400,200
2.7789909887462754,1.4076877661442122,1.66252000782164,1.5000662259197886,0.07007532212627521,0.06648345399439548,-1.318273779878044,-1.3182737798780435,1.2859076647965513,0.12178010134766087,0.12178010134766075,1.5941953552950334,1.8805484921547015,1.7071831856242563,0.06037747620122236,-1.8713572914618684,anisotropic,4,400,200
3.8613954577664997,1.473355231561522,1.74785027330294,1.5794626823499356,0.062280140164590915,0.05495808546363598,-1.703712459670098,-1.703712459670096,1.2925786455894697,0.18077658597205215,0.1807765859720517,1.6791857858947037,1.9876750499044038,1.8058651244322443,0.05513058693461881,-2.2978050041036906,anisotropic,4,400,200
5.36539159055945,1.5456543751846283,1.8221665804562743,1.6580309144026275,0.05175912683564774,0.04188940818997394,-2.171144416226952,-2.171144416226952,1.3016686795465604,0.243985695638068,0.243985695638068,1.7701123045892595,2.082075367367148,1.9026002521039147,0.04698716774857825,-2.819662343207823,anisotropic,4,400,200
7.455187440629877,1.6195128547485256,1.8814161643443434,1.7304415057773734,0.04004600753812211,0.02975878256911422,-2.7700302189487545,-2.770030218948753,1.3122371392513963,0.3072757154971294,0.3072757154971292,1.8611995716435916,2.1583053019788596,1.9911613636403374,0.03718214634177652,-3.4952740705752463,anisotropic,4,400,200
10.358949358462416,1.69016581659871,1.9248921258027412,1.7930941783143886,0.028869585772674036,0.019872355420213414,-3.5652870992386583,-3.5652870992386507,1.3231966564280306,0.36696916017067926,0.36696916017067777,1.9471300499615647,2.2149573651903647,2.0673787480700456,0.027329919011838122,-4.3998922227465975,anisotropic,4,400,200
14.39371346002303,1.7539744887931459,1.9545137724122306,1.8444972425206299,0.0194937761641168,0.01257809584425884,-4.643674625448602,-4.643674625448608,1.3336162742830957,0.42035821451005023,0.42035821451005134,2.023955140713959,2.2540163973391483,2.1296083766463982,0.01875478476031045,-5.633401677636222,anisotropic,4,400,200
20.0,1.8088330147647995,1.9734605072008837,1.8849325006881847,0.01242852058931383,0.0076099485923385194,-6.122972189370338,-6.122972189370335,1.3428779788305323,0.4659550359342672,0.46595503593426685,2.089514838124958,2.2792619538402006,2.1783309847979324,0.012114822369293954,-7.331196774133996,anisotropic,4,400,200
0.02,1.8128776198705463,1.6649684567931136,1.730412715899221,0.01702064486521766,-8.246490397132519,4.844992926199019,4.8449929261990174,1.4133357434697942,0.3995418764007521,0.3995418764007518,2.142749699650914,1.9885773701423812,2.058588768737207,0.014149532318881164,5.947965559356494,anisotropic,5,400,200
0.027789909887462754,1.75495427950713,1.5930687592678758,1.6617864135654852,0.02445021164403546,-6.70515783022938,3.810513679719938,3.8105136797199397,1.399936851826179,0.35501742768095096,0.35501742768095124,2.0798623016144093,1.9060934288962101,1.982941629805551,0.02007247089951747,4.828537168843928,anisotropic,5,400,200
0.038613954577665,1.6910920650016377,1.523620654234747,1.5908659614219451,0.03298079639249428,-5.191185656890218,3.0389230868452235,3.0389230868452213,1.3865126449287692,0.3045794200728683,0.3045794200728678,2.0080686955964087,1.82061440874059,1.900989373727116,0.02670435688276651,4.0098071763861,anisotropic,5,400,200
0.053653915905594526,1.6242209515673658,1.4616995892004279,1.522112019937592,0.041696500892609754,-3.806206123312128,2.448860922233202,2.448860922233204,1.374170379088231,0.250050572479135,0.25005057247913537,1.9294808810107773,1.7363296555611987,1.816267967434757,0.03327460170246166,3.4023822309988687,anisotropic,5,400,200
0.0745518744062988,1.55805938639437,1.4115186407440574,1.4600466269601966,0.04948477321803437,-2.6293841761782017,1.980665021992124,1.9806650219921251,1.3639289420741743,0.19413044432019563,0.19413044432019588,1.8471974333837606,1.6572353435133198,1.7327527185381848,0.03892733982071084,2.9399572478540352,anisotropic,5,400,200
0.10358949358462421,1.4965434976734784,1.3757551084871547,1.408452933551673,0.05539273905728742,-1.700762520860145,1.590290814662583,1.5902908146625858,1.3564538826921257,0.14008961498135256,0.14008961498135303,1.764885851035687,1.5866218520236708,1.6542431134297015,0.043021476199955,2.5718024433132136,anisotropic,5,400,200
0.14393713460023042,1.443213448394525,1.3554396445163517,1.3698637423064737,0.05892560829792962,-1.019190861229414,1.2447848771826497,1.2447848771826535,1.3519088435103266,0.09130460488419832,0.09130460488419885,1.6862509633061427,1.526915959650326,1.5839118857487842,0.045343151458900444,2.256990841276655,anisotropic,5,400,200
0.20000000000000004,1.4007609727958037,1.350337225187635,1.345471929795496,0.060154338392446584,-0.552890430003075,0.9191197921520183,0.9191197921520156,1.349943719085077,0.0508172537107268,0.05081725371072649,1.6145805812401621,1.479841377130006,1.5241450184196652,0.04613192153083778,1.9603684351202129,anisotropic,5,400,200
0.27789909887462755,1.3708516659824443,1.3595588139819785,1.3353915251291362,0.05962742970615077,-0.25520155334728784,0.5946951097516507,0.5946951097516519,1.3497636936258772,0.0210879723565671,0.021087972356567175,1.5525048427548755,1.4467371335327104,1.4766478934168297,0.04594618945392659,1.6509954413980916,anisotropic,5,400,200
0.38613954577665,1.354211032900221,1.382124385387815,1.3390842377662138,0.05816694275560868,-0.07834885237450978,0.2600582808273638,0.26005828082736776,1.3502771845632433,0.003933848336977664,0.003933848336977784,1.5019924061810794,1.4288552822077183,1.4426939969530246,0.045459694482748336,1.3044172404317018,anisotropic,5,400,200
0.536539159055945,1.3508764008236038,1.417283096301554,1.3557691699790233,0.05662115716711106,0.01823825557869262,-0.0864123836427258,-0.08641238364272745,1.3504536049782705,0.00042279584533340306,0.0004227958453334192,1.4645046653264007,1.427473641381527,1.4233607148568774,0.04525687699417258,0.9091204078182652,anisotropic,5,400,200
0.7455187440629881,1.3604897377292557,1.4644770920850487,1.3846846183945953,0.05559759302511393,0.06490750462820113,-0.4351785634750509,-0.43517856347505013,1.349960644317863,0.010529093411392767,0.01052909341139273,1.441172950900674,1.4436686306315452,1.4195982612586235,0.0456450590149724,0.4726621042372554,anisotropic,5,400,200
1.0358949358462421,1.3825129832154812,1.5228958005032958,1.4251026957871906,0.05520339214439556,0.08222786133598975,-0.7715053535171797,-0.7715053535171796,1.3496547919616495,0.03285819125383174,0.032858191253831735,1.432855013918033,1.477666816989213,1.4320116031919123,0.04649862452342157,0.01813840161434812,anisotropic,5,400,200
1.4393713460023037,1.4162655677599698,1.5907123562867447,1.4760392206406527,0.054899482765408805,0.08305522135993304,-1.0887835343750314,-1.0887835343750338,1.3511849987140336,0.06508056904593623,0.06508056904593651,1.4399714997357005,1.5279251233924682,1.460346424085335,0.04720377495749872,-0.43163760457674527,anisotropic,5,400,200
2.0000000000000004,1.4607371891968823,1.6643868000033557,1.535743193823595,0.05363760155304861,0.07500600462671228,-1.3983847609690438,-1.3983847609690365,1.3558499353457136,0.10488725385116865,0.10488725385116753,1.4621346568135547,1.5904275428851267,1.5028750800558484,0.04681203958698488,-0.8702979746607898,anisotropic,5,400,200
2.7789909887462754,1.5142525893372913,1.738650914379467,1.6012770479807923,0.050349407755173436,0.0626302560864091,-1.7284107703244855,-1.728410770324491,1.3638385777362065,0.1504140116010848,0.15041401160108578,1.4977387791122778,1.6588409716792378,1.5560717309748582,0.04443628884179951,-1.3127323046768207,anisotropic,5,400,200
3.8613954577664997,1.5742145880527616,1.8075468405466015,1.6685937361251897,0.04457395634898369,0.048883440768855486,-2.1173608044460694,-2.117360804446071,1.3743798791671906,0.19983470888557106,0.1998347088855713,1.5437895465113667,1.7258194448957849,1.6149410228581074,0.03972694569093704,-1.7910130041276382,anisotropic,5,400,200
5.36539159055945,1.6371847016879262,1.8661303819028245,1.733260991188187,0.0367931012143766,0.03581333734123325,-2.6112582611742416,-2.6112582611742385,1.3863046970274018,0.2508800046605244,0.2508800046605238,1.596187497984527,1.7849731930896204,1.6740205686284337,0.033119553817280156,-2.350063985563033,anisotropic,5,400,200
7.455187440629877,1.6993812926860867,1.9118385741769737,1.7915068049133223,0.02820625703641639,0.02471447242899954,-3.266137442777133,-3.2661374427771266,1.3984867077656902,0.3008945849203965,0.30089458492039545,1.6504385664560062,1.832466246968982,1.7286243941721986,0.02565602508059106,-3.0474645807600367,anisotropic,5,400,200
10.358949358462416,1.7573950574591786,1.9447525468360416,1.841009833982769,0.02012793632968203,0.0161434859135177,-4.15416539251897,-4.154165392518982,1.4100454465216716,0.3473496109375069,0.3473496109375088,1.7025064625003288,1.867447495186706,1.7757260992042663,0.01850175927850195,-3.9574418627862475,anisotropic,5,400,200
14.39371346002303,1.8087822366746096,1.9668300091791715,1.8810774560173826,0.01345733381901542,0.010045388154150119,-5.372179981194997,-5.372179981195011,1.420399306585263,0.3883829300893467,0.3883829300893486,1.7494523537270652,1.8913413677171678,1.8141497241381368,0.012494273167959147,-5.178161990005495,anisotropic,5,400,200
20.0,1.8523040364015628,1.9807771018598719,1.9122880656586316,0.008505006944172364,0.005998402925706814,-7.052790156528902,-7.052790156528824,1.4292492653083664,0.4230547710931965,0.4230547710931872,1.789664300335884,1.9066562996660914,1.844176733226329,0.007967133549317218,-6.842163816259443,anisotropic,5,400,200
0.02,1.7789373842074059,1.6538146230520936,1.7091581681546448,0.014435670950209981,-6.977921605276113,4.8338048361892065,4.833804836189213,1.4416382721860779,0.33729911202132795,0.3372991120213286,1.9340137702278963,1.7954451202752038,1.8580824894393815,0.013293911624336907,5.711733531424184,anisotropic,6,400,200
0.027789909887462754,1.7295317344478023,1.5908447583281264,1.649449680405359,0.021477131965210613,-5.763390695885026,3.7287126685333405,3.7287126685333356,1.4309287650175728,0.29860296943022946,0.2986029694302287,1.8774083237358399,1.7227146703426077,1.7904483735355645,0.019226247007318786,4.522981014816497,anisotropic,6,400,200
0.038613954577665,1.6742017633256165,1.5292114167285016,1.5867014339364136,0.03001031218129055,-4.532057404957659,2.915675413858361,2.9156754138583527,1.4190792042210094,0.2551225591046072,0.2551225591046057,1.813272221594979,1.6491187986701574,1.718149605716299,0.026091808832538366,3.645688824764622,anisotropic,6,400,200
0.053653915905594526,1.6153860234648287,1.4737080180568158,1.524933157899635,0.039227725722374644,-3.371715336653081,2.3058401653298337,2.3058401653298377,1.4068161729754252,0.2085698504894035,0.20856985048940418,1.7439629593643924,1.5792352611845981,1.6450139952053244,0.03317023013834142,2.9830653494530024,anisotropic,6,400,200
0.0745518744062988,1.5563859416559835,1.428432470758386,1.4684150537119278,0.0479883049905141,-2.3599913119454285,1.8331734776097015,1.8331734776097066,1.3951200430751656,0.161265898580818,0.16126589858081888,1.6728542993787274,1.517362563048145,1.575305624634764,0.039605613157344344,2.463001250767764,anisotropic,6,400,200
0.10358949358462421,1.50085007702822,1.3961016145884693,1.4208634106665807,0.05522487028352759,-1.5443007508535904,1.4483812447359907,1.448381244735988,1.3849988896410665,0.11585118738715354,0.11585118738715316,1.6038773601095742,1.4669043546034557,1.5130395498159985,0.04470261508103279,2.0320468976795474,anisotropic,6,400,200
0.14393713460023042,1.4521867320424073,1.3779802793393787,1.3849302377046815,0.06030653597242315,-0.9345259584960266,1.1152438662449582,1.1152438662449602,1.3771793392671199,0.0750073927752875,0.07500739277528777,1.5409230660206314,1.4300809019265979,1.4614389056594812,0.048126156628267136,1.6515792228142487,anisotropic,6,400,200
0.20000000000000004,1.4131264425229468,1.3742111334529825,1.3621079212445188,0.06312173348689201,-0.5101852127842824,0.8082560230862892,0.8082560230862934,1.3718904154107014,0.04123602711224543,0.04123602711224586,1.4873008821120308,1.4079538944693315,1.4226634578680821,0.04992786084519807,1.2946163354436073,anisotropic,6,400,200
0.27789909887462755,1.3855294421919284,1.3842084686772207,1.3529013566644665,0.06393519754021612,-0.23481965691570525,0.5103305656784491,0.5103305656784486,1.368878332847694,0.01665110934423444,0.016651109344234406,1.4454070638899847,1.4007268472340362,1.3978337164362051,0.050466478251610436,0.9426722272276152,anisotropic,6,400,200
0.38613954577665,1.370396601485192,1.4070050478479663,1.3570845574523709,0.06323253442841706,-0.06894939499680926,0.2105252328275909,0.2105252328275943,1.3675940803157711,0.002802521169420816,0.0028025211694209075,1.4166709222254066,1.4082355208536559,1.387307447658274,0.050291547762514544,0.5838650006516394,anisotropic,6,400,200
0.536539159055945,1.3680034258772258,1.4415583149646227,1.3739703077531813,0.0616211253354857,0.022242111410673095,-0.0968317576718997,-0.09683175767190098,1.3674256422173565,0.0005777836598693741,0.0005777836598693897,1.401747561377746,1.4303868857854076,1.3910742509449956,0.04998594527316236,0.2135262297116319,anisotropic,6,400,200
0.7455187440629881,1.3780946159330538,1.4868916343077117,1.402651116075634,0.05968401808949702,0.06587761967928638,-0.411441805170648,-0.41144180517065,1.3679910451857173,0.010103570747336497,0.010103570747336598,1.4008239760350787,1.4672378036705946,1.4090480930712184,0.0499655935632366,-0.16459560368738962,anisotropic,6,400,200
1.0358949358462421,1.400070348998939,1.5418869865666798,1.4421063952859103,0.05774454499379813,0.08115889909748687,-0.7279656682979505,-0.7279656682979517,1.3694695504710404,0.030600798527898668,0.030600798527898772,1.4138524900746228,1.518577709073161,1.4410661625658405,0.05029787401610264,-0.5410501541775984,anisotropic,6,400,200
1.4393713460023037,1.4330744152768353,1.6047615047774286,1.4910787819369427,0.05567835618037906,0.0805968061281864,-1.0417758468334228,-1.0417758468334202,1.3726468670794656,0.06042754819736967,0.06042754819736936,1.4405692933537764,1.583172822059468,1.4865593398490777,0.050623435715089204,-0.9084734342041747,anisotropic,6,400,200
2.0000000000000004,1.475925761871545,1.67256298143832,1.5477686730534472,0.052951397202970985,0.07184291118190207,-1.3567708309285442,-1.3567708309285396,1.3784513955709496,0.09747436630059524,0.09747436630059457,1.480277588326959,1.6580459048664553,1.5440450037918905,0.050233485609633366,-1.269420481000878,anisotropic,6,400,200
2.7789909887462754,1.526934775581935,1.741111466206703,1.609565636588818,0.04891496861100222,0.05946824681440317,-1.6892755602892757,-1.6892755602892717,1.3873484815573471,0.13958629402458772,0.13958629402458705,1.5315078488469351,1.738232566614942,1.610714860832422,0.04831069379703301,-1.6395337297008832,anisotropic,6,400,200
3.8613954577664997,1.5837488730337066,1.8056090217524936,1.673074963055282,0.04320796867563631,0.04626622214614768,-2.0673522213494766,-2.0673522213494744,1.3990803824031395,0.18466849063056703,0.18466849063056673,1.5917553236788402,1.8173590957678545,1.6824125194475548,0.04428938055158538,-2.046928510619447,anisotropic,6,400,200
5.36539159055945,1.6433959628273236,1.8617584444659878,1.7345581705423312,0.036038066208648606,0.03398156730085091,-2.5296087527895716,-2.529608752789575,1.4127912442678194,0.23060471855950423,0.23060471855950493,1.6575020923093384,1.889047602128869,1.754178066169866,0.03819356209847502,-2.5312112447450317,anisotropic,6,400,200
7.455187440629877,1.7026054320424726,1.9068724333473728,1.7906567622139495,0.02816434096194619,0.02362149332198079,-3.1263408680659746,-3.1263408680659714,1.4273269600398137,0.2752784720026589,0.27527847200265837,1.724626902844753,1.9485997148352057,1.8212487329459517,0.03072915178805502,-3.144305146058649,anisotropic,6,400,200
10.358949358462416,1.7583246360967106,1.94038346147081,1.8390645466236224,0.020579004320275422,0.015588436188454577,-3.923411904207772,-3.92341190420778,1.4415487099907547,0.316775926105956,0.31677592610595734,1.7891037956268996,1.9940704177633444,1.8800819977714436,0.023010217847356795,-3.953817506121297,anisotropic,6,400,200
14.39371346002303,1.8082199517890092,1.9635319026975537,1.8788274574878665,0.014096939510829756,0.009810881103748798,-5.008711688421036,-5.0087116884210365,1.4545673127048877,0.3536526390841216,0.3536526390841217,1.847709624424758,2.0261903687427023,1.9289091490423342,0.01608169508279156,-5.049189416883359,anisotropic,6,400,200
20.0,1.8509569552121699,1.9785356180895877,1.9101908593326757,0.009110854636405303,0.005923390412050649,-6.501465173620274,-6.501465173620342,1.4658497904751384,0.3851071647370315,0.3851071647370394,1.8984529468493105,2.0473832852216862,1.967637606669573,0.01056101873185078,-6.550945659400247,anisotropic,6,400,200
0.02,1.9611075052467637,1.7696073984136933,1.855514531087534,0.01968584148538886,-10.559297415922972,5.363904521815966,5.36390452181597,1.3947168736820754,0.5663906315646883,0.5663906315646892,1.9466533800065495,1.8112969448511798,1.871602552136459,0.014745220584811314,5.089840971751792,anisotropic,7,400,200
0.027789909887462754,1.8866569481997608,1.674590167340023,1.766439462147424,0.028368191244936298,-8.651880235608296,4.237756472182398,4.237756472182414,1.3772045186119732,0.5094524295877876,0.5094524295877914,1.890897155815046,1.7411832654008152,1.8055864490619304,0.020907523092000613,4.080383237063416,anisotropic,7,400,200
0.038613954577665,1.8038725951772228,1.5811132146613702,1.6733199656454425,0.03834587854770777,-6.761940389669086,3.404606556852103,3.4046065568521025,1.3593922566590402,0.4444803385181826,0.4444803385181823,1.8281783351773724,1.6706280824346411,1.7354871345357283,0.027832148540556823,3.3303645425208566,anisotropic,7,400,200
0.053653915905594526,1.7162644328659278,1.4956048040128507,1.5816573285282496,0.04855457982227993,-5.017605968389083,2.7722844030443423,2.7722844030443494,1.3430952569716201,0.3731691758943077,0.3731691758943096,1.760817413593289,1.6037651562611388,1.6649046756071242,0.03477321864017968,2.758235841744595,anisotropic,7,400,200
0.0745518744062988,1.6283980710581003,1.4236798198252898,1.4971603880628073,0.05775711475777541,-3.5207078035372574,2.272234053686442,2.272234053686439,1.3301953386292893,0.29820273242881096,0.2982027324288102,1.6920104343294675,1.5443895330723232,1.597749160836471,0.04090164572884891,2.3045838819759736,anisotropic,7,400,200
0.10358949358462421,1.54522874902062,1.3693433593982949,1.4248133134093086,0.0649454816002979,-2.3248580805724632,1.8541002798685702,1.8541002798685713,1.3219664561531916,0.2232622928674283,0.22326229286742855,1.6253888691110994,1.4953970841453994,1.537617298280768,0.045551356694962575,1.9268706181047235,anisotropic,7,400,200
0.14393713460023042,1.4713826685026363,1.334706717740544,1.3682541608962826,0.06958106445061533,-1.432965966604546,1.4821346643747948,1.4821346643747975,1.3185323324940197,0.15285033600861656,0.15285033600861708,1.5644620029218144,1.458507515838992,1.4872881695549396,0.048393179650927376,1.5947254122078722,anisotropic,7,400,200
0.20000000000000004,1.4105876929710066,1.3200933569681828,1.329531875606678,0.07161729872583329,-0.8105581736432861,1.1317910449907915,1.1317910449907926,1.3188494447336505,0.09173824823735614,0.09173824823735634,1.5121200164687107,1.4343819627807928,1.4484971403853466,0.04950769847881009,1.2851107613212018,anisotropic,7,400,200
0.27789909887462755,1.3653494396012844,1.3244576777703136,1.3091841266877342,0.07143886399612996,-0.404213710235088,0.7862010923996892,0.7862010923996917,1.321192209233681,0.044157230367603544,0.044157230367603835,1.4703679728002803,1.4231289899234685,1.4220684293736034,0.04936010397654167,0.9785138104577568,anisotropic,7,400,200
0.38613954577665,1.3368965681006442,1.3460708646103297,1.3065915790527702,0.06978427460543317,-0.15696392342784168,0.43426673443581926,0.4342667344358178,1.3237361194697106,0.01316044863093348,0.013160448630933392,1.4403741080513153,1.4249516844455417,1.4083335412116469,0.04865871007356315,0.6584754670074249,anisotropic,7,400,200
0.536539159055945,1.325379303523985,1.3832212777074526,1.320518133897019,0.06756431343739966,-0.018120465374864423,0.07194877561317675,0.07194877561318047,1.3250295483212768,0.0003497552027081533,0.0003497552027081895,1.4227642878692794,1.4405163199027955,1.4075890458154814,0.04810251614111216,0.31547709498772164,anisotropic,7,400,200
0.7455187440629881,1.3302311007793115,1.434483490943661,1.3495997041301808,0.06551518346261104,0.05196007076981796,-0.29563533714169965,-0.29563533714169987,1.3245050571977135,0.005726043581598104,0.005726043581598114,1.4179575776491773,1.4707101331888568,1.4202890454700188,0.04808961989799654,-0.04848172694620556,anisotropic,7,400,200
1.0358949358462421,1.3505083215301923,1.4982709359592088,1.3924836520383466,0.06381195341270801,0.08104167528121717,-0.6577972975795939,-0.6577972975795932,1.322897062556918,0.027611258973274162,0.027611258973274096,1.426309075466822,1.5157777379504938,1.4467914387544034,0.048503935908508655,-0.4222824994288434,anisotropic,7,400,200
1.4393713460023037,1.38500643347101,1.571905535697978,1.4475006153315504,0.06191073850588698,0.08683538411975675,-1.0094239443549522,-1.0094239443549557,1.3219233099181076,0.06308312355290245,0.06308312355290288,1.4479345702635489,1.5742359581701322,1.4867337154697065,0.04870309749426793,-0.7966463572614453,anisotropic,7,400,200
2.0000000000000004,1.432082766280601,1.6509371320910506,1.5121008677044663,0.05881816296271857,0.08001810142386552,-1.360431835903887,-1.360431835903892,1.3232235936549888,0.1088591726256124,0.10885917262561323,1.4822878244472892,1.6422365319842187,1.5383776441867012,0.047769068058105546,-1.1741870214253538,anisotropic,7,400,200
2.7789909887462754,1.4893387005532706,1.729426479510773,1.5825366415994548,0.053691896865133946,0.0670732229241447,-1.7357915530584371,-1.7357915530584338,1.3275665017228657,0.1617721988304049,0.16177219883040425,1.5277381339674374,1.7139113129895405,1.5983561067232237,0.04493723351053047,-1.5714802011396154,anisotropic,7,400,200
3.8613954577664997,1.5534595567265543,1.801252986007961,1.6541620412804627,0.04638846017359008,0.05215859688826392,-2.1708520648685043,-2.1708520648684977,1.3348493601953135,0.21861019653124072,0.2186101965312394,1.5814340274419267,1.7826871558338133,1.662068891809427,0.03998339965688613,-2.0167085605391493,anisotropic,7,400,200
5.36539159055945,1.6204388180496125,1.8617473122630448,1.722296879420325,0.03759237147200707,0.03796854699289224,-2.7095407228182053,-2.709540722818209,1.344450252818351,0.2759885652312615,0.2759885652312623,1.6395982242613794,1.8429776061987195,1.7246103055157596,0.03335521942857955,-2.5486890121172405,anisotropic,7,400,200
7.455187440629877,1.686164779449095,1.908742658644563,1.7832124488235075,0.028482540446643213,0.02603493745724332,-3.4072687285817556,-3.4072687285817533,1.355497290407918,0.3306674890411769,0.3306674890411763,1.6981690657312616,1.8914618136724153,1.7818220508375633,0.02598677772855007,-3.219059553289569,anisotropic,7,400,200
10.358949358462416,1.747117535003177,1.9425948834246027,1.8347531444881753,0.020206129451429373,0.016919787220198566,-4.337080473311482,-4.3370804733114765,1.3670348443390399,0.38008269066413697,0.38008269066413597,1.7535329048674748,1.9274363004551016,1.8310271865402337,0.018914832242109103,-4.097011312647933,anisotropic,7,400,200
14.39371346002303,1.800877343540015,1.9653813489480938,1.8763852051908665,0.01348828210637595,0.010491783355360851,-5.598033986489559,-5.598033986489558,1.3781817677713963,0.4226955757686186,0.42269557576861844,1.803072230116609,1.9522578993677937,1.8712081338611901,0.01291386176202236,-5.276183453113769,anisotropic,7,400,200
20.0,1.8462820465757566,1.9798493769947108,1.9087990013128162,0.00853342094483494,0.00625169547370598,-7.326130416067141,-7.3261304160671585,1.3882746829566912,0.4580073636190654,0.4580073636190676,1.8453745949905778,1.9683372240513721,1.9026929072298433,0.008326004582263291,-6.884251824863213,anisotropic,7,400,200
0.02,1.8058896623441474,1.65826264247191,1.7239649413748268,0.016222422066403886,-8.192472096932068,5.050091819456728,5.050091819456735,1.3921622991657066,0.4137273631784409,0.41372736317844194,2.366447678710742,2.1884064529274085,2.2703033688517764,0.014247393934597063,6.748203236347481,anisotropic,8,400,200
0.027789909887462754,1.7483167264335564,1.5857866486164665,1.6556175978489969,0.0228681793520286,-6.67142347419988,4.053629594099555,4.05362959409954,1.3725487954559459,0.3757679309776105,0.37576793097760774,2.2943667853372878,2.091797200021137,2.1830264286570817,0.020111128044261406,5.5362561679863775,anisotropic,8,400,200
0.038613954577665,1.6846112292044753,1.5141770807120831,1.5842803957398242,0.030227518436909802,-5.19661011476323,3.3191885623710515,3.3191885623710458,1.3515942743154505,0.3330169548890247,0.3330169548890235,2.2115569984598262,1.9905218865478138,2.0876851939628893,0.026708497081861182,4.637917443174414,anisotropic,8,400,200
0.053653915905594526,1.6172601604433625,1.4475076609141233,1.5136310676077338,0.03750568614201805,-3.862871556960234,2.7630235171069657,2.7630235171069657,1.3309305398820594,0.2863296205613031,0.286329620561303,2.1202353772410736,1.8896456552870928,1.9882367896919924,0.03340745314418214,3.9511718232273743,anisotropic,8,400,200
0.0745518744062988,1.549342239653944,1.3892739389995452,1.4473282539813743,0.043959670690740166,-2.736724904235281,2.3206267032855257,2.3206267032855186,1.3126058603935917,0.23673637926035224,0.23673637926035088,2.023889147885262,1.7945912860339672,1.889469298390371,0.039541837138487246,3.3994335929338018,anisotropic,8,400,200
0.10358949358462421,1.4841029652880655,1.3422341892450518,1.3885648938608073,0.04920736681150273,-1.8445513752649343,1.9415400095118527,1.941540009511855,1.2986119771804425,0.185490988107623,0.18549098810762346,1.9269340920917357,1.71048173571117,1.7963983185295802,0.04461919074374521,2.9255522430212215,anisotropic,8,400,200
0.14393713460023042,1.4246012317122991,1.308598858555452,1.339933062288468,0.05333396569081526,-1.1764603993123495,1.5875093540702525,1.587509354070254,1.2901897207599622,0.1344115109523369,0.13441151095233717,1.8341809748196962,1.6416252821230968,1.7136841723298202,0.04843791228315242,2.4876547483196756,anisotropic,8,400,200
0.20000000000000004,1.3735310918654604,1.2902773820922933,1.3035259614745232,0.056756551008707315,-0.7000513039093724,1.2334281972172236,1.2334281972172236,1.28718479009141,0.08634630177405041,0.08634630177405041,1.7502612259025685,1.5912507517160652,1.6452108258633893,0.05109032589185514,2.0561700910176897,anisotropic,8,400,200
0.27789909887462755,1.3331995593748138,1.2889508437378283,1.2810906681321694,0.059969066848302915,-0.37502022463306245,0.8689294995111141,0.8689294995111113,1.2879206065872637,0.04527895278755007,0.04527895278754979,1.6791658168250716,1.561504983628918,1.593894090019789,0.05288262041441172,1.6124716615223555,anisotropic,8,400,200
0.38613954577665,1.3055676861938308,1.3059114312694486,1.274087907453872,0.06330330255553518,-0.1630487168914174,0.49728493568470566,0.49728493568470533,1.2899132664477617,0.015654419746069164,0.015654419746069147,1.6239879135530912,1.5535861024606203,1.5616872605546321,0.05419949490444731,1.1494692544329792,anisotropic,8,400,200
0.536539159055945,1.2922619300617106,1.3417082352746437,1.2836038814637725,0.06676240240880951,-0.03227368758385607,0.12968449734510626,0.12968449734510687,1.2911391153812974,0.0011228146804131138,0.0011228146804131247,1.5868573199036393,1.5677961846411657,1.5496590812157496,0.0553353421133056,0.6722329214432611,anisotropic,8,400,200
0.7455187440629881,1.2944964928720843,1.3956603685441529,1.310110130165019,0.06993660108619923,0.041886639114778315,-0.22325416234755832,-0.22325416234755596,1.2910106833570516,0.0034858095150327446,0.0034858095150326713,1.568966952245177,1.6033602199421564,1.5579944322723596,0.05633830764261427,0.19476126337380148,anisotropic,8,400,200
1.0358949358462421,1.3128830200873467,1.4653601513388195,1.3531045535150301,0.07203406439610596,0.07765562324103006,-0.5583682354297049,-0.5583682354297046,1.2904245934410543,0.022458426646292485,0.022458426646292454,1.5705737921879255,1.6580628254179426,1.5858496294722308,0.05693735866140637,-0.26829199041612256,anisotropic,8,400,200
1.4393713460023037,1.3471505300911208,1.5464160494020396,1.4107452078040157,0.07207616388512857,0.08836451814817946,-0.8823260601694743,-0.8823260601694769,1.2910392886569548,0.05611124143416599,0.056111241434166306,1.590920691694084,1.7279418600275724,1.6311324872749404,0.05659757717177527,-0.7104861654910168,anisotropic,8,400,200
2.0000000000000004,1.3958658826644834,1.6327177192608078,1.4796737909709723,0.06923601998334653,0.08380790830648882,-1.2104668686421802,-1.2104668686421796,1.2944191863292769,0.10144669633520655,0.10144669633520646,1.628121320097851,1.8073023259100762,1.6903674323429567,0.054688781322013824,-1.1381879562938773,anisotropic,8,400,200
2.7789909887462754,1.4562988566131922,1.7173242424481843,1.5552145242922426,0.06319405047689143,0.07118818886395552,-1.5652686753355283,-1.5652686753355252,1.3014692604952758,0.15482959611791647,0.15482959611791589,1.67911281425622,1.8892231990887336,1.7588055060480074,0.05072500124893864,-1.5710732346892744,anisotropic,8,400,200
3.8613954577664997,1.5245641078444236,1.793792779536751,1.6320010545139643,0.05435477835324635,0.055646694488879905,-1.97658697035463,-1.9765869703546275,1.3122056389227243,0.21235846892169924,0.21235846892169874,1.7397897277187726,1.9666176570276355,1.8308904020277845,0.044626580690839024,-2.041399383478043,anisotropic,8,400,200
5.36539159055945,1.5960851251621304,1.8575244373839745,1.704899780493457,0.04381000155919114,0.04056168258912873,-2.4837856986676523,-2.4837856986676514,1.3258128404447318,0.27027228471739856,0.27027228471739845,1.8053969396275165,2.0336614701658347,1.901084174806515,0.036890060180320816,-2.5938487145662994,anisotropic,8,400,200
7.455187440629877,1.6662935499738807,1.9065839779121032,1.769931704667084,0.03301411855181588,0.027802964182600656,-3.139207079860166,-3.139207079860169,1.340951921017334,0.3253416289565467,0.3253416289565474,1.8711619175488472,2.087018989643248,1.964840013916868,0.02850087935835921,-3.2868493350730725,anisotropic,8,400,200
10.358949358462416,1.7313534570262974,1.9416208133998438,1.824839317889941,0.02329563464625904,0.018049293925213237,-4.013020563003038,-4.013020563003042,1.356192775030455,0.3751606819958424,0.3751606819958432,1.9330004924927096,2.1262130522410887,2.019321339759495,0.020570865214808443,-4.196267214110429,anisotropic,8,400,200
14.39371346002303,1.7886645577433704,1.9650096100038108,1.8691028218017776,0.015468524143625923,0.01117686054843534,-5.200125319748307,-5.200125319748301,1.3703755041366472,0.4182890536067232,0.41828905360672236,1.988044959710732,2.1529920193314727,2.063555363363421,0.013926252315362042,-5.42216254184866,anisotropic,8,400,200
20.0,1.8370003417670124,1.979744253569909,1.9035038229508157,0.00973694943528967,0.006650348118380339,-6.83001196892061,-6.830011968920627,1.3827807693067498,0.4542195724602626,0.45421957246026484,2.0348192443444737,2.1701816070249436,2.098047181522516,0.008906488324385897,-7.099087190730896,anisotropic,8,400,200
0.02,1.708152956763565,1.5935435407024787,1.6450979872594802,0.01150052294708261,-6.305496950408444,5.482791503848977,5.4827915038489525,1.3624357056911127,0.3457172510724522,0.34571725107244894,1.7777904111068685,1.6448884422285681,1.7058090354616402,0.011060782412156023,6.507801434202281,anisotropic,9,400,200
0.027789909887462754,1.6633492591744783,1.5345579172707473,1.590447585266403,0.01701200591241958,-5.24662902494436,4.285307346081599,4.285307346081596,1.3509431804345582,0.31240607873992005,0.3124060787399195,1.723962160153542,1.574061311824938,1.6410450362013114,0.015933399575857266,5.203981959874336,anisotropic,9,400,200
0.038613954577665,1.6127271613338832,1.4754112084678472,1.5322378183216188,0.023662733158493664,-4.168925140799806,3.4015235042015,3.4015235042015126,1.338940769239929,0.2737863920939541,0.27378639209395605,1.6625405110419735,1.5011157683388943,1.5710588977482292,0.021538483884409487,4.247356210618094,anisotropic,9,400,200
0.053653915905594526,1.5582575973205706,1.4203234554847433,1.473873738641907,0.030833575521499953,-3.1454874170652944,2.736752298474874,2.736752298474871,1.327319878127559,0.23093771919301154,0.2309377191930111,1.5954796053309268,1.4300632440218328,1.499131636189132,0.027279576974495345,3.531871818682304,anisotropic,9,400,200
0.0745518744062988,1.5027308730627902,1.373183621615936,1.4191365195759367,0.03764145552685273,-2.2425822060830884,2.2208055537921165,2.220805553792115,1.3170840685735246,0.18564680448926565,0.1856468044892654,1.5256607793137191,1.3648001924207018,1.4289943579123856,0.03247225590964975,2.9768926948068075,anisotropic,9,400,200
0.10358949358462421,1.4493552274806443,1.3368630854455232,1.3714854932792209,0.043247326367725956,-1.5034291897143073,1.8005675897582192,1.8005675897582216,1.3091455078544743,0.1402097196261701,0.1402097196261705,1.456527190075514,1.3086766779395809,1.3642931176938102,0.03661763262747453,2.5188431300307395,anisotropic,9,400,200
0.14393713460023042,1.4012498096769423,1.313025808293124,1.333544245358408,0.04718712725325046,-0.9407657656459416,1.4348312402058845,1.434831240205887,1.3041037508569406,0.09714605882000178,0.09714605882000212,1.3916283688147728,1.2644274838996858,1.30822978711857,0.0395962784773185,2.1062227285823116,anisotropic,9,400,200
0.20000000000000004,1.3610349077318045,1.3024505560157598,1.30697675174145,0.049531960264664554,-0.5405815599035462,1.0913792973568006,1.0913792973568017,1.302036955430647,0.0589979523011575,0.05899795230115762,1.3342502861621726,1.2343553939330634,1.2634669260792837,0.04167182793666857,1.6985902368012995,anisotropic,9,400,200
0.27789909887462755,1.3306622356015376,1.3055893324252632,1.2927240574011092,0.050803453224582414,-0.27303563310612916,0.746763768846941,0.7467637688469394,1.3023313786653987,0.028330856936138803,0.02833085693613868,1.2872292994521117,1.2205305496750616,1.2322151588817274,0.04332953136371831,1.2696684879553084,anisotropic,9,400,200
0.38613954577665,1.3114909042270337,1.3230020693504707,1.2913885954426694,0.051715782692165445,-0.10411939934270151,0.38870742620336896,0.3887074262033657,1.3036769875187182,0.007813916708315646,0.007813916708315514,1.252927420040259,1.224811802817921,1.2163424216795948,0.04505437949898994,0.8120186931324684,anisotropic,9,400,200
0.536539159055945,1.3044939632963979,1.355413390957763,1.3035179803969794,0.052871393460202074,-0.0036380677270072357,0.018459564530923945,0.01845956453092484,1.304475947077085,1.8016219312893514e-05,1.8016219312895252e-05,1.2332665839489707,1.2486072518410711,1.2173681837582773,0.047137468273487304,0.3372773458780681,anisotropic,9,400,200
0.7455187440629881,1.310435024484513,1.4033159910529331,1.329621807658023,0.05450740022140006,0.05147230254451923,-0.35200327103432605,-0.35200327103432777,1.3036812140468113,0.006753810437701876,0.006753810437701941,1.2297111948579065,1.2923847346985562,1.2362759005144563,0.04954412852754997,-0.13250219252316534,anisotropic,9,400,200
1.0358949358462421,1.3298837868573943,1.4662075365876803,1.3698763394182993,0.05633864460847559,0.07721353040158362,-0.7098600408091568,-0.7098600408091585,1.3014946718644478,0.028389114992946413,0.02838911499294656,1.2431281311061568,1.35500495805589,1.2731441993838852,0.051844690394276416,-0.5789612793413872,anisotropic,9,400,200
1.4393713460023037,1.363012401803325,1.541707878876686,1.4235898572557388,0.05754056616853305,0.08417210141171874,-1.052778230839543,-1.052778230839545,1.2992377754233715,0.06377462637995351,0.06377462637995376,1.2735112051524347,1.4330566373583522,1.3266661565294051,0.05323552945197685,-0.9984863853926901,anisotropic,9,400,200
2.0000000000000004,1.4092117654672847,1.6250187116540542,1.4886334471244078,0.05696358287252319,0.07942168165712302,-1.3942536205080034,-1.3942536205080012,1.2984777982700066,0.11073396719727806,0.1107339671972777,1.3196325388190797,1.520584783322428,1.3937423066050687,0.052732708931370276,-1.4053851828936037,anisotropic,9,400,200
2.7789909887462754,1.4666855973942245,1.70930500278509,1.5611813685505496,0.053627863078215286,0.06800725266040265,-1.7620648247442678,-1.762064824744269,1.3001779229525803,0.16650767444164427,0.16650767444164447,1.378783345494165,1.6097190057582826,1.469463210789039,0.04957592967436941,-1.82911073761982,anisotropic,9,400,200
3.8613954577664997,1.5322786948581848,1.787222160241324,1.6360987326969503,0.04730338970560841,0.053773325718271224,-2.1947695183133207,-2.1947695183133216,1.3044176404195267,0.22786105443865806,0.22786105443865817,1.4468322702226268,1.6923515051868983,1.5477526220229902,0.043678531363544604,-2.3105253004132487,anisotropic,9,400,200
5.36539159055945,1.6017619332848532,1.8529865098327516,1.7079938608342755,0.03876072144905358,0.03959894660301783,-2.740710791182041,-2.74071079118204,1.3106109430820827,0.2911509902027706,0.2911509902027703,1.5187464879263446,1.7622348740777345,1.6225916834871315,0.035797995029815954,-2.9008662489140735,anisotropic,9,400,200
7.455187440629877,1.6705680332220463,1.9038333275466597,1.7724771529621157,0.02944705484447464,0.027339116702734183,-3.460757630204617,-3.4607576302046086,1.317885269494165,0.3526827637278813,0.35268276372787954,1.5894729016096396,1.8163899633040015,1.68930901861623,0.027244827681180972,-3.6644062562946953,anisotropic,9,400,200
10.358949358462416,1.7346865166247745,1.9401093126618048,1.8269898985217214,0.020816032243136485,0.017820992979667886,-4.434244759943696,-4.434244759943694,1.3253907291231555,0.40929578750161894,0.4092957875016186,1.6548400859640082,1.8551325846805213,1.7453279069671301,0.01931685671026928,-4.684396760836173,anisotropic,9,400,200
14.39371346002303,1.7913288885230836,1.9642345302846098,1.870885010171383,0.013793398464927626,0.011054287258011322,-5.767695455952075,-5.767695455952069,1.3324734071990167,0.4588554813240669,0.45885548132406595,1.7121257275855868,1.8809748946696279,1.7901272260575134,0.012846170140187851,-6.071965233272707,anisotropic,9,400,200
20.0,1.8391432370113858,1.9793637615823307,1.9049292688939028,0.008648460805911046,0.006578603188251691,-7.606675148201349,-7.606675148201343,1.3387302631918623,0.5004129738195235,0.5004129738195225,1.7601454769281348,1.8972275655532322,1.8246443854385874,0.008084271604192228,-7.978320332162721,anisotropic,9,400,200
0.02,1.65487170878757,1.5345706492573665,1.5880758162243027,0.013290725596331411,-6.679589256326728,5.025752136640655,5.025752136640659,1.31917210901891,0.33569959976865993,0.33569959976866043,1.5465581371035089,1.4381309708995058,1.486438689509114,0.011811728984786996,5.089809262625836,anisotropic,10,400,200
0.027789909887462754,1.6075902297141773,1.473938333152145,1.5309505710356814,0.019627420794959008,-5.515646433461173,3.904723879878275,3.904723879878264,1.3083335243265342,0.2992567053876431,0.2992567053876415,1.501964101400264,1.3828846319267976,1.4339023652143676,0.017044002898326305,3.993295271768579,anisotropic,10,400,200
0.038613954577665,1.55461057673129,1.414283890357542,1.470765039017712,0.027364389053408187,-4.342758395540038,3.0640383583910213,3.064038358391026,1.297704632996966,0.2569059437343242,0.2569059437343249,1.4520989934000876,1.3285392193068875,1.3787550065824563,0.02312819954206269,3.1711931006234364,anisotropic,10,400,200
0.053653915905594526,1.4981934067929341,1.3604235142032692,1.4113416197648538,0.03593368146649564,-3.237481759240026,2.4170021963672266,2.417002196367227,1.2882724467876454,0.20992096000528862,0.20992096000528868,1.399137392285543,1.2790140539707768,1.3243448289430286,0.029461788370262365,2.5386294410425956,anisotropic,10,400,200
0.0745518744062988,1.4415129355543732,1.3169575298926226,1.357004366135517,0.04446173317596216,-2.2671078384507086,1.900703445014265,1.900703445014267,1.2808872065267258,0.16062572902764738,0.16062572902764766,1.346050259141468,1.2378100859035355,1.2742830809631371,0.03529418311872945,2.0333996097007394,anisotropic,10,400,200
0.10358949358462421,1.3882693730926923,1.2874475244358052,1.3118618499950176,0.05199319753846223,-1.4751983131427455,1.4695676879874866,1.4695676879874835,1.275983346029192,0.11228602706350019,0.11228602706349969,1.296175857884918,1.2074626731352072,1.231828461951761,0.03998160711660326,1.6094249474637898,anisotropic,10,400,200
0.14393713460023042,1.3421472314610066,1.2739132719127972,1.2791442436363136,0.05777201610117653,-0.8754236771445653,1.0905450783361164,1.090545078336117,1.2734396331683173,0.06870759829268915,0.06870759829268923,1.2526887891832954,1.1894106740695598,1.199443139470584,0.043213184311687414,1.2321621412729495,anisotropic,10,400,200
0.20000000000000004,1.3062806863209155,1.2768105009885127,1.260811773471036,0.06146764036735597,-0.45468912849879406,0.739721137465804,0.7397211374658021,1.272646370388269,0.033634315932646396,0.03363431593264623,1.2181686894101862,1.1842663605585944,1.1786727413141498,0.045089567340481196,0.8759442688326071,anisotropic,10,400,200
0.27789909887462755,1.2828887318842066,1.2954614581518127,1.2575456557943747,0.06325887844726985,-0.18239048771630084,0.4006248089105293,0.4006248089105298,1.2727356668685128,0.010153065015693904,0.010153065015693928,1.1944136914136805,1.1922680976819942,1.170325723707195,0.046030341681284614,0.5233062981211686,anisotropic,10,400,200
0.38613954577665,1.2731766311222432,1.3287021295284394,1.2690736963022085,0.06373136804626582,-0.02125104701090718,0.06437857754844109,0.06437857754844427,1.2729124900147555,0.0002641411074878073,0.0002641411074878334,1.182509360521704,1.2136461903493505,1.174789360880907,0.04657682910924077,0.16574764294689662,anisotropic,10,400,200
0.536539159055945,1.2774882012207558,1.3753803913185387,1.294631455646996,0.06360568124530219,0.06390308754501473,-0.26952394960012127,-0.26952394960012294,1.2728676835787958,0.004620517641960021,0.00462051764196008,1.183041944394925,1.24870422707124,1.1922847226711852,0.047176726123794754,-0.19591817906157066,anisotropic,10,400,200
0.7455187440629881,1.2955830822937793,1.4343941092575232,1.3332962472791947,0.06338469699291316,0.10117294913306463,-0.5949884873573195,-0.5949884873573199,1.2731441833056498,0.02243889898812936,0.02243889898812939,1.196295973570162,1.297522869949677,1.2229086187431388,0.048001606033561295,-0.5544115576960098,anisotropic,10,400,200
1.0358949358462421,1.3268598121404371,1.5041966931927317,1.3839978616290003,0.06306078207516819,0.1103163023803877,-0.9060789861510891,-0.9060789861510894,1.2750882261891892,0.05177158595124806,0.0517715859512481,1.2223006881602407,1.3593167889733666,1.2663949303697473,0.048827616394112816,-0.9030594869427828,anisotropic,10,400,200
1.4393713460023037,1.370381092003277,1.5820295643610827,1.445186321944766,0.0620380124748272,0.10394152995924566,-1.2057966875041692,-1.2057966875041712,1.280181193531842,0.0901998984714351,0.0901998984714354,1.2606658000396531,1.4316756517530007,1.3216527249996086,0.04903600179343659,-1.2437173246069693,anisotropic,10,400,200
2.0000000000000004,1.424678026979228,1.6634319296875768,1.5143653113029396,0.05937933406092591,0.0896872843237113,-1.5104124312288225,-1.5104124312288187,1.2892132378135404,0.1354647891656878,0.13546478916568716,1.3102621503587013,1.5101496784097894,1.386303368322709,0.0478050921230726,-1.5906510078098417,anisotropic,10,400,200
2.7789909887462754,1.4874725234085926,1.7425943479294572,1.5878678438208182,0.05433118369641384,0.07225307373703878,-1.8478397410445577,-1.8478397410445544,1.3019580605359802,0.18551446287261245,0.18551446287261175,1.3689265008253275,1.5886638861598206,1.456552763901844,0.044484859181459946,-1.9697997181260438,anisotropic,10,400,200
3.8613954577664997,1.5555675401054663,1.8136613530828942,1.6611914172530473,0.04684605868226535,0.05470761972081243,-2.2547014651537243,-2.2547014651537247,1.3174172295455984,0.23815031055986793,0.238150310559868,1.4334241269496815,1.6608534340004102,1.5276470505378477,0.03898345987439633,-2.4169974623019597,anisotropic,10,400,200
5.36539159055945,1.6251048510292962,1.8723674345493264,1.7298682000507033,0.037735885477215694,0.03905152019313597,-2.7762260696032013,-2.776226069603204,1.334258110337127,0.29084674069216926,0.2908467406921698,1.4998091435090242,1.721768298687318,1.5948355118263917,0.03190641854355869,-2.9782837640532236,anisotropic,10,400,200
7.455187440629877,1.6921710196361919,1.9170594992103698,1.7904522961593983,0.028325926527764996,0.026365876728353027,-3.469657962533771,-3.4696579625337756,1.3511686059794654,0.34100241365672646,0.3410024136567273,1.5641024543299236,1.7690472174858065,1.6544137884235264,0.0243220949686771,-3.71313960454102,anisotropic,10,400,200
10.358949358462416,1.7534989944648205,1.948598009175351,1.841115575898784,0.019865851842603456,0.016916113478706765,-4.410411500505847,-4.410411500505841,1.3670738160734606,0.38642517839136,0.3864251783913589,1.6230118803656888,1.8029969995914268,1.7043519673641052,0.017304945228905133,-4.70039551830253,anisotropic,10,400,200
14.39371346002303,1.8069561278082413,1.9694135656510787,1.8816347998745941,0.013100093710131764,0.010376567836196634,-5.700621210716642,-5.70062121071664,1.3812413058386381,0.4257148219696033,0.4257148219696028,1.6744024339639725,1.825747737471476,1.74429567112641,0.011558829182628738,-6.046740206826221,anisotropic,10,400,200
20.0,1.8516597448480971,1.9823982740683606,1.9129334806560472,0.008191057604362728,0.006127373580795023,-7.480564631277208,-7.480564631277231,1.3932976039369223,0.4583621409111748,0.4583621409111777,1.7173874711741721,1.8401232232953384,1.7751017862041722,0.007307122061166016,-7.898364711426555,anisotropic,10,400,200
0.02,1.858055441265233,1.7266635798358458,1.7857035000249954,0.013312021051087827,-7.235194124023739,5.4350831449688215,5.435083144968807,1.464816624924643,0.3932388163405899,0.3932388163405877,1.782474378566197,1.6556803847023613,1.7127046951283647,0.012745373011829209,5.474118597633652,anisotropic,11,400,200
0.027789909887462754,1.806224750915408,1.6557961595765849,1.7211502248364774,0.019720460819038166,-6.1226917556369065,4.314023229964253,4.314023229964246,1.4392112691327021,0.3670134817827058,0.36701348178270465,1.7306004461372395,1.5901860351909065,1.6511629166490578,0.01846064803003067,4.303073725199546,anisotropic,11,400,200
0.038613954577665,1.7464743396714737,1.5817851687738453,1.6503103071500258,0.027638894145267642,-4.980791714976066,3.4793010174726255,3.479301017472628,1.4118907234753295,0.3345836161961443,0.33458361619614485,1.6722215594195529,1.524897106028856,1.5859888943207556,0.025140876806897694,3.4299784276075167,anisotropic,11,400,200
0.053653915905594526,1.6804099642695056,1.5089899098578639,1.576408909531513,0.03658205506434376,-3.8767367854747157,2.842952768920891,2.8429527689208918,1.3847398777314366,0.29567008653806914,0.2956700865380693,1.6096967679459846,1.4642379703237984,1.52091055480368,0.032113628662422844,2.7647518153623047,anisotropic,11,400,200
0.0745518744062988,1.6106742323799286,1.4422156058839626,1.5035656861197308,0.045758466024429255,-2.873396466907559,2.3407372572982506,2.3407372572982466,1.3599612675736306,0.250712964806298,0.2507129648062971,1.5463150018667722,1.4121560066061256,1.4599842285344182,0.038502551404061336,2.24220915716374,anisotropic,11,400,200
0.10358949358462421,1.5407449563772602,1.3860330713093243,1.436270562671489,0.0542369023436068,-2.0170847465418746,1.9262603355164925,1.9262603355164956,1.339500075704699,0.20124488067256113,0.20124488067256172,1.4858010556302839,1.3713918430295267,1.4068450824163283,0.04350273382715386,1.8149657795683682,anisotropic,11,400,200
0.14393713460023042,1.4745416987001412,1.3440988592992147,1.378743178423318,0.061154201152719884,-1.331116122922594,1.5665075901749803,1.5665075901749788,1.3244725895589657,0.15006910914117533,0.15006910914117505,1.4316730455271758,1.343242009825738,1.3641256982265155,0.046663658899882776,1.4475364532726331,anisotropic,11,400,200
0.20000000000000004,1.415916343151901,1.3186702536740122,1.3343316940297638,0.06592320876638579,-0.8158464912213732,1.2375709655039915,1.2375709655039928,1.3149495501675132,0.10096679298438778,0.10096679298438797,1.3867003097356028,1.3279298175248169,1.3332873340770743,0.04805545910627096,1.1114861173297654,anisotropic,11,400,200
0.27789909887462755,1.3681563981230869,1.3105758872610962,1.305156767109406,0.0684187511653712,-0.4533993184490517,0.9207948104958529,0.9207948104958527,1.310146664822536,0.05800973330055095,0.058009733300550925,1.352682831990804,1.3253899567432668,1.3149164977206396,0.0482397932927916,0.7828875642343968,anisotropic,11,400,200
0.38613954577665,1.3336616708499691,1.3197076083199777,1.2921617525801607,0.06904577400962507,-0.2149477758686368,0.6010493598641276,0.6010493598641266,1.308718171539487,0.024943499310481933,0.024943499310481846,1.3306117773910493,1.336008715967535,1.3092903454356992,0.048039802487185757,0.44382846830058065,anisotropic,11,400,200
0.536539159055945,1.313901132306153,1.345675043928168,1.2955055374522242,0.06856510132987231,-0.06857130385896215,0.26829384770287157,0.26829384770287,1.3089657073820091,0.004935424924143681,0.004935424924143623,1.321062100553943,1.3608573538183115,1.316858930862448,0.048201592647358016,0.0871998093972771,anisotropic,11,400,200
0.7455187440629881,1.3096023041729605,1.388060081757679,1.314981122775657,0.0677001403793257,0.014429734049026114,-0.07945062702320461,-0.07945062702320524,1.3091749536623323,0.0004273505106283063,0.00042735051062831297,1.3245491995087042,1.4012451013046205,1.3383495430538406,0.04909521470564382,-0.28109345539841246,anisotropic,11,400,200
1.0358949358462421,1.3209762402187937,1.445989551231701,1.3501154962337054,0.06673479898308383,0.05625909540933742,-0.4366425981488018,-0.4366425981487997,1.3082527997643194,0.012723440454474162,0.01272344045447404,1.341626100167234,1.4577727650346866,1.3744180539697526,0.05056275726241566,-0.6485396678889874,anisotropic,11,400,200
1.4393713460023037,1.3477666700796171,1.5172694248101957,1.3998474673421417,0.06534116020552924,0.0723660331396389,-0.7970595731496888,-0.7970595731496904,1.306255172044254,0.04151149803536332,0.041511498035363484,1.3726550758309108,1.5292806016043659,1.4249963299198067,0.05194301759566322,-1.0076667954937204,anisotropic,11,400,200
2.0000000000000004,1.3890512408478934,1.5976927516263575,1.4619999206589664,0.0627441511563182,0.07294867981107285,-1.1626371297833267,-1.1626371297833245,1.3042383971308646,0.08481284371702882,0.08481284371702852,1.4173531920116007,1.6121453981501206,1.488617904775916,0.052262780609889425,-1.3635844081137596,anisotropic,11,400,200
2.7789909887462754,1.4429196338243766,1.6811297412699182,1.532947204107154,0.05815496687998684,0.06479155250761914,-1.5480633059006854,-1.5480633059006867,1.303551255750214,0.13936837807416252,0.13936837807416275,1.4743200148837845,1.7003390864315313,1.5620438410132966,0.05057141928872255,-1.7346522475210535,anisotropic,11,400,200
3.8613954577664997,1.5062809556989671,1.76062057432714,1.6078198770644376,0.05126177589723218,0.05259182721689022,-1.9807921124120276,-1.9807921124120227,1.305153461155418,0.20112749454354906,0.20112749454354806,1.5407891867568775,1.7864604897847667,1.640453110556215,0.04634345542921414,-2.1505501235566276,anisotropic,11,400,200
5.36539159055945,1.5750272619910644,1.8300892546124314,1.6813055340589327,0.042505448485630586,0.03961622195661088,-2.5003446817834853,-2.5003446817834853,1.3092949496370314,0.2657323123540329,0.2657323123540329,1.612788684215106,1.8635176619801874,1.7182645913710384,0.03977716345321669,-2.6516699030081985,anisotropic,11,400,200
7.455187440629877,1.6446010235564343,1.8858460946583573,1.7487434636065993,0.032960191001593246,0.027938248603274856,-3.159643099311252,-3.159643099311253,1.315548081506495,0.3290529420499394,0.32905294204993957,1.6857352732647781,1.9267250554970525,1.7903376890250555,0.031784950711719606,-3.2909415751180906,anisotropic,11,400,200
10.358949358462416,1.7107811748737363,1.9271271672431167,1.807011898166101,0.023884545784650865,0.01857924389093615,-4.0289953244246455,-4.0289953244246535,1.323068040662797,0.3877131342109392,0.3877131342109408,1.7552745900829283,1.974431258294444,1.8530398658645608,0.02362611664825076,-4.138017145905817,anisotropic,11,400,200
14.39371346002303,1.7703711395592818,1.955533839271324,1.8548352319485084,0.01623451493358892,0.011736247581114684,-5.202748140905146,-5.202748140905145,1.3309257399079928,0.4394453996512891,0.439445399651289,1.8180397189040471,2.007798444800413,1.9047198996475618,0.01639836440933662,-5.2859040438302625,anisotropic,11,400,200
20.0,1.8215378131765458,1.973881076196344,1.8924986284943273,0.010421632384235466,0.007096081531778131,-6.808992363338589,-6.808992363338579,1.338366163581492,0.4831716495950537,0.4831716495950521,1.8720527550324684,2.0296375300711307,1.9454928229816493,0.010704639140300287,-6.860583246818421,anisotropic,11,400,200
0.02,1.7132348318804413,1.6035519976661243,1.6527645677578522,0.011257694030861739,-6.047026412258938,5.37146097209753,5.37146097209755,1.3884211681735241,0.3248136637069171,0.3248136637069195,1.8887902904624014,1.7504673287461034,1.81385403398537,0.011549551237764799,6.488239667010129,anisotropic,12,400,200
0.027789909887462754,1.6701633831879321,1.5462784478570666,1.599887216571288,0.016667397902422405,-5.057675026744062,4.216385006710031,4.216385006710036,1.3738520079364582,0.2963113752514739,0.29631137525147466,1.8327049188134563,1.6762245972652179,1.746080708695465,0.016768098687744093,5.166012660773844,anisotropic,12,400,200
0.038613954577665,1.6211717800199126,1.48798153266241,1.5429322104469883,0.02328889178834613,-4.0523986951691064,3.359523084394929,3.359523084394932,1.3583241399265502,0.26284764009336237,0.2628476400933628,1.7684950866725866,1.59965328051624,1.6726324031647355,0.02288356085935561,4.18915063512325,anisotropic,12,400,200
0.053653915905594526,1.5679172621104178,1.4325066952529133,1.4848908466671416,0.030642264029047694,-3.0948874482661504,2.709539196078018,2.7095391960780106,1.3429539351570035,0.22496332695341434,0.22496332695341306,1.6982100913667033,1.5252096130765758,1.5970659673570036,0.02928776972927194,3.4534594113736934,anisotropic,12,400,200
0.0745518744062988,1.5128633472021007,1.3837245397992326,1.4292945803441326,0.03799872631306779,-2.24189579466582,2.1992517899008828,2.199251789900875,1.3290745871099048,0.1837887600921959,0.1837887600921947,1.6249605395832276,1.4572551588794012,1.523505659570806,0.03520437932101661,2.8818823671705562,anisotropic,12,400,200
0.10358949358462421,1.4590190134292955,1.345001265291125,1.3797142601225572,0.04459175847530573,-1.5311350709896574,1.7784621198703385,1.7784621198703334,1.3179785137475994,0.14104049968169616,0.14104049968169532,1.55251609627934,1.3993895177968083,1.4559713498467874,0.03996291438257327,2.4158585009168685,anisotropic,12,400,200
0.14393713460023042,1.4095702563774446,1.3189356061594781,1.3393158097480342,0.04987424304085406,-0.9761823705124357,1.408631837717558,1.4086318377175548,1.3106076061140282,0.09896265026341644,0.09896265026341602,1.4847399896911224,1.3541910915458693,1.397840637117674,0.04324980700164405,2.0092425515365933,anisotropic,12,400,200
0.20000000000000004,1.3675243865255156,1.3074041915811958,1.3106149007115355,0.05369877668364055,-0.5690948581398011,1.059791103794691,1.0597911037946925,1.3072122197383294,0.0603121667871862,0.06031216678718639,1.4250773965859453,1.3233695695087282,1.3516300708224862,0.045186824449701124,1.6254146348614442,anisotropic,12,400,200
0.27789909887462755,1.3354711197114388,1.3117751913020965,1.295463924040795,0.05631846293194516,-0.28792605541116,0.7103744240851927,0.710374424085191,1.3070510311276415,0.02842008858379721,0.028420088583797087,1.3762649748558002,1.3080722876139772,1.3190688192455766,0.04619962397862443,1.2380221024458349,anisotropic,12,400,200
0.38613954577665,1.315493615412825,1.3330333981158038,1.2951681469290042,0.05819071967062018,-0.10527524935546147,0.3492905500889151,0.3492905500889143,1.3083941213452963,0.007099494067528665,0.007099494067528633,1.340279445707459,1.3090536077518975,1.3012792410814422,0.046774571296472,0.8337907445227261,anisotropic,12,400,200
0.536539159055945,1.3091711179636247,1.3716067113104966,1.310546896818424,0.05968403563727328,0.00512834461969186,-0.023051036011714293,-0.023051036011715126,1.3091394048356986,3.1713127926131994e-05,3.171312792613429e-05,1.318415802332606,1.3265897805955995,1.2988808055860577,0.047243971756090186,0.41349183864987193,anisotropic,12,400,200
0.7455187440629881,1.3175610928079151,1.4268799789210287,1.3418013618907987,0.06083834794734651,0.06502926794510071,-0.39843733271427234,-0.39843733271427134,1.3079028646502548,0.00965822815766037,0.00965822815766032,1.3113614093869694,1.3601918435460993,1.311941658809924,0.04766993531322061,-0.01217223013083496,anisotropic,12,400,200
1.0358949358462421,1.3410724546225787,1.4965937023273201,1.3881940464914118,0.06127806396707528,0.09097755040251947,-0.768979775440547,-0.7689797754405479,1.3048369034888825,0.03623555113369632,0.03623555113369641,1.3191862128737126,1.4082220754320869,1.3397958410149557,0.047816606275887796,-0.43101402935899735,anisotropic,12,400,200
1.4393713460023037,1.3792266586591202,1.5764630684647927,1.4476887750552383,0.060312177013436157,0.09512780226765558,-1.1351292522713337,-1.1351292522713352,1.3015133076654817,0.07771335099363855,0.07771335099363878,1.3412373358158263,1.4675566015034804,1.3807964381002822,0.04720106111874234,-0.8380977322721248,anisotropic,12,400,200
2.0000000000000004,1.4304021595625065,1.6603897661401046,1.5167841364760521,0.05722365275050657,0.08638197691354571,-1.50955020802619,-1.509550208026191,1.30000422834295,0.1303979312195564,0.13039793121955662,1.3759881473902933,1.5335388228676206,1.4321376680202795,0.045251634217354564,-1.2408285711911857,anisotropic,12,400,200
2.7789909887462754,1.4917259331531336,1.7414645661376373,1.5907621057005126,0.05166628788974615,0.0712749144912185,-1.9168431987743786,-1.9168431987743753,1.3018891193730444,0.18983681378008918,0.1898368137800885,1.4209509621463017,1.6004810541559884,1.4899325356474693,0.041566945007351475,-1.659529548995425,anisotropic,12,400,200
3.8613954577664997,1.5592672249473831,1.8135121119669857,1.6644125629842237,0.043954210945921314,0.054459761600102206,-2.392156195596486,-2.392156195596486,1.307743153124468,0.25152407182291503,0.251524071822915,1.4727839271682086,1.6627226759190648,1.549671111773143,0.03616437954098739,-2.1260473864287714,anisotropic,12,400,200
5.36539159055945,1.6285712511021257,1.8725011573511057,1.7330206549494493,0.03503109855433297,0.038934494187192206,-2.9816194226773494,-2.9816194226773445,1.3171428799038756,0.3114283711982503,0.3114283711982493,1.527658057103703,1.7158731077881595,1.6069851056036715,0.02956095368451983,-2.683507756433094,anisotropic,12,400,200
7.455187440629877,1.6953913809631818,1.9171581124029093,1.7932162956185163,0.026116902129058567,0.0262434487219464,-3.7456553680036624,-3.745655368003663,1.328972964259928,0.36641841670325376,0.3664184167032538,1.581816719341716,1.7576761412629387,1.658440206789329,0.022612447025997184,-3.3885535413093493,anisotropic,12,400,200
10.358949358462416,1.7563606785229942,1.9486023807964656,1.843353183927896,0.01825669146366746,0.016795623261510836,-4.764965523902575,-4.764965523902584,1.3418443894307281,0.4145162890922659,0.4145162890922675,1.6321437901017422,1.7881094030797637,1.7020304971736293,0.016192198834247495,-4.316072683351225,anisotropic,12,400,200
14.39371346002303,1.8093760494255469,1.9693618714027994,1.8833536278023688,0.01203066522360836,0.010279151183922997,-6.149084610188649,-6.149084610188657,1.3544816607296064,0.4548943886959404,0.4548943886959416,1.6765415820378444,1.8087720821853124,1.7372075799306739,0.01089850436180928,-5.566451678031735,anisotropic,12,400,200
20.0,1.8536204351051437,1.982333830431526,1.9142127455286413,0.007528774479387019,0.006059231042349761,-8.048097414711098,-8.048097414711105,1.365967618234421,0.48765281687072287,0.48765281687072376,1.7140169043063025,1.8219797012944468,1.764527247129656,0.006942111341436963,-7.275933839012483,anisotropic,12,400,200
0.02,1.8172670633559158,1.6965229203734187,1.7496641872844148,0.014461609160504338,-6.760287607150063,4.674644109185942,4.6746441091859126,1.501247676964246,0.31601938639166977,0.31601938639166566,1.9510226037463148,1.8083527065182805,1.8730606009309891,0.013254108402616982,5.882100888803072,anisotropic,13,400,200
0.027789909887462754,1.7693723062673405,1.6348543800081774,1.691628416326893,0.020969853621731947,-5.5951163753518545,3.707412142346963,3.7074121423469713,1.4811436647088398,0.2882286415585008,0.2882286415585021,1.892929597848052,1.7336998845602818,1.8038161364636374,0.01899720948105932,4.690871123638605,anisotropic,13,400,200
0.038613954577665,1.7154615745634485,1.572773314849501,1.629794169500908,0.028646550411133606,-4.437121553568726,2.99049637157169,2.9904963715716906,1.4592735105619588,0.2561880640014898,0.25618806400148986,1.8272126686981927,1.6580614043453907,1.7298276066032663,0.02561885983705059,3.80130352070102,anisotropic,13,400,200
0.053653915905594526,1.6574135984417526,1.5139503764804398,1.5672701271747491,0.036823720572694195,-3.3601823742227244,2.4479729333446922,2.4479729333446922,1.4367448206623932,0.22066877777935956,0.22066877777935953,1.7562378725068006,1.5860792057154913,1.6549167653480292,0.032483547526233725,3.1191515359258233,anisotropic,13,400,200
0.0745518744062988,1.5977895967655453,1.4616698348981565,1.507413521749575,0.044632388164552034,-2.424515164392289,2.024898929512109,2.0248989295121107,1.4147871792122009,0.1830024175533444,0.1830024175533447,1.6833895916956674,1.522233119927739,1.5833875020037427,0.038847707615921045,2.5742082565237547,anisotropic,13,400,200
0.10358949358462421,1.5394697583105335,1.418334294635732,1.4532614828973767,0.05128108715151236,-1.6644212155112381,1.6810929760215578,1.6810929760215605,1.3945456320385436,0.14492412627198983,0.14492412627199028,1.6126507358327544,1.4702889600486273,1.5194064376293723,0.04412682062263684,2.1130980407763214,anisotropic,13,400,200
0.14393713460023042,1.4852291794454464,1.3854014614740957,1.4071415123696804,0.05634761618018133,-1.0850246156788639,1.3858202417306713,1.3858202417306709,1.3770137097823243,0.10821546966312219,0.10821546966312212,1.5480670268343657,1.4331155516979666,1.46654382725213,0.04809492402807214,1.6950478918451357,anisotropic,13,400,200
0.20000000000000004,1.4374242649579463,1.3638168011424785,1.3706503236945193,0.05994041871138635,-0.667739412634271,1.1140052521979213,1.1140052521979238,1.3630377436805332,0.07438652127741312,0.07438652127741346,1.4932837999154063,1.4127773625116369,1.4275831293417502,0.05089490374354266,1.2909086321239356,anisotropic,13,400,200
0.27789909887462755,1.3979233448727326,1.3546773365668505,1.3449983277723585,0.0626040258948662,-0.3808937655048029,0.845393189077864,0.8453931890778655,1.3531808958842468,0.04474244898848576,0.04474244898848593,1.4512677647900887,1.4106420037599239,1.404520302858336,0.052869162833340866,0.8842103681330165,anisotropic,13,400,200
0.38613954577665,1.3682799933916736,1.359615262561336,1.3314618835367722,0.06497148887946519,-0.19069846773061508,0.5666810240905239,0.566681024090524,1.3474158691940206,0.02086412419765294,0.020864124197652954,1.4241973929733924,1.4273314373233343,1.3985937335233833,0.05434136324995986,0.471163362837203,anisotropic,13,400,200
0.536539159055945,1.3499846470380485,1.3805217373466072,1.331575778140644,0.06735482810336728,-0.06862078410006565,0.2733117939096059,0.273311793909605,1.3449532860558522,0.00503136098219636,0.005031360982196328,1.4134356426217927,1.4625634621837604,1.4102592770935949,0.0554805506183631,0.05725187462624885,anisotropic,13,400,200
0.7455187440629881,1.3445650314173578,1.4186768311397735,1.3468583513792378,0.06952515979865581,0.006152279818965873,-0.03298546840483953,-0.03298546840483625,1.344489385184213,7.564623314477988e-05,7.564623314476485e-05,1.419521985692921,1.5150322740705868,1.4391385075960563,0.05627724457139527,-0.34856933832730613,anisotropic,13,400,200
1.0358949358462421,1.3533970174306413,1.4737291589384105,1.3781660450112412,0.07079408634656958,0.047821505296510594,-0.34987424598354266,-0.34987424598354183,1.3447309725821335,0.008666044848507942,0.0086660448485079,1.4421740516840187,1.582383588561949,1.4839949840903244,0.05656767206531921,-0.7393079983566352,anisotropic,13,400,200
1.4393713460023037,1.3772655828340792,1.5430139001968664,1.4249887560316967,0.07030197096755238,0.06631113413527823,-0.6788312267894168,-0.6788312267894142,1.3448696026260567,0.03239598020802253,0.032395980208022285,1.4803019082952762,1.66118656449837,1.5427262284028824,0.05603601598788144,-1.1140035387438385,anisotropic,13,400,200
2.0000000000000004,1.4158575060192757,1.6214953838094333,1.4850096820697885,0.06733352568913223,0.06915217605051266,-1.02700958167224,-1.0270095816722393,1.3448375586219137,0.07101994739736216,0.07101994739736207,1.5320117871414614,1.7468297763961913,1.612313372586594,0.05421481836446507,-1.481174111942907,anisotropic,13,400,200
2.7789909887462754,1.4674064919541316,1.7024284059393657,1.554134142565088,0.06156661276332137,0.062416647597754886,-1.4086799113727577,-1.4086799113727562,1.3452349927779221,0.1221714991762096,0.12217149917620933,1.594581432663326,1.8335580364889417,1.688768809050764,0.05060185105074,-1.8613425088539426,anisotropic,13,400,200
3.8613954577664997,1.5286664933443155,1.778692422487996,1.6270534611282956,0.05325199357571968,0.05095928084034639,-1.847573417961949,-1.8475734179619552,1.3468893469927552,0.18177714635156036,0.18177714635156159,1.6644724662334458,1.9150827570485514,1.7673015931251261,0.04495203703174511,-2.287529858081013,anisotropic,13,400,200
5.36539159055945,1.595294853972074,1.844461305233104,1.6982464785225453,0.04326320216008705,0.038376182917055884,-2.379657986700081,-2.3796579867000833,1.3503051983667966,0.24498965560527733,0.24498965560527775,1.7375292003166742,1.9858733217309987,1.8429135420828857,0.03757543788190132,-2.8046071504856944,anisotropic,13,400,200
7.455187440629877,1.6625824811439547,1.8965105671595328,1.763100835131603,0.032891378040281694,0.02696601655911032,-3.056070009123508,-3.0560700091235034,1.355391354155842,0.30719112698811263,0.30719112698811174,1.8094575716677195,2.0425405799190863,1.911321653016385,0.02935484555403578,-3.470094269825276,anisotropic,13,400,200
10.358949358462416,1.7263019041696186,1.9345213597180446,1.8187061627780337,0.023410938331595858,0.017840469223440757,-3.9470548894532977,-3.9470548894532977,1.3615772234229668,0.36472468074665165,0.3647246807466516,1.8764778284060124,2.084456838447325,1.9697646191177713,0.021405428617795152,-4.358090294637037,anisotropic,13,400,200
14.39371346002303,1.783367840968025,1.960353279402548,1.864026799905831,0.015667520558910908,0.011207526002490944,-5.148163593245222,-5.1481635932452114,1.3681223250953498,0.41524551587267505,0.4152455158726733,1.935884387537901,2.11329437488282,2.017278414726453,0.014621932967815887,-5.566570942959934,anisotropic,13,400,200
20.0,1.8321043474589493,1.97686012311416,1.899517863381066,0.009928743810977102,0.006741351592211668,-6.789732639448826,-6.789732639448819,1.3743845980625502,0.4577197493963992,0.45771974939639826,1.9862863007783433,2.131921025809211,2.054392424232946,0.009422478121662081,-7.228047927012768,anisotropic,13,400,200
0.02,1.6938130624495704,1.5861794018315463,1.635130735350101,0.009730993580914362,-5.8682327099469225,6.030455843128343,6.0304558431283235,1.3399318801042064,0.35388118234536403,0.3538811823453618,1.673795071986722,1.5466379747406287,1.6050576635781262,0.010317719571098394,6.6620737203539155,anisotropic,14,400,200
0.027789909887462754,1.6517383413630227,1.5282926864877622,1.582643602998449,0.01474382185388691,-4.972649328074683,4.686351954690654,4.686351954690662,1.3279360791693635,0.3238022621936592,0.32380226219366043,1.6224481273180662,1.4796609829467393,1.5435151225850967,0.015078865094612315,5.234678090009061,anisotropic,14,400,200
0.038613954577665,1.6032279732842936,1.4683137876824222,1.5252176598942013,0.021106441178312937,-4.040524429228745,3.696042962953345,3.6960429629533476,1.314898503441058,0.2883294698432355,0.2883294698432358,1.5641111824376017,1.4116543413829183,1.4775179363545226,0.020729651111475178,4.177265001587234,anisotropic,14,400,200
0.053653915905594526,1.5497383469263266,1.4101762232637927,1.465737823924303,0.028438922341513077,-3.131198220455137,2.953716810830264,2.953716810830265,1.3016245900167154,0.24811375690961118,0.24811375690961143,1.5008996416077311,1.3469986669318048,1.4105767896721777,0.02674472919518056,3.3772206581859785,anisotropic,14,400,200
0.0745518744062988,1.4936156267977494,1.3579648537819544,1.4077675041142894,0.036045472351124846,-2.303043977555757,2.38166174789442,2.381661747894415,1.2891544368740055,0.2044611899237439,0.2044611899237431,1.4359030242176265,1.2898680417706676,1.346672168832505,0.03242672832328397,2.7517686796990075,anisotropic,14,400,200
0.10358949358462421,1.4378486979516834,1.3152403445211454,1.3549918077579646,0.04310542695689969,-1.5997160971934175,1.9221916135192407,1.9221916135192412,1.2785818784990326,0.15926681945265087,0.15926681945265095,1.3727698130528718,1.2435537445412133,1.2895921675164976,0.03713922256108981,2.23961730484682,anisotropic,14,400,200
0.14393713460023042,1.3856700612814885,1.284649823187535,1.3106845919209797,0.0489507006270638,-1.0419197181988196,1.5318569172644463,1.5318569172644476,1.270803051347272,0.11486700993421654,0.11486700993421672,1.3151423694519504,1.210181961837716,1.2423976379329391,0.04052905542378804,1.7948785324099767,anisotropic,14,400,200
0.20000000000000004,1.3401437008378068,1.267925935835806,1.277388175759906,0.053293285153800884,-0.6275552507790094,1.1775503217111227,1.177550321711125,1.2662459120931742,0.07389778874463256,0.07389778874463285,1.2661497446466716,1.1908765663366077,1.2071982354921025,0.042629839999074104,1.382869585150907,anisotropic,14,400,200
0.27789909887462755,1.303871861414149,1.2661688370216901,1.2568715631981497,0.056297572039539064,-0.3382544125283605,0.8348547994750072,0.8348547994750036,1.2646334368717653,0.039238424542383514,0.03923842454238319,1.2281320389200365,1.186210508979523,1.1852632655978355,0.04381601670388857,0.9783813442447534,anisotropic,14,400,200
0.38613954577665,1.2788849444090595,1.2801718463555174,1.2503016761893115,0.058453438385953654,-0.14804631399385826,0.4889920765827275,0.4889920765827253,1.264907952726764,0.013976991682295652,0.013976991682295527,1.2026471136268482,1.1966685348378032,1.177337948688464,0.04463975108772322,0.5669647415517195,anisotropic,14,400,200
0.536539159055945,1.2666873845412838,1.3105147248579911,1.2584606112819343,0.060280886835406604,-0.03066606834000692,0.13647399186100603,0.13647399186100967,1.265564643954445,0.0011227405868388068,0.0011227405868388662,1.190672725929304,1.222853269212593,1.1839548249159695,0.04561634530995784,0.14726960188693555,anisotropic,14,400,200
0.7455187440629881,1.2683524504572452,1.357271462949547,1.2818107003710202,0.062002512664751756,0.03610439045550782,-0.21705975024825006,-0.2170597502482498,1.2654312060921826,0.0029212443650625296,0.002921244365062523,1.1928395194568373,1.2653131198928516,1.2055584488660713,0.0470357416175462,-0.27040988345954686,anisotropic,14,400,200
1.0358949358462421,1.2845347865217964,1.4194441677952168,1.3203029253938667,0.06337310352927968,0.06905746448668704,-0.5644056686531802,-0.5644056686531818,1.2643470461852258,0.02018774033657065,0.020187740336570763,1.2095463385271168,1.3240507658373606,1.2423730278296106,0.04885104870525625,-0.671975119726789,anisotropic,14,400,200
1.4393713460023037,1.3153296496443687,1.4944382724536855,1.373004300971137,0.06375932015578033,0.0801386681580863,-0.9045681664398927,-0.9045681664398929,1.2631589960436538,0.05217065360071492,0.052170653600714954,1.2408885175850615,1.3978594763776842,1.2940516415732488,0.05064471081624777,-1.049727071817569,anisotropic,14,400,200
2.0000000000000004,1.3600174286018956,1.5778718885455458,1.43774775541048,0.06239380632648121,0.07773032680858444,-1.245801969539309,-1.2458019695393083,1.2631808343708268,0.0968365942310687,0.0968365942310686,1.2864119374096912,1.4836631919211893,1.3592051439061485,0.051664841518583415,-1.4089505427065767,anisotropic,14,400,200
2.7789909887462754,1.4168160086805115,1.6638697500189044,1.5110078637056243,0.05867003128816711,0.06778852857497528,-1.6054509083602613,-1.6054509083602613,1.265595609470306,0.15122039921020547,0.15122039921020544,1.3447692373257913,1.5761622663875197,1.434973670051471,0.05098416361036895,-1.7692637544285277,anisotropic,14,400,200
3.8613954577664997,1.4827859308367966,1.7459089465926794,1.588141139125635,0.05241259917820597,0.05456846336571692,-2.010112261951072,-2.0101122619510714,1.2710101347949931,0.21177579604180344,0.21177579604180338,1.4134259151460338,1.6682550306735746,1.5169160250517861,0.04784889571603612,-2.1628526292419448,anisotropic,14,400,200
5.36539159055945,1.5540090934345367,1.8181420628707823,1.6640429336040314,0.044065289097256044,0.041016145163794655,-2.4970638437578416,-2.497063843757843,1.2792475695574623,0.2747615238770744,0.2747615238770747,1.488629454802059,1.7524991875940628,1.5995056126461955,0.04211741710373085,-2.632548847215865,anisotropic,14,400,200
7.455187440629877,1.62608546982662,1.8767571459318844,1.7340936170902774,0.03465538157794919,0.02897530025201673,-3.116634194914815,-3.116634194914816,1.2894635847353104,0.3366218850913096,0.3366218850913098,1.5658089231473051,1.8231246375693015,1.6772301339616444,0.03447329279331779,-3.232102354781058,anisotropic,14,400,200
10.358949358462416,1.6948452936972203,1.9206800124353953,1.7950350306586413,0.02545524481533269,0.019343609760882615,-3.9359172417415875,-3.93591724174159,1.3005067805452086,0.3943385131520116,0.3943385131520121,1.6403525853712269,1.877483944074777,1.7458305081578553,0.026175513130293204,-4.029641071851911,anisotropic,14,400,200
14.39371346002303,1.7570284366585844,1.951252197967201,1.8453832146546056,0.017514205316574983,0.012276856593180976,-5.0447494704429765,-5.04474947044295,1.3113007171520497,0.4457277195065347,0.44572771950653006,1.7084571147616647,1.9161391850708906,1.8030501958141236,0.018495908204308353,-5.1142706812539656,anisotropic,14,400,200
20.0,1.8106758362605575,1.9711954934286542,1.8852553858601113,0.011360557968988796,0.007457954959955413,-6.564778754981535,-6.564778754981561,1.321077593493315,0.4895982427672425,0.4895982427672466,1.767687240848999,1.9417807368984428,1.848608888006064,0.01225020173531366,-6.605739962942179,anisotropic,14,400,200
0.02,1.9571177643606767,1.7756987505272375,1.8571271315198645,0.018562251848185093,-9.99906328408123,5.386772771892367,5.38677277189237,1.4184909459295028,0.538626818431174,0.5386268184311747,1.6473461809500791,1.5420740552418153,1.5874171514939623,0.014585933203969947,4.108686679012455,anisotropic,15,400,200
0.027789909887462754,1.8860913287811494,1.6822052385761257,1.7705348559660035,0.027226855425267732,-8.316433790760737,4.244209293002099,4.244209293002086,1.3956454729925627,0.4904458557885867,0.49044585578858374,1.6031617142662593,1.4896410827902353,1.5360441781037664,0.02071444084896168,3.2401326519927394,anisotropic,15,400,200
0.038613954577665,1.8058160149940585,1.5878569579857587,1.6780791725372106,0.03751462790539594,-6.616097411101898,3.404987589880234,3.404987589880233,1.3708736516580047,0.4349423633360538,0.43494236333605324,1.554310489103423,1.4389328045393195,1.4828289964067085,0.027585300829325643,2.5912892209869693,anisotropic,15,400,200
0.053653915905594526,1.71921898527224,1.4986879963043136,1.5847455924205731,0.04841579673540673,-5.012621747433158,2.77746937815702,2.7774693781570132,1.3457232544498563,0.37349573082238374,0.3734957308223818,1.5030394002186631,1.3934686089792987,1.4310244909291474,0.03445902733966699,2.0898706333076564,anisotropic,15,400,200
0.0745518744062988,1.630383047332964,1.420211127732496,1.4959871136498588,0.05861994776574241,-3.6054340619435887,2.292665531197322,2.292665531197322,1.3222581226446277,0.30812492468833624,0.3081249246883362,1.4522708317416086,1.3564239150739408,1.3840461351345656,0.04060247654641813,1.6803087498627383,anisotropic,15,400,200
0.10358949358462421,1.5439643571391506,1.3566849692332146,1.416812321278945,0.0670246838144753,-2.454921468581806,1.8970926623415814,1.8970926623415814,1.3027451629069609,0.2412191942321897,0.24121919423218965,1.405237554880651,1.3304795458048313,1.345071897931481,0.0455733048225202,1.3201951709115227,anisotropic,15,400,200
0.14393713460023042,1.4645325008582448,1.3110747587906042,1.3512258099830787,0.07315563968269151,-1.5743913645337306,1.5488442362971264,1.5488442362971253,1.2890380857623436,0.17549441509590122,0.17549441509590094,1.365107914474712,1.3178149634940641,1.3168129439659024,0.04929699003697152,0.9796738192857123,anisotropic,15,400,200
0.20000000000000004,1.3960907963431577,1.2853954334539515,1.3021486873843633,0.0771888550283826,-0.9394210895879431,1.2170423945821138,1.217042394582113,1.2817592671038527,0.114331529239305,0.11433152923930481,1.3346862870699083,1.319974206360292,1.3013738823352285,0.0519127287597434,0.6417001288615066,anisotropic,15,400,200
0.27789909887462755,1.3418666010787403,1.2808739734678956,1.2715733070307265,0.07959396048518307,-0.5058907663441278,0.8831485909172648,0.8831485909172655,1.279787177489304,0.06207942358943641,0.06207942358943651,1.316181694984574,1.337583742939079,1.3000928364284765,0.053579765066699814,0.30027863198110144,anisotropic,15,400,200
0.38613954577665,1.3042615784922535,1.2977125921593409,1.2606231634078031,0.08072784383598801,-0.22602406597169158,0.5405621283916502,0.5405621283916483,1.2806723039545647,0.023589274537688817,0.023589274537688654,1.3110237633604893,1.370207731704647,1.3134031124887708,0.05442527008759468,-0.043717727527159474,anisotropic,15,400,200
0.536539159055945,1.2848043583510125,1.3347578723258808,1.2694370559729362,0.08068811873102116,-0.05728305984269831,0.19045310040384159,0.19045310040384278,1.2818776079682646,0.0029267503827479524,0.002926750382747989,1.3197721860390275,1.4165956058489013,1.3408739427767815,0.054619906334365975,-0.3863382080623811,anisotropic,15,400,200
0.7455187440629881,1.2840623826282187,1.3894902206944297,1.2970592872570887,0.07943402880847103,0.034866741399520985,-0.16361885232093407,-0.16361885232093273,1.2819358440091184,0.002126538619100352,0.002126538619100318,1.3421954163346899,1.4752053186780074,1.3814910777561928,0.05441857950031137,-0.7221000949000909,anisotropic,15,400,200
1.0358949358462421,1.3015877917503995,1.4583570566955455,1.3415065335259821,0.0769317813939805,0.07707102408599442,-0.5188849270388279,-0.5188849270388286,1.2808745583366945,0.020713233413705005,0.020713233413705064,1.377506578811911,1.5445335378271612,1.434000829403868,0.054038457831336206,-1.0454452784031287,anisotropic,15,400,200
1.4393713460023037,1.3359608186024656,1.5370864712382983,1.3999562104206946,0.07313486899937467,0.08892130859207266,-0.8750325623578566,-0.8750325623578555,1.2799627669206657,0.055998051681799936,0.0559980516817998,1.424604024552915,1.6228321717494818,1.497007850859761,0.05342049458287468,-1.3553567197795464,anisotropic,15,400,200
2.0000000000000004,1.3848924775708487,1.6207320803209235,1.468872006488259,0.06788054491525432,0.08397952891741033,-1.2371663931433499,-1.2371663931433499,1.2809958266822186,0.10389665088863019,0.1038966508886302,1.4821196836026784,1.7073051967242574,1.5686698289754908,0.05208522237595403,-1.661702521841773,anisotropic,15,400,200
2.7789909887462754,1.4453082349792976,1.7036990300968184,1.5440338047034086,0.06093965566929932,0.0710513780893188,-1.620054603850473,-1.62005460385047,1.2853674212299908,0.15994081374930683,0.1599408137493062,1.5482146531716598,1.793480010907852,1.646202061204747,0.049290541670017785,-1.9879555937745041,anisotropic,15,400,200
3.8613954577664997,1.5134275511843374,1.7802567675823642,1.6206934110793507,0.05229749660799912,0.05555808052721872,-2.0510706410869886,-2.0510706410869988,1.2934176951627252,0.2200098560216121,0.22000985602161435,1.6202965235228608,1.875542366657602,1.725679288436317,0.044480313307828645,-2.3692001489321477,anisotropic,15,400,200
5.36539159055945,1.584971727509433,1.8456500400630236,1.6940903881835105,0.042440991205436235,0.040675003429786666,-2.5710676771399386,-2.571067677139929,1.3044202660775115,0.28055146143192156,0.2805514614319195,1.6949645351155072,1.9477684992596083,1.802500742648627,0.03773154907786136,-2.8500342594260397,anisotropic,15,400,200
7.455187440629877,1.6556071328702204,1.897239923049041,1.7602513221121912,0.032344411694878526,0.028072852647989203,-3.2353097106583104,-3.2353097106583237,1.3170507712517066,0.33855636161851377,0.3385563616185165,1.7683721258323712,2.006268129481997,1.8723993034668067,0.029841648380755093,-3.4859729029420072,anisotropic,15,400,200
10.358949358462416,1.72154865116568,1.9349150731470035,1.816677853530638,0.023108017251407837,0.018366573495649963,-4.1167185107221815,-4.116718510722175,1.3299285028796204,0.3916201482860595,0.3916201482860583,1.8369033086061524,2.0499438312217553,1.9324387128295093,0.021969714168889265,-4.348504650035097,anisotropic,15,400,200
14.39371346002303,1.780084728653289,1.9605496343972388,1.8625550695654545,0.015524223919619306,0.01145921671168705,-5.312364813801772,-5.312364813801769,1.3419721914092646,0.4381125372440244,0.43811253724402377,1.8978360047644298,2.0802005498620026,1.9814613085953336,0.015113937435764946,-5.532992589542991,anisotropic,15,400,200
20.0,1.8298058555939827,1.9769538027889078,1.898444309002187,0.009871040378516284,0.006863845340820448,-6.953517641118325,-6.953517641118344,1.3525271589609558,0.4772786966330268,0.47727869663302935,1.9496935343678408,2.099840940440178,2.019872871278645,0.009788732250728849,-7.169399991053893,anisotropic,15,400,200
0.02,1.807717150426854,1.6831858588986393,1.7390084769245289,0.012886055476435216,-6.870867350232502,5.3320175152103815,5.3320175152103655,1.4413612998655845,0.3663558505612696,0.36635585056126735,1.9540824636127359,1.8084447512542723,1.875214730100676,0.012097754665655991,6.519204240102123,anisotropic,16,400,200
0.027789909887462754,1.7589794014462574,1.6196121310486975,1.6797996859900395,0.01899216051487594,-5.698450680614794,4.169073623519506,4.169073623519508,1.4288733382199594,0.330106063226298,0.3301060632262982,1.8951175449110391,1.7309472858616635,1.8042789912980457,0.01750684817661119,5.18874401014981,anisotropic,16,400,200
0.038613954577665,1.7040725096319687,1.5560351615754233,1.6168688156225965,0.0263700399621982,-4.516693250569671,3.3069230890199544,3.3069230890199375,1.4156966004645448,0.2883759091674237,0.2883759091674208,1.8278684663523381,1.6514454287359037,1.7277397682986084,0.02383435849102522,4.20102341296213,anisotropic,16,400,200
0.053653915905594526,1.6450977118913523,1.4968549143649856,1.5537653762405381,0.0344218737752622,-3.4044984083367273,2.6533226008298127,2.6533226008298234,1.4027635615224725,0.24233415036887979,0.24233415036888176,1.7545711686337573,1.5747166927878078,1.649396346458617,0.030495168504331094,3.4489011647928023,anisotropic,16,400,200
0.0745518744062988,1.5849781888348775,1.4461669842943745,1.4944062661808721,0.042332640767507826,-2.429769160743011,2.1395292382402786,2.1395292382402817,1.391196912152996,0.19378127668188155,0.1937812766818821,1.6785736093740917,1.5055439010146832,1.573671488348975,0.03677453369082473,2.8525751517901585,anisotropic,16,400,200
0.10358949358462421,1.5270723282330634,1.407225032908409,1.44246385108889,0.049369658963692234,-1.6335339466652603,1.7137747944825106,1.7137747944825132,1.3820724527038295,0.1449998755292338,0.14499987552923424,1.6039437127343268,1.4480553548598538,1.5049667530711788,0.04206556145182283,2.352921398101511,anisotropic,16,400,200
0.14393713460023042,1.4747275458340705,1.3823369019429714,1.4009669745822042,0.05513049861263344,-1.0248998141685675,1.3379267938448083,1.337926793844805,1.3760413012268995,0.09868624460717101,0.09868624460717051,1.5349078321969978,1.405304357095856,1.4470899760305467,0.04603223723176075,1.907746862797701,anisotropic,16,400,200
0.20000000000000004,1.4309346392542768,1.3729865013237204,1.372182516863745,0.05955610685050725,-0.5875212239053186,0.9865003858967225,0.986500385896723,1.3729756478437656,0.05795899141051114,0.05795899141051118,1.475285444974933,1.3790886020264506,1.402873604399608,0.04862683820216773,1.4891332287382215,anisotropic,16,400,200
0.27789909887462755,1.3981334478713487,1.3798575889772917,1.3576223797298843,0.06274627738887147,-0.29155235339385255,0.6456330132606303,0.6456330132606279,1.3719781648767684,0.026155282994580403,0.026155282994580222,1.4280601806107505,1.3700051346528472,1.3740194343739651,0.050026446515667455,1.08024355117569,anisotropic,16,400,200
0.38613954577665,1.3781105836600498,1.4027321180659293,1.3580214861125557,0.06479972950086765,-0.1040509720758514,0.3100182315919254,0.3100182315919249,1.371882597164098,0.006227986495951807,0.006227986495951789,1.3951723419695048,1.377767811187285,1.3611843074907082,0.0505715381753733,0.6720783212274861,anisotropic,16,400,200
0.536539159055945,1.371931483061339,1.4405088888739859,1.3733164657806012,0.0658074403741227,0.005162652887066445,-0.021045989805840454,-0.02104598980583967,1.3719023347291481,2.9148332190858296e-05,2.9148332190856128e-05,1.3775591490488612,1.401671442818267,1.364271858714984,0.050686874437160245,0.26214459821053504,anisotropic,16,400,200
0.7455187440629881,1.3799209678178763,1.4914187602676514,1.4027302663302694,0.06587919542498862,0.06119040921247727,-0.34622916028724476,-0.3462291602872459,1.3720237235471893,0.007897244270686965,0.007897244270687017,1.3753804523901882,1.4408515844087195,1.3827595758611801,0.050712885076547476,-0.14550786175650704,anisotropic,16,400,200
1.0358949358462421,1.401715566996973,1.5531450777601388,1.4449140173504473,0.0650326100562174,0.08340314998872854,-0.6642582900506606,-0.6642582900506585,1.3730206382323358,0.02869492876463723,0.02869492876463706,1.388262904460544,1.4939972128902643,1.415794852715399,0.050670411920010316,-0.5433535511477139,anisotropic,16,400,200
1.4393713460023037,1.4363298835408709,1.6225814613795086,1.4979520502965813,0.06300724432721713,0.08562372306056987,-0.978017169512865,-0.9780171695128658,1.3760623464312012,0.060267537109669665,0.06026753710966977,1.4153681432954046,1.5585861170799065,1.4619156444583563,0.05012297145859845,-0.9286660349217306,anisotropic,16,400,200
2.0000000000000004,1.4821357507486028,1.6954692055544576,1.5591650354582796,0.05927488538650133,0.07702928470967654,-1.299526506165436,-1.299526506165433,1.3820341535174139,0.10010159723118886,0.10010159723118839,1.4552164434606112,1.630247501908713,1.5185742546422647,0.048315436084794605,-1.3113368379922976,anisotropic,16,400,200
2.7789909887462754,1.5367532922938274,1.7665490310421308,1.624956921659953,0.05338848001605184,0.0634788883615044,-1.652109768616868,-1.6521097686168693,1.3910312145905894,0.1457220777032379,0.14572207770323814,1.5054173328206228,1.7029822985039467,1.5819055146046523,0.04458860211526483,-1.715420043586518,anisotropic,16,400,200
3.8613954577664997,1.5970173586025567,1.8305564740565416,1.691065387384725,0.04544305788964824,0.048711938370885,-2.069579670684796,-2.0695796706847998,1.4023774701670024,0.1946398884355542,0.19463988843555485,1.5625942316422528,1.7704378543418164,1.6471033997933402,0.03882528639738858,-2.176652794936539,anisotropic,16,400,200
5.36539159055945,1.6592158593377497,1.8836145397048534,1.753294425413442,0.03624154821571973,0.035068667211998396,-2.595876023720359,-2.5958760237203546,1.414999565315869,0.24421629402188091,0.24421629402188016,1.6227029327504212,1.8276253652852452,1.7093586891088164,0.031610919818033434,-2.7413234685110206,anisotropic,16,400,200
7.455187440629877,1.7196239507323474,1.924156232259023,1.8083897524961388,0.027000677999092303,0.023813164315635786,-3.2875397338828094,-3.2875397338828245,1.4278028504239186,0.2918211003084288,0.29182110030843145,1.6816848886770088,1.872103915132419,1.76489923335794,0.023990337093547698,-3.4686609177872745,anisotropic,16,400,200
10.358949358462416,1.7751305839853129,1.9528716429728967,1.8545852470367412,0.01883173288472758,0.015340293750257646,-4.219190211425821,-4.219190211425815,1.4398962473865895,0.3352343365987233,0.3352343365987223,1.7361735395435103,1.9040583880363584,1.811613520468082,0.017004886643704697,-4.436370703623603,anisotropic,16,400,200
14.39371346002303,1.8236808225645016,1.9718899371558707,1.8916014238240169,0.012367912072338184,0.009437536942521125,-5.491678859152393,-5.491678859152407,1.4506826925267022,0.3729981300377994,0.37299813003780147,1.7839547145310892,1.9254634259354046,1.8490477043206623,0.011322731825169186,-5.748876754713785,anisotropic,16,400,200
20.0,1.8643833831025167,1.983790433042103,1.9202316938066586,0.0077104285313029375,0.005584831070414175,-7.243217478432993,-7.243217478432976,1.45986192286932,0.4045214602331968,0.404521460233195,1.8240522901494511,1.9389775874773956,1.8779452239961936,0.007139429634459571,-7.548632958943916,anisotropic,16,400,200
0.02,1.7014199876593543,1.5779660135013844,1.6315215968010148,0.016342807558709083,-6.989839085833957,4.277012417067264,4.277012417067269,1.4024637020252153,0.29895628563413895,0.2989562856341396,1.592729403640582,1.4845938487315262,1.5322758442532705,0.012771563865566993,4.733450031933706,anisotropic,17,400,200
0.027789909887462754,1.6522785650296647,1.5177446285169394,1.5731700169481044,0.0236831596503949,-5.693328866622166,3.340286906364761,3.3402869063647573,1.3880333176913018,0.2642452473383631,0.26424524733836247,1.5479631443157982,1.4295528615477262,1.4796993510816794,0.01811730370016562,3.7678781767893397,anisotropic,17,400,200
0.038613954577665,1.5980144210349199,1.4598561345109966,1.5128015208503822,0.032267513845152127,-4.4135805884966945,2.6408263305770623,2.6408263305770627,1.3729819505227578,0.22503247051216202,0.22503247051216207,1.4979928233765063,1.3750861604097964,1.4244696069280778,0.024139769930147104,3.045729792006368,anisotropic,17,400,200
0.053653915905594526,1.5411460752374389,1.4087477617168571,1.454311830111107,0.04127017673208183,-3.236827868412021,2.1040434522498708,2.104043452249869,1.3584430503483202,0.1827030248891186,0.18270302488911827,1.444866896312651,1.3246748801305583,1.3696663944520477,0.03020898753911405,2.4893420133076285,anisotropic,17,400,200
0.0745518744062988,1.4849258514690464,1.3682448413218409,1.4017547080023742,0.04966127678613859,-2.2312287686664805,1.674768528905138,1.6747685289051357,1.3456334378780097,0.13929241359103678,0.1392924135910364,1.3913327782255613,1.281475831033545,1.3185824969917421,0.035643615275621876,2.041046641067751,anisotropic,17,400,200
0.10358949358462421,1.4328840405832146,1.3410459433416897,1.3586938777887543,0.05654222834739557,-1.4323877881274292,1.3121195425591616,1.3121195425591592,1.3355376781149575,0.09734636246825702,0.09734636246825668,1.3404677957280926,1.2479671874394154,1.2742447505853747,0.0399454819967584,1.6578356758366808,anisotropic,17,400,200
0.14393713460023042,1.3883323082565566,1.3286335203041801,1.327773559237012,0.0614187100867132,-0.8414610890753126,0.9859983860625801,0.9859983860625825,1.3286214794613167,0.05971082879523995,0.05971082879524024,1.2952531691624745,1.225883501342015,1.2390931165526196,0.04295043739925042,1.3075548471791587,anisotropic,17,400,200
0.20000000000000004,1.353979423171809,1.331489772227602,1.3105878394311097,0.06429351653719127,-0.4339158374069907,0.6748982802270422,0.6748982802270389,1.3246945179288834,0.02928490524292564,0.029284905242925353,1.2582392268938705,1.2163986130103095,1.2148996205495088,0.04483859880516228,0.9665691502244697,anisotropic,17,400,200
0.27789909887462755,1.3317386153373285,1.349436765003555,1.3077955857836354,0.06558420877361248,-0.17231455338035975,0.3650730869734372,0.3650730869734349,1.3229976596266655,0.008740955710662978,0.008740955710662865,1.2313964994419637,1.2204070139526837,1.2028913318591627,0.04602084967632214,0.6193968121685282,anisotropic,17,400,200
0.38613954577665,1.3227245452000758,1.3819387252937527,1.3193719615197455,0.06591934745433703,-0.017364622282272996,0.05085887239179179,0.050858872391786984,1.322554036574495,0.00017050862558072304,0.0001705086255806908,1.2161468042999908,1.2386824397688254,1.2039411543423053,0.04694693538420536,0.25998821558418256,anisotropic,17,400,200
0.536539159055945,1.3273796154295125,1.4282039011274916,1.3448627237234823,0.06585806911003952,0.0651699246881874,-0.26546645734113317,-0.26546645734113256,1.322738436607401,0.0046411788221115205,0.0046411788221115,1.2134722003197038,1.2717186857047347,1.2186485618413019,0.047893762341834734,-0.10808007699734543,anisotropic,17,400,200
0.7455187440629881,1.34562791751357,1.4869515638942876,1.383489193660079,0.0656010940876996,0.1015702863221643,-0.5771439740912528,-0.5771439740912511,1.3237765101342074,0.021851407379362642,0.021851407379362503,1.2239623931995818,1.31923283721326,1.247191641859007,0.04881194669482758,-0.4758926908745218,anisotropic,17,400,200
1.0358949358462421,1.3769402271196778,1.5558947176244287,1.4340038656501257,0.0648272134438548,0.11017263731255082,-0.8802420387831309,-0.8802420387831329,1.3267104135992527,0.05022981352042511,0.05022981352042535,1.2477120199283305,1.379553409069967,1.2889809995903663,0.04930342981756519,-0.837040745740026,anisotropic,17,400,200
1.4393713460023037,1.4202424806448288,1.631283096953572,1.49436443798251,0.06279670163338055,0.10299212575482602,-1.1803479388204134,-1.1803479388204134,1.3327527810799622,0.08748969956486667,0.08748969956486667,1.2840911216054336,1.4492476094020805,1.342293891711122,0.04875094758526988,-1.1938797703139294,anisotropic,17,400,200
2.0000000000000004,1.4737185250388867,1.7079794798642935,1.5614821138786117,0.05873377714595692,0.08776358883972488,-1.4942609364561603,-1.494260936456158,1.3425768225924857,0.13114170244640092,0.13114170244640058,1.331513341528815,1.5232759763558197,1.4041162876717226,0.046556742541189244,-1.5594507300134892,anisotropic,17,400,200
2.7789909887462754,1.5346746596137004,1.780294303453073,1.631333346007462,0.052302271051848995,0.06956387176870166,-1.8480781895291032,-1.848078189529106,1.3560418494608562,0.17863281015284416,0.17863281015284468,1.38735839674678,1.5957603239657632,1.4703542665338902,0.042410187644762676,-1.9569795465726878,anisotropic,17,400,200
3.8613954577664997,1.5996487922994758,1.843305293148326,1.6995330045213053,0.04388807640519134,0.051734774805792326,-2.275884941952358,-2.27588494195236,1.3723238177650403,0.22732497453443548,0.22732497453443587,1.448158565246771,1.661192581245777,1.5364346469297576,0.03648185263303283,-2.4197258448178762,anisotropic,17,400,200
5.36539159055945,1.664827245719675,1.8940236377554207,1.762172787200275,0.03450530907454605,0.03628646291237412,-2.821175757918656,-2.8211757579186503,1.3901983639531417,0.2746288817665335,0.2746288817665324,1.5100553638076024,1.7156584672366355,1.5981390534799955,0.02943572408424666,-2.992407777036255,anisotropic,17,400,200
7.455187440629877,1.7266506177842078,1.9318347867217938,1.816548440169683,0.02538852416663551,0.024116851011831787,-3.5408841331397656,-3.5408841331397647,1.408332844895662,0.31831777288854585,0.3183177728885457,1.5694086062114634,1.757549623168095,1.6523714142531443,0.022215400873269786,-3.7344726982399012,anisotropic,17,400,200
10.358949358462416,1.7823737675201894,1.9580919087729893,1.8614671488108643,0.017531378671450038,0.015270541162760314,-4.51153230860725,-4.5115323086072525,1.4255414224303173,0.356832345089872,0.3568323450898724,1.6233549762956223,1.7874630252976191,1.697557626185099,0.015702749223043266,-4.725455959048676,anisotropic,17,400,200
14.39371346002303,1.8303737124139645,1.9752150658217613,1.8970808201436657,0.01142713794839451,0.00926892256330834,-5.837604134206978,-5.837604134206976,1.4409640245500703,0.3894096878638942,0.38940968786389385,1.6701294070594108,1.807444060080443,1.7335639938267764,0.010445479486300702,-6.072922439851646,anisotropic,17,400,200
20.0,1.8701410890149768,1.9858026010372214,1.9244295484536595,0.007084593144879016,0.005428845943868291,-7.662890208158856,-7.662890208158876,1.4541345847662654,0.4160065042487114,0.41600650424871355,1.7090799334084934,1.8200466004928493,1.7612700060828903,0.0065865217355618455,-7.923768381817231,anisotropic,17,400,200
0.02,1.8424513368839424,1.6931432383975955,1.7601358606974413,0.01532285388665453,-8.231547618650076,5.372072121512159,5.372072121512141,1.4002466620934422,0.44220467479050024,0.4422046747904973,1.790181999783808,1.6657059454447232,1.7214383578035626,0.013011229621405995,5.283408561720315,anisotropic,18,400,200
0.027789909887462754,1.784314462127678,1.6184206853046268,1.6902786069638265,0.02217793350465204,-6.767625770983555,4.240063897032005,4.240063897032015,1.3855964276209003,0.39871803450677784,0.3987180345067797,1.7390442576198128,1.6007086924919167,1.6605990453515058,0.018554859408717927,4.227744901772193,anisotropic,18,400,200
0.038613954577665,1.7194359788346183,1.5445604391758523,1.616928230928271,0.03013995615392776,-5.309362847059407,3.4010582956003628,3.4010582956003566,1.3708011524544255,0.3486348263801929,0.3486348263801916,1.681284925655314,1.5349445848607122,1.595682240354071,0.024865029807884298,3.4426938540849776,anisotropic,18,400,200
0.053653915905594526,1.6505172706652285,1.4767732618167044,1.544436280748966,0.03841797098400072,-3.9542683185665215,2.7612335373057633,2.7612335373057615,1.35760288363785,0.2929143870273784,0.29291438702737804,1.6189738309278838,1.4723275452069846,1.530000071598671,0.031301232937526624,2.842500150290993,anisotropic,18,400,200
0.0745518744062988,1.5811727930132593,1.4198840969354916,1.477483246659788,0.04609039662917445,-2.781675100169191,2.2496995889993605,2.249699588999357,1.3479024631983247,0.23327032981493448,0.23327032981493365,1.5550481749388962,1.4166105749558278,1.4672627109909817,0.03713332791276036,2.3640613131727486,anisotropic,18,400,200
0.10358949358462421,1.5154546388578178,1.3777128186087648,1.4203683207721385,0.052430815922306015,-1.8358293837589188,1.8135578554905933,1.8135578554905976,1.3430100997438568,0.17244453911396107,0.17244453911396185,1.4929460923526234,1.3708704366706153,1.411025912370571,0.04176470428209633,1.9614691733174765,anisotropic,18,400,200
0.14393713460023042,1.4573063446053256,1.352744289826826,1.3764776841127766,0.057095266206598244,-1.1231105957061271,1.4156805960072394,1.4156805960072374,1.342878778344767,0.11442756626055857,0.11442756626055828,1.4361150918901104,1.3372160303930023,1.36421837368268,0.04489437491775261,1.60146384350259,anisotropic,18,400,200
0.20000000000000004,1.4100869070847744,1.3459986711232008,1.3479890620815445,0.060107454044885995,-0.6209784500322977,1.033113878968448,1.033113878968446,1.345932761557906,0.0641541455268683,0.06415414552686806,1.387547563311546,1.3168147780746213,1.3288905539682416,0.04658123344968379,1.2592412222545493,anisotropic,18,400,200
0.27789909887462755,1.376243630623971,1.3571326797945948,1.3358089313389496,0.061758447740666335,-0.2910027376753969,0.6547233741173858,0.6547233741173843,1.3497700878766599,0.026473542747310994,0.02647354274731088,1.3494945161864844,1.3102265671530569,1.3062570664375106,0.04720695046452006,0.9159127908817228,anisotropic,18,400,200
0.38613954577665,1.35717896854535,1.3848418067365205,1.3397600767496103,0.06250062178264985,-0.09022070899630207,0.27869949608365513,0.2786994960836562,1.3523243321795415,0.00485463636580835,0.004854636365808388,1.3234338304382918,1.317816550754255,1.2969640069031252,0.04732236738629636,0.5593512116393342,anisotropic,18,400,200
0.536539159055945,1.3533295780541381,1.4273857239905223,1.3589640742428404,0.06278715355897965,0.021003112610144793,-0.08973963413406617,-0.08973963413406513,1.352823940427634,0.0005056376265039315,0.00050563762650392,1.3102329895211329,1.3398887975944458,1.3013606573481578,0.04740047241926293,0.18717813811006487,anisotropic,18,400,200
0.7455187440629881,1.3643972827167377,1.4828429451696181,1.3922037270314742,0.06283277382340696,0.07459623124482412,-0.4425468210728249,-0.44254682107282806,1.3520916291799125,0.012305653536825186,0.012305653536825365,1.310331782595668,1.376337998618993,1.3195367322711675,0.04759631667232611,-0.19339626086763118,anisotropic,18,400,200
1.0358949358462421,1.3895780959398203,1.5488572138014258,1.438011976344964,0.06241135705131808,0.09351118289921398,-0.7760427379478161,-0.7760427379478181,1.3519913347807755,0.037586761159044746,0.037586761159044926,1.3237715337954934,1.425955929082896,1.3510462092608042,0.04763504435678101,-0.5725758385155817,anisotropic,18,400,200
1.4393713460023037,1.4276293121886416,1.6220741880593164,1.49441961270735,0.06086427483325812,0.0928048216385729,-1.097364598554487,-1.097364598554486,1.3543360008725958,0.07329331131604584,0.0732933113160457,1.3500184341254395,1.4858053687991677,1.394463696156621,0.04689641061136518,-0.947732703884385,anisotropic,18,400,200
2.0000000000000004,1.4767359143089513,1.6978204374431292,1.5585793298104627,0.057397692131154913,0.08184341550151153,-1.4259008065079937,-1.4259008065079977,1.3600353221379775,0.1167005921709738,0.11670059217097448,1.3876860872024726,1.551133660509873,1.4470673419924325,0.04468506372748049,-1.3288837440650565,anisotropic,18,400,200
2.7789909887462754,1.5343138155769962,1.7705375060077975,1.6266472534614813,0.05155681466183073,0.0664510523844059,-1.790906565700668,-1.7909065657006726,1.3689532554359571,0.16536056014103917,0.16536056014104006,1.4343613736698022,1.6160913407283208,1.5049323395805345,0.04058803523705379,-1.7387135272393375,anisotropic,18,400,200
3.8613954577664997,1.5969865777808807,1.8349875050869335,1.6941890849057328,0.04359591305634846,0.05034579244109636,-2.229624299856187,-2.229624299856189,1.3802615058883663,0.2167250718925144,0.21672507189251491,1.486719340178988,1.6750844818977193,1.5635314223172527,0.034740977442201615,-2.210993696595227,anisotropic,18,400,200
5.36539159055945,1.6608974774200007,1.887621235053747,1.7570225162439377,0.0344736799858722,0.035831509108513716,-2.7883602465222848,-2.788360246522283,1.3928662404679235,0.2680312369520771,0.26803123695207676,1.5409732492011614,1.724154837694337,1.6186475532898348,0.027832980315829037,-2.790728955623154,anisotropic,18,400,200
7.455187440629877,1.722302042557621,1.9273117823672687,1.8120782734707381,0.025457277983413462,0.02408423171866811,-3.526544785016305,-3.526544785016303,1.405702143612548,0.3165998989450729,0.31659989894507257,1.5935183640350468,1.7617120171096345,1.6671995391893886,0.02083130276590417,-3.537041153035333,anisotropic,18,400,200
10.358949358462416,1.778192130486512,1.9551136694414497,1.8578476882421866,0.017610423443588683,0.015379080445180923,-4.523205135346945,-4.523205135346936,1.4178937025871197,0.36029842789939237,0.3602984278993909,1.6415175766989787,1.7883478527835388,1.7076330713000143,0.014599286882488904,-4.528679731633861,anisotropic,18,400,200
14.39371346002303,1.8266860786345829,1.973361733521466,1.8942816464948624,0.011484519166324373,0.00939237369814521,-5.885798689638439,-5.8857986896384356,1.4288321738971834,0.3978539047373995,0.39785390473739907,1.6832205186961795,1.8060117892874596,1.7397986629463402,0.009634982090958477,-5.8721587353290445,anisotropic,18,400,200
20.0,1.867073780804815,1.984699606034571,1.9223274789782905,0.007118428882805396,0.005525369817347524,-7.762063663646495,-7.762063663646462,1.4381910579303905,0.42888272287442464,0.42888272287442103,1.7179610033351278,1.8170790212619798,1.7645029363708,0.006034151855507819,-7.7130861387238605,anisotropic,18,400,200
0.02,1.8497520446136742,1.720810175210036,1.779200469962099,0.012161279899512765,-7.055157465157542,5.801328086725629,5.801328086725644,1.4404592130247709,0.4092928315889034,0.4092928315889055,2.074736288452413,1.9217076383997733,1.9917900613458768,0.012863804160432757,6.448032484952414,anisotropic,19,400,200
0.027789909887462754,1.7992433254497209,1.6519178280246063,1.7164227565456183,0.018315640383089932,-5.960477687008709,4.521849477923109,4.521849477923087,1.4247411791894096,0.3745021462603112,0.37450214626030764,2.012727171751537,1.8402696825714109,1.917139324312742,0.01871820569746374,5.106677904055027,anisotropic,19,400,200
0.038613954577665,1.7411982735493088,1.5808986908164613,1.648022662129613,0.026051640106543997,-4.826007200702,3.576573721985768,3.576573721985762,1.407948830215668,0.3332494433336409,0.3332494433336398,1.9419858112427204,1.7568161420978226,1.8366181412034606,0.02556567093362183,4.121451391314323,anisotropic,19,400,200
0.053653915905594526,1.6774479517495953,1.5125498697374447,1.5775647136815758,0.034868394123888646,-3.7232413098707213,2.8645780965171714,2.8645780965171768,1.3913246157707366,0.28612333597885864,0.2861233359788597,1.8648859336571706,1.6762281242453956,1.7542186422980082,0.03267677330654983,3.386726416374163,anisotropic,19,400,200
0.0745518744062988,1.6109072443596852,1.4518947731466145,1.5094553443739744,0.04389132875835101,-2.7216458551480613,2.311433781015527,2.311433781015531,1.3764078955845047,0.2344993487751806,0.23449934877518147,1.7849143342948817,1.6030373910625395,1.6744161040697727,0.03911951721787599,2.82463174608443,anisotropic,19,400,200
0.10358949358462421,1.5452860799309833,1.4033798628246572,1.4482785071257482,0.0521089285041441,-1.8729230049954402,1.861630541827785,1.8616305418277856,1.3646938196081753,0.1805922603228081,0.18059226032280826,1.7061615659572889,1.5406850858694878,1.6013779329140323,0.04409078599871208,2.3765426419551092,anisotropic,19,400,200
0.14393713460023042,1.4846063111292969,1.3703258043875208,1.3981184633981405,0.058695188720536355,-1.2017447474047138,1.4735082996827622,1.4735082996827578,1.357165749675739,0.12744056145355784,0.12744056145355706,1.6326551182847633,1.4913038972935693,1.538375316586889,0.047208382404554605,1.9970987544105794,anisotropic,19,400,200
0.20000000000000004,1.4326713899821004,1.3547271634075406,1.3620790794297266,0.06324039453018762,-0.7059231055237367,1.1162534812883997,1.1162534812883977,1.3538724775758213,0.07879891240627909,0.07879891240627883,1.5677930854963171,1.4559721220504913,1.4875874491687433,0.048590309209321614,1.650650873244229,anisotropic,19,400,200
0.27789909887462755,1.392634269847469,1.3573122804792357,1.3420825418417044,0.06578146664329591,-0.36381354391199944,0.7684797950748721,0.7684797950748739,1.3537862882689184,0.03884798157855063,0.038847981578550815,1.5140575046279827,1.4351413053746451,1.4502452177229248,0.04870837455677801,1.3100886138311532,anisotropic,19,400,200
0.38613954577665,1.366743250214855,1.3777226043049182,1.3389045603532057,0.06665673381336192,-0.14418978924138395,0.41764257366101076,0.4176425736610116,1.355116628133685,0.011626622081169938,0.011626622081169985,1.4730173372042186,1.4289655768481804,1.426918152201085,0.04814660965022899,0.9574752062093398,anisotropic,19,400,200
0.536539159055945,1.356267435866794,1.414709567997786,1.3523430505474454,0.06629090276968923,-0.014628514072500588,0.059199455059210176,0.05919945505921126,1.3560351143944462,0.00023232147234780688,0.0002323214723478154,1.4455049687005266,1.4374282358549355,1.4177673272406968,0.047398550074068346,0.5852002100588521,anisotropic,19,400,200
0.7455187440629881,1.3615503971640013,1.4662804331914892,1.3814125761917517,0.06500567797198695,0.0532841841628394,-0.3055452946173364,-0.30554529461733715,1.355481601821225,0.006068795342776291,0.0060687953427763204,1.4318245341995077,1.4602543261229926,1.4226692211901073,0.04674041794228545,0.1958757198257256,anisotropic,19,400,200
1.0358949358462421,1.3821166575450659,1.5297212623999719,1.4244697574613874,0.06289840502226295,0.08177103381960721,-0.6733572958063182,-0.6733572958063171,1.3535978887163969,0.028518768828669064,0.02851876882866897,1.4318836409085394,1.4965924670937065,1.4411627052177265,0.04615069756679313,-0.20106010956297443,anisotropic,19,400,200
1.4393713460023037,1.416753237524043,1.6014666621256297,1.4792067945080827,0.05980631063350723,0.08677893603689908,-1.0442636625214141,-1.0442636625214137,1.3515352573704,0.06521798015364308,0.06521798015364304,1.4451830044429026,1.5445067305374252,1.4722060381651891,0.04527765864994926,-0.5968293089359386,anisotropic,19,400,200
2.0000000000000004,1.463517645779317,1.6769624020584875,1.5425439891166541,0.05539206960449654,0.07902634333733682,-1.4266725165098717,-1.426672516509868,1.3507729336596652,0.11274471211965177,0.11274471211965117,1.4706574449145746,1.6005268793243808,1.5138306705186368,0.043522983201681686,-0.9919638413571351,anisotropic,19,400,200
2.7789909887462754,1.5197005477149756,1.7508702215437544,1.6105967144048328,0.04937734044906428,0.0654166688974148,-1.8408477626214403,-1.8408477626214428,1.3523745426330867,0.16732600508188897,0.16732600508188944,1.506456518748507,1.6596954140454887,1.5629268365583269,0.04029825967734224,-1.4013090952801204,anisotropic,19,400,200
3.8613954577664997,1.581865901923707,1.8178864420436076,1.6789543908868718,0.04184356219357104,0.050286737022953096,-2.320273033018251,-2.3202730330182484,1.3565940991659853,0.22527180275772166,0.22527180275772105,1.5498446424990948,1.7164156906034196,1.6154415918521714,0.0353771493981716,-1.8542180607821055,anisotropic,19,400,200
5.36539159055945,1.6461127308124004,1.873965656166074,1.7433454761155387,0.0333874347473963,0.036244417080096146,-2.9122556446395134,-2.912255644639522,1.3629461194595398,0.28316661135286064,0.2831666113528623,1.5973936893078582,1.765866350709649,1.6670721573165825,0.02911572538434193,-2.3931558320781714,anisotropic,19,400,200
7.455187440629877,1.7085848674131818,1.917268397105381,1.8004452160005444,0.024962832517474404,0.024643337090824675,-3.679884825692709,-3.679884825692696,1.3705493645637037,0.33803550284947825,0.33803550284947587,1.6454869541120183,1.8052268069678372,1.7141836195712814,0.022346521937292696,-3.0741547007643995,anisotropic,19,400,200
10.358949358462416,1.7660675692484107,1.9482543853006697,1.8484133987921125,0.017495156964855527,0.015898490608303246,-4.7067785507223,-4.706778550722299,1.3784839850106803,0.3875835842377305,0.38758358423773037,1.6909468803640033,1.8340304142169357,1.7544870395607162,0.01600321545950667,-3.9704620210538364,anisotropic,19,400,200
14.39371346002303,1.8164214230062665,1.9689638512485912,1.8869190602052668,0.011547153844324327,0.009795614925196287,-6.105195977245194,-6.105195977245184,1.386019531973639,0.4304018910326276,0.4304018910326261,1.731514660980896,1.8536010222234225,1.7871837925715792,0.01074809806116006,-5.17944023899934,anisotropic,19,400,200
20.0,1.8586970398701417,1.9820217061132115,1.916744066876952,0.007230612229449648,0.005804702700681013,-8.027954641294395,-8.027954641294372,1.3926981399974778,0.4659988998726638,0.465998899872661,1.7660146570786133,1.866089570845646,1.8126402243824367,0.006823779159385701,-6.832807190088018,anisotropic,19,400,200
0.02,1.8856749117994613,1.7044568934282465,1.7852709844179038,0.01958983639189992,-10.040392738155736,5.125307091542274,5.125307091542263,1.371073950772069,0.5146009610273924,0.5146009610273904,1.882904802523768,1.7577821876522,1.812725861234286,0.015235267707395916,4.606347760821677,anisotropic,20,400,200
0.027789909887462754,1.8149533807846916,1.614990461660903,1.7008748610241455,0.02819412039730365,-8.210067626884385,4.046181194979077,4.046181194979079,1.3533710193785211,0.46158236140617054,0.4615823614061709,1.8308687825892909,1.693241639984523,1.7513263585225276,0.021457705528758364,3.7069398664343556,anisotropic,20,400,200
0.038613954577665,1.7364964911258478,1.5274494134394585,1.6129374966073609,0.03807091135058464,-6.39970683499771,3.2454961054298352,3.245496105429834,1.335486255625272,0.4010102355005758,0.4010102355005754,1.7725007000262163,1.6284469041583491,1.6863150955065347,0.028317413171496053,3.0435550026312055,anisotropic,20,400,200
0.053653915905594526,1.653723150111377,1.4479809331017375,1.526783231596319,0.04813762002047648,-4.731804431140205,2.6370210754304226,2.637021075430425,1.3189799096737487,0.33474324043762826,0.3347432404376289,1.7099586142033805,1.5669504593072718,1.6209487168559147,0.03501163979882316,2.5422944443309867,anisotropic,20,400,200
0.0745518744062988,1.571050176855279,1.3818186500575715,1.44787846452954,0.05711189785377025,-3.304322347536632,2.1566734245307133,2.1566734245307084,1.3054090182284155,0.2656411586268634,0.26564115862686216,1.6461394195857477,1.5119559599346104,1.5586811196896206,0.04073314014111684,2.147104288869812,anisotropic,20,400,200
0.10358949358462421,1.4932131511998838,1.3324809166321019,1.3808642914737632,0.06396548488445908,-2.1691168831584373,1.7563981564285254,1.7563981564285234,1.2958838211000785,0.19732933009980527,0.19732933009980483,1.5842863181010942,1.4660617147663608,1.502692050531292,0.04496393180487113,1.8146604243573472,anisotropic,20,400,200
0.14393713460023042,1.4245329801926876,1.3016229941724362,1.328948386438002,0.06825920148911974,-1.3281436235362218,1.4003180768225272,1.400318076822526,1.2906841456922638,0.13384883450042379,0.1338488345004236,1.5275629782348996,1.4312619500937918,1.4556066338276545,0.04761166067338207,1.5113176770049783,anisotropic,20,400,200
0.20000000000000004,1.368376503034179,1.289391109726117,1.2937942408579313,0.07017913104443357,-0.7458226217624785,1.0627413173444162,1.0627413173444178,1.289114851478467,0.07926165155571215,0.07926165155571241,1.4787309534726476,1.4090734421535382,1.4194274547122565,0.048949486201673054,1.211524437990202,anisotropic,20,400,200
0.27789909887462755,1.32693112767705,1.2949535316224645,1.2757803214723107,0.07032401635489298,-0.36812502388009244,0.7273589998984787,0.7273589998984787,1.2897261284319699,0.037204999245080014,0.037204999245080014,1.4399941413661002,1.400705683969883,1.3956174906393428,0.049464844057297785,0.8971351587675781,anisotropic,20,400,200
0.38613954577665,1.3012611761199826,1.3169921748447762,1.2744093192131984,0.06943471253836152,-0.1390785129390269,0.38672093431579996,0.3867209343157961,1.2908770009288768,0.010384175191105734,0.010384175191105531,1.4130061682065178,1.4072689750828813,1.3852754183741411,0.049724306541116814,0.5576900264953163,anisotropic,20,400,200
0.536539159055945,1.2915379981489745,1.3540951455276202,1.2887160097021535,0.06820112427228782,-0.010519226413171198,0.041377447614418306,0.04137744761441768,1.2914212314698477,0.00011676667912683052,0.00011676667912682699,1.3989995581007673,1.429954336449455,1.389346533189205,0.05026082817181221,0.19205861229672272,anisotropic,20,400,200
0.7455187440629881,1.2973367195230658,1.4049731455392622,1.317592271258115,0.06712532254609793,0.054339483470687414,-0.3017572350753135,-0.30175723507531466,1.2912244602365726,0.006112259286493391,0.006112259286493437,1.3989589830482976,1.4699550119768034,1.4087473396043344,0.05141931581643222,-0.19036341500500348,anisotropic,20,400,200
1.0358949358462421,1.317901939759738,1.4682955708067507,1.35992489697779,0.06634771661090917,0.08113362806185051,-0.6333745811403304,-0.6333745811403275,1.2912856668334765,0.026616272926261668,0.02661627292626144,1.413708505627024,1.5278501853455584,1.4442100908889846,0.05313850919461327,-0.5740015240219151,anisotropic,20,400,200
1.4393713460023037,1.352270783925973,1.5420185832659574,1.4144150507486657,0.06545926569459892,0.08634917875125345,-0.949357835949879,-0.9493578359498792,1.2932736372584899,0.0589971466674833,0.05899714666748332,1.4437644511472056,1.6024582836273895,1.495721441595157,0.054779851584281225,-0.948468988967836,anisotropic,20,400,200
2.0000000000000004,1.3991599529619207,1.6225183909429233,1.479083621353755,0.06351110119733411,0.0799236683918342,-1.2584204475294014,-1.2584204475294,1.2985823744160772,0.10057757854584358,0.10057757854584337,1.4889014033106478,1.689731464367317,1.5617109166932701,0.055211034291424266,-1.3187493101162853,anisotropic,20,400,200
2.7789909887462754,1.456647293729254,1.7042994488180345,1.5507634909320185,0.05941976068325135,0.06773407872418077,-1.583920839137492,-1.5839208391374946,1.3075746876794216,0.1490726060498323,0.14907260604983283,1.5475931184678544,1.7826275184736522,1.6384823145377698,0.05325600786596674,-1.7066468124810041,anisotropic,20,400,200
3.8613954577664997,1.521869861588785,1.7808921189902613,1.6250627977151146,0.052636385148817334,0.05344851997418472,-1.9604867590085322,-1.960486759008527,1.3195614766899022,0.20230838489888267,0.20230838489888156,1.6166820205293781,1.8725148258348323,1.7204339561580086,0.04832893404819316,-2.1467871715351725,anisotropic,20,400,200
5.36539159055945,1.5910441465577487,1.8466673363775503,1.697054886284731,0.043601710365837446,0.039516496769224044,-2.4313436064206138,-2.4313436064206115,1.3332956123106305,0.25774853424711813,0.2577485342471177,1.6916010513074289,1.951615129905,1.8011932216486999,0.040829737915029085,-2.6841262260694316,anisotropic,20,400,200
7.455187440629877,1.6599490663026653,1.8984671946647054,1.76240964903201,0.033596962903350826,0.02748705744699234,-3.0496977665539453,-3.049697766553941,1.3474752559931666,0.31247381030949856,0.31247381030949756,1.7671734727726482,2.0151481691915896,1.8751649354661932,0.03199177103185136,-3.3756012627755902,anisotropic,20,400,200
10.358949358462416,1.7246950402076298,1.9360743072467042,1.8183301385081683,0.024109070437996982,0.018078107163261005,-3.8838120507941847,-3.8838120507941927,1.3610339170507002,0.36366112315692956,0.363661123156931,1.8386592999215239,2.0620487177570026,1.9387077767947203,0.023292464089085918,-4.295315278389796,anisotropic,20,400,200
14.39371346002303,1.7824084120478711,1.9614722456098324,1.863837547568331,0.016205562521041314,0.01131454169163788,-5.024764516179694,-5.024764516179694,1.3732461813014765,0.4091622307463946,0.40916223074639463,1.9025881381463507,2.0941775516850636,1.9904560962174789,0.015853497396456362,-5.542496767354863,anisotropic,20,400,200
20.0,1.831545918890003,1.9776045506077593,1.8994300196861325,0.010290430125496523,0.006788410079613007,-6.59681859438835,-6.596818594388405,1.3837268204947628,0.4478190983952401,0.4478190983952476,1.9570947951566953,2.1148317879166076,2.0308765672521436,0.010173448569015697,-7.2523856187918865,anisotropic,20,400,200
0.02,1.7302644335227286,1.623648808455375,1.6715554577842529,0.010802326409598217,-5.870897573847589,5.434845561259003,5.4348455612590145,1.411190217324411,0.3190742161983176,0.3190742161983188,2.2991452495883338,2.1209574267308566,2.2039721919252235,0.012158292468743781,7.827830915219274,anisotropic,21,400,200
0.027789909887462754,1.688338831640374,1.5674064052067518,1.6197673663320367,0.01621050418305278,-4.934990115910598,4.230063700302744,4.23006370030275,1.3982771653630073,0.2900616662773668,0.2900616662773676,2.2276731952829194,2.0241303317944004,2.11701652163573,0.017770483805858994,6.226992740102288,anisotropic,21,400,200
0.038613954577665,1.6404301639445567,1.5101273531645234,1.5637771423496183,0.023003232409844025,-3.970223844375482,3.332271753344343,3.3322717533443567,1.3850014652752496,0.255428698669307,0.2554286986693091,2.1453170464922007,1.92305408004121,2.0219677243499623,0.02443567783348577,5.047918988897657,anisotropic,21,400,200
0.053653915905594526,1.5881977551884932,1.4560162436438482,1.5067218013512387,0.030770396129863983,-3.0370925388041967,2.6478682137659773,2.6478682137659773,1.372460166836563,0.21573758835193022,0.2157375883519302,2.0544464480762987,1.8233373209326849,1.9231283929533605,0.03152698310226265,4.1652591590190475,anisotropic,21,400,200
0.0745518744062988,1.5342237387292097,1.4094502949376242,1.4524505334444835,0.038772966777867256,-2.193726339838813,2.109026264438571,2.1090262644385755,1.3617619010563953,0.17246183767281453,0.17246183767281523,1.9588086121068464,1.7306209552036875,1.8256177950864938,0.038193977137546575,3.4872204206620694,anisotropic,21,400,200
0.10358949358462421,1.4817584907199999,1.3741995489442862,1.4049279411114777,0.04610215744133061,-1.4833656763802545,1.66652829005446,1.6665282900544571,1.353718206256965,0.12804028446303486,0.12804028446303442,1.863058029838918,1.6496300357978673,1.7345248234159791,0.04363841880482733,2.945413925234168,anisotropic,21,400,200
0.14393713460023042,1.4342764939024055,1.3528152773807942,1.367577256498632,0.0519372582859359,-0.9267828985066764,1.2842271541668016,1.2842271541668013,1.3486195220662616,0.08565697183614404,0.08565697183614403,1.772042571822196,1.5836659588608888,1.6541569253776007,0.04739467992788349,2.4873181256624566,anisotropic,21,400,200
0.20000000000000004,1.3949641258451886,1.3464131896659044,1.342784279044893,0.055808757421306934,-0.5217984680029553,0.9349759645495022,0.9349759645495003,1.346177223253037,0.04878690259215166,0.048786902592151474,1.6901036912450424,1.534651458946489,1.5876451723327394,0.04946480552605248,2.071341791859254,anisotropic,21,400,200
0.27789909887462755,1.3662994031754407,1.3549198317555868,1.3317331106773675,0.057753013576292304,-0.2487686547963046,0.5985192868318598,0.5985192868318595,1.3456108104410724,0.020688592734368235,0.020688592734368214,1.6206263545768225,1.503530634856788,1.5369553892418206,0.050246210949969505,1.665219401684111,anisotropic,21,400,200
0.38613954577665,1.3498539118694728,1.3776060831184938,1.3346011930335198,0.05825760892092692,-0.07900107100025139,0.26181505074565536,0.2618150507456545,1.3458605205134286,0.0039933913560442555,0.003993391356044228,1.5659207422444787,1.4906694106863885,1.503143869557422,0.05030241381602307,1.24798926979246,anisotropic,21,400,200
0.536539159055945,1.3463472532121221,1.413540866754765,1.3509536654952035,0.057980788976480103,0.017170833499595622,-0.0794472163003841,-0.07944721630038412,1.3459812865790994,0.00036596663302270935,0.0003659666330227096,1.5273414822647198,1.4959848684300072,1.4866123376144849,0.05010167546575728,0.8129297926986861,anisotropic,21,400,200
0.7455187440629881,1.3558569843416,1.4616580136581194,1.3800661016278788,0.05738279474396181,0.06494569715133369,-0.4218880832538446,-0.4218880832538429,1.3456434462524243,0.010213538089175694,0.010213538089175613,1.5054680756334395,1.5187896430197627,1.48720250028541,0.04985271808238245,0.3663907616400267,anisotropic,21,400,200
1.0358949358462421,1.3780150730944047,1.5204383306669635,1.4209784150010956,0.056496573759177576,0.08294922664448234,-0.7604592464284022,-0.7604592464284003,1.3453432024839969,0.032671870610407897,0.03267187061040774,1.5002172568541585,1.5575413730305332,1.504136647119121,0.049485335646449524,-0.07920306518611606,anisotropic,21,400,200
1.4393713460023037,1.4120620393297068,1.5874825328957476,1.47229126669007,0.05496203884531418,0.08368824004680003,-1.0958332082598528,-1.0958332082598516,1.3460608518803878,0.066001187449319,0.06600118744931888,1.5108613256266914,1.609654638688693,1.5358999713710813,0.048716021573221635,-0.5139714807531239,anisotropic,21,400,200
2.0000000000000004,1.456746988510514,1.6592716738273703,1.5318832501824025,0.052252161973079345,0.07513626167188835,-1.4379550785018076,-1.4379550785018054,1.3487044194597813,0.10804256905073274,0.10804256905073242,1.5359870503891622,1.6713902319340597,1.5801280314510435,0.047121219421134786,-0.9367537938138177,anisotropic,21,400,200
2.7789909887462754,1.5101669674289901,1.731295489560123,1.5967595991177688,0.0479432587535763,0.06231947641387928,-1.8061482247974914,-1.806148224797484,1.3537678394237598,0.15639912800523048,0.1563991280052293,1.5734346289323597,1.7378705191925528,1.633535714203612,0.0442337197176883,-1.3587165098217786,anisotropic,21,400,200
3.8613954577664997,1.5696839649526955,1.798646724796023,1.6631927850538566,0.041945119641005654,0.04843265659987499,-2.229313467251305,-2.2293134672513015,1.3612234929943974,0.20846047195829806,0.2084604719582974,1.620272026138516,1.8034697497657692,1.6920022969595356,0.03973718198521414,-1.8051172035226324,anisotropic,21,400,200
5.36539159055945,1.6320450789552066,1.8570294270818457,1.7272181969581835,0.03463811212068555,0.035476671701068954,-2.7476416056214688,-2.7476416056214688,1.3705434601935056,0.26150161876170097,0.2615016187617009,1.672908063126087,1.8627878469986265,1.7509872257155874,0.03372145869353904,-2.3154147422590623,anisotropic,21,400,200
7.455187440629877,1.6937565627820126,1.9038011031627309,1.785367787817398,0.026822090309947835,0.024576504820285304,-3.415514002702778,-3.4155140027027775,1.3808571408688988,0.3128994219131139,0.31289942191311376,1.7274414106428433,1.911922993700721,1.8062872704480453,0.026789863447473916,-2.9431228703271555,anisotropic,21,400,200
10.358949358462416,1.7516258890398184,1.9384717488270733,1.8353290012096464,0.019439635447599003,0.016160540856674697,-4.305796391884816,-4.305796391884819,1.391217330669443,0.3604085583703752,0.3604085583703758,1.7802108258278375,1.9493107682275181,1.8548316386918597,0.019858316671636178,-3.7576605357796433,anisotropic,21,400,200
14.39371346002303,1.8032646432691941,1.9623854024978937,1.8762131377826285,0.013223770201830663,0.010136160444772084,-5.516467195061787,-5.51646719506179,1.4008466663566883,0.40241797691250586,0.4024179769125063,1.828345650976194,1.9756236290102567,1.8951019324833838,0.01376541501968287,-4.849565480716452,anisotropic,21,400,200
20.0,1.8473513984266596,1.977868967066432,1.9083618788103696,0.008496607872352442,0.006101048038370997,-7.180569151865315,-7.18056915186532,1.4092614250429083,0.43808997338375144,0.438089973383752,1.8700859116655322,1.9929227673254393,1.9270143110828526,0.00898005682526648,-6.339425298194713,anisotropic,21,400,200
0.02,1.6099865362157217,1.5161823400946162,1.5576001060779392,0.010968664154459663,-5.238643013778233,4.776008217598965,4.776008217598944,1.3597885153869982,0.2501980208287235,0.25019802082872145,1.8872198324628615,1.7463015144978986,1.8109641941551389,0.011592958650482377,6.577754704969096,anisotropic,22,400,200
0.027789909887462754,1.5726964546256479,1.467474682236368,1.5119026012153156,0.016365934431385277,-4.375246530594863,3.714658253411226,3.7146582534112484,1.346868065298285,0.225828389327363,0.22582838932736574,1.830230208435418,1.6716146890249226,1.7424660318322915,0.01691283379575781,5.189205881343203,anisotropic,22,400,200
0.038613954577665,1.530376858356747,1.4185399565914583,1.4629137364088005,0.02308934213060407,-3.4942353191127515,2.921829542233972,2.921829542233964,1.333261115637904,0.19711574271884305,0.19711574271884194,1.7653208939538727,1.5954651694346125,1.668771848170387,0.0232423670477111,4.154010888189367,anisotropic,22,400,200
0.053653915905594526,1.4845910987988675,1.373067004446681,1.4134616818011672,0.030734739643214198,-2.6514156813029053,2.3143002941755766,2.314300294175576,1.3199762681165523,0.1646148306823152,0.16461483068231508,1.6947786238602136,1.5227706426066379,1.59375973524023,0.030029795986391328,3.3639552085456264,anisotropic,22,400,200
0.0745518744062988,1.4376801897479707,1.3348305897204598,1.366939889803154,0.03863099986212245,-1.8977470521878637,1.8311796276900767,1.8311796276900745,1.3081419936323369,0.12953819611563394,0.1295381961156336,1.6220167438606699,1.4583605458655762,1.5219244027254215,0.036528484275403006,2.740117558139334,anisotropic,22,400,200
0.10358949358462421,1.3925380248173735,1.3071492996572855,1.3268382698775496,0.0460107847195598,-1.2684636765050417,1.4279207655394344,1.4279207655394341,1.298723980447947,0.09381404436942664,0.0938140443694266,1.5511484352197833,1.4061773699015891,1.4576489929658396,0.042027819189693005,2.224703638129139,anisotropic,22,400,200
0.14393713460023042,1.3522631410653374,1.2925090775626384,1.2962741362390084,0.05222394614995927,-0.7779646994061998,1.0720944883322001,1.0720944883322008,1.2922376375838251,0.060025503481512234,0.06002550348151231,1.4863630255739229,1.3688398551540661,1.40455923570204,0.046084409323909004,1.7750860013614695,anisotropic,22,400,200
0.20000000000000004,1.3197811115578741,1.2924061827439086,1.2776452651457333,0.05689676401031604,-0.42135846412140865,0.7405666586679892,0.7405666586679895,1.2885767085702875,0.031204402987586734,0.031204402987586765,1.4313191253489599,1.347668774567544,1.3651733894978362,0.048641120920831504,1.3598727701769617,anisotropic,22,400,200
0.27789909887462755,1.2975296846936546,1.307378694122479,1.2724662091519947,0.05997596051214431,-0.18037824262947447,0.4178920241983432,0.41789202419834415,1.2870558581661047,0.010473826527549916,0.010473826527549962,1.388753535105452,1.34304615353276,1.3409054505547668,0.04998878752867819,0.9571763372583331,anisotropic,22,400,200
0.38613954577665,1.2872650078088606,1.337141980116183,1.2813781802268025,0.06165062747143908,-0.03049067440227057,0.09548690457019672,0.09548690457019983,1.2867028928653115,0.0005621149435491791,0.0005621149435492157,1.3603874944621013,1.354852465295433,1.332316308916698,0.05060734192413818,0.5546860293014937,anisotropic,22,400,200
0.536539159055945,1.2899970127863551,1.380729091386651,1.3042612435350285,0.062203617102948965,0.0531712569638785,-0.22931513331556874,-0.22931513331557082,1.2867260088105792,0.003271003975776061,0.0032710039757761203,1.347071164247232,1.3827626264573867,1.339430135236336,0.050973520231946345,0.14990192900405372,anisotropic,22,400,200
0.7455187440629881,1.306016818100783,1.436578423079372,1.3403603137615931,0.06187461365696865,0.09213315140446296,-0.5550498602093855,-0.5550498602093854,1.2869544656351486,0.01906235246563433,0.019062352465634324,1.3490269793388252,1.4262970420884922,1.3619598770308203,0.05140426736567649,-0.25159190773003104,anisotropic,22,400,200
1.0358949358462421,1.3349614017425484,1.5025450142076482,1.388366904165701,0.06077260761879423,0.10310988223825003,-0.878775891239471,-0.8787758912394749,1.2880299337535508,0.04693146798899762,0.046931467988998034,1.3660511547230474,1.4845765730968388,1.399344365335452,0.05193899714898231,-0.6410060347700993,anisotropic,22,400,200
1.4393713460023037,1.3758673179010534,1.5757981489922237,1.4464253335542807,0.05881479978471568,0.09804004484206881,-1.1996643006776557,-1.1996643006776577,1.2912213853952215,0.084645932505832,0.08464593250583229,1.3975689608970288,1.5557640949555651,1.4505408568543325,0.05225134214392879,-1.0137901493781767,anisotropic,22,400,200
2.0000000000000004,1.4271783177892279,1.6526399535040674,1.5120551824261008,0.05570790644109376,0.08487686463687286,-1.523605356209586,-1.5236053562095846,1.2978594722102124,0.1293188455790156,0.1293188455790154,1.4424948072975765,1.6363818532915568,1.513608383152411,0.05165989428431139,-1.3765722295802485,anisotropic,22,400,200
2.7789909887462754,1.4867045796541254,1.728498809453848,1.5820678913153499,0.05106760647727453,0.06863160913252664,-1.867393407279855,-1.8673934072798468,1.3086237601615807,0.1780808194925447,0.17808081949254312,1.4989507187286255,1.721014702144766,1.585308050079895,0.04934932071360132,-1.749919352536667,anisotropic,22,400,200
3.8613954577664997,1.5516023239921415,1.7984456612120487,1.6526692813227224,0.04470942255874523,0.05234737464006856,-2.26052924744858,-2.260529247448582,1.3231375109957257,0.22846481299641577,0.22846481299641622,1.564031997078257,1.8029451055653745,1.6610936926677828,0.044789717308066024,-2.167053096627746,anisotropic,22,400,200
5.36539159055945,1.6185032621150226,1.8582608270598988,1.7199114897191892,0.036941109736543014,0.037800867240555945,-2.7451321394346517,-2.745132139434651,1.3401242773157207,0.2783789847993019,0.2783789847993017,1.633867581113887,1.8757397169102494,1.735741897971573,0.038123502080990246,-2.6722182196499813,anisotropic,22,400,200
7.455187440629877,1.6838810564772304,1.9055360707887417,1.7804140167482636,0.028589093769444834,0.02589685666250063,-3.3765659397782217,-3.3765659397782297,1.3579311507600955,0.32594990571713495,0.32594990571713645,1.7040985880177695,1.9350284714312114,1.8044568106942094,0.030213438060562314,-3.321641928842179,anisotropic,22,400,200
10.358949358462416,1.7445853285446575,1.9401217288240957,1.8320116381293028,0.02068378111014819,0.01687937773597183,-4.2268050081883155,-4.2268050081883075,1.3750513653448568,0.3695339631998007,0.3695339631997993,1.7706372279757054,1.9794423534319947,1.8639040733210626,0.022271434765575027,-4.18773403362049,anisotropic,22,400,200
14.39371346002303,1.7983296164859501,1.9636868832841352,1.8739910515696332,0.014034396630818862,0.010513122314658313,-5.391142709871415,-5.391142709871405,1.3904280223161427,0.4079015941698073,0.4079015941698057,1.8303742260817673,2.010274144711094,1.9126575166197792,0.015333337553302684,-5.366300079938486,anisotropic,22,400,200
20.0,1.8439283119484107,1.978780697173563,1.9068584523145407,0.008992104492892738,0.006293014036612968,-6.998377344910669,-6.998377344910636,1.4035194432980382,0.4404088686503725,0.44040886865036827,1.8815432292375476,2.0303135060298483,1.9509606652635731,0.009935404740249343,-6.986875506420833,anisotropic,22,400,200
0.02,1.7474513484168437,1.6338650440814304,1.685694276065881,0.009927840366512258,-6.17570723509628,6.220594819320049,6.220594819320069,1.3632856240940723,0.3841657243227715,0.38416572432277385,1.9470450948185634,1.8002089550964167,1.8679619729484362,0.011330104018107523,6.979911370958131,anisotropic,23,400,200
0.027789909887462754,1.7031515550457659,1.5725865218263078,1.6303782822492365,0.014981512373600667,-5.23738818090667,4.857538476874011,4.8575384768740175,1.3496525823485759,0.3534989726971901,0.3534989726971908,1.8877893497410896,1.7212717183933683,1.796256556688913,0.016547954756631622,5.531365923966804,anisotropic,23,400,200
0.038613954577665,1.6520572620519565,1.5090954341591796,1.5699082608596715,0.02133617449179299,-4.254886715995743,3.850221661051927,3.8502216610519238,1.3357653982276403,0.3162918638243161,0.3162918638243156,1.8198644954947987,1.639735101047803,1.718447425112916,0.022704746316769775,4.466778398090965,anisotropic,23,400,200
0.053653915905594526,1.5957778757558034,1.4478007346035593,1.5075067377155034,0.028565134928356224,-3.290389398440761,3.090170526471923,3.090170526471927,1.3230050066455337,0.2727728691102698,0.2727728691102705,1.7454250274783776,1.5603474191684998,1.6382925213796593,0.029187403887558805,3.670504801024244,anisotropic,23,400,200
0.0745518744062988,1.5369416600147126,1.3934275649314087,1.4472174888277265,0.035934247290668256,-2.4070265677828604,2.496898584273017,2.496898584273019,1.3129095040028573,0.22403215601185528,0.2240321560118557,1.6677539373643835,1.4877523811543798,1.5601510081980812,0.03520430212260095,3.056527829796742,anisotropic,23,400,200
0.10358949358462421,1.4789360115393646,1.3502211806700695,1.393267109124959,0.04262297395951577,-1.6540075532741376,2.009923157773451,2.0099231577734544,1.306748100675617,0.17218791086374755,0.17218791086374807,1.5908327831330653,1.425775791854543,1.488269754624771,0.040069065738066456,2.5596560992650574,anisotropic,23,400,200
0.14393713460023042,1.4254485231525056,1.3213753395503436,1.3494045321558559,0.04801479839113701,-1.0566278286399589,1.583761539040151,1.583761539040146,1.3050129749368962,0.12043554821560933,0.12043554821560859,1.518739668114592,1.3771235532131378,1.4262087822612264,0.04344565680527701,2.1298075033849306,anisotropic,23,400,200
0.20000000000000004,1.3799606220986231,1.3088272881218264,1.31845279036916,0.05188232948212889,-0.6150783172946285,1.1855256374070426,1.1855256374070389,1.3070415106820263,0.07291911141659682,0.07291911141659634,1.4550973451611746,1.3434752027294452,1.3765797332721552,0.045413081346309614,1.7289646410527029,anisotropic,23,400,200
0.27789909887462755,1.3453496638588625,1.3133480162495383,1.3021614298014197,0.05437482050556152,-0.3108195329336196,0.7942689953896109,0.7942689953896107,1.311046588581406,0.03430307527745644,0.03430307527745642,1.4027398727184002,1.3257714535792118,1.341079562093847,0.046352202109918306,1.3302563377319963,anisotropic,23,400,200
0.38613954577665,1.3236795218381159,1.3347734709589314,1.3012958185862336,0.05586135562457983,-0.11593582422054882,0.4007010392356673,0.4007010392356638,1.3147103486831437,0.008969173154972034,0.008969173154971876,1.3636346397034929,1.3244982875203017,1.3206868101646074,0.046759306894579744,0.9184872999874142,anisotropic,23,400,200
0.536539159055945,1.3161700564059386,1.372241292153449,1.3158375021752453,0.05673634420889693,-0.0012396270619961895,0.005861396875852812,0.0058613968758506165,1.3161681071736098,1.949232328837568e-06,1.9492323288361074e-06,1.3389864021327658,1.3398378994631643,1.3158762320985313,0.047071837398867444,0.4909553421169506,anisotropic,23,400,200
0.7455187440629881,1.3232789874295663,1.4243092176261394,1.345171257832048,0.05724568939160966,0.05873030175786463,-0.3824265308907338,-0.382426530890734,1.3149068024062234,0.008372185023342988,0.008372185023342997,1.3294032938281688,1.3715996072891965,1.3267362333457056,0.04753043442595439,0.05611268894708154,anisotropic,23,400,200
1.0358949358462421,1.3448066834238654,1.4888600630635154,1.388155637034214,0.05735547241895249,0.08369372628496581,-0.7557945525007034,-0.7557945525007064,1.3120437804285583,0.03276290299530719,0.03276290299530746,1.335009539565168,1.4188974961772838,1.3529133754885376,0.04808028476537629,-0.3723737496717698,anisotropic,23,400,200
1.4393713460023037,1.3799406188247525,1.5628184915184629,1.4430291379618234,0.056700834419568434,0.08766121308763361,-1.1126559209029556,-1.1126559209029565,1.309744804465891,0.07019581435886138,0.07019581435886152,1.3554279761540695,1.4796386456410602,1.3933691951258018,0.048328231543525835,-0.7850736052189562,anisotropic,23,400,200
2.0000000000000004,1.4271992972963932,1.641888707178431,1.5072074340468005,0.05467313638122314,0.08000813675040727,-1.4633902871883746,-1.4633902871883744,1.3101161670798078,0.11708313021658527,0.11708313021658524,1.3896186063808107,1.550036528098405,1.4460266695849728,0.04760179530926978,-1.1849986505273145,anisotropic,23,400,200
2.7789909887462754,1.484314592506061,1.7206685981376593,1.5771494042119438,0.050684382219833346,0.06681188394048325,-1.831625594314841,-1.831625594314834,1.3142759753421671,0.17003861716389398,0.1700386171638927,1.4356454918288715,1.6245493101450517,1.507509986212013,0.045174829549897044,-1.5908083129293233,anisotropic,23,400,200
3.8613954577664997,1.5481803399150649,1.7934316960195438,1.6485343529794003,0.04454332997580775,0.051978106962596436,-2.252952644511298,-2.252952644511301,1.322087500794449,0.2260928391206159,0.22609283912061648,1.4905380735554274,1.696646624065668,1.5732708543278684,0.04064298896535856,-2.0355978454969685,anisotropic,23,400,200
5.36539159055945,1.6150288478818724,1.855444765714334,1.716878645939325,0.03671632171755634,0.03796546676543058,-2.7739651820501394,-2.7739651820501425,1.3325010542716609,0.2825277936102115,0.28252779361021224,1.5504434298661278,1.7603518751621792,1.638275419532427,0.03424446596345332,-2.5648520774140837,anisotropic,23,400,200
7.455187440629877,1.6809032707051499,1.9041555730370099,1.7784130908460778,0.028232662050004406,0.026158918449054953,-3.4537947561665616,-3.4537947561665594,1.3441243652276684,0.3367789054774814,0.3367789054774809,1.6111454376119574,1.8118195846263652,1.6980567550402774,0.02685151215776793,-3.2367382856379385,anisotropic,23,400,200
10.358949358462416,1.742298262324077,1.93953922732549,1.8307909819072457,0.020255525835075807,0.01708526927219258,-4.368818677120136,-4.368818677120129,1.3556896162199752,0.38660864610410184,0.3866086461041007,1.66879371401539,1.850032098840474,1.7496180787690248,0.019589655317814536,-4.125869671639113,anisotropic,23,400,200
14.39371346002303,1.7967029811728739,1.9634850022129113,1.8732815398404878,0.01362490370480937,0.010640556223423869,-5.620484395833418,-5.620484395833417,1.3662943871261355,0.4304085940467383,0.43040859404673826,1.7205311877001879,1.8763320988296468,1.7917511557293944,0.013360975071045722,-5.330446891076515,anisotropic,23,400,200
20.0,1.8428316208511955,1.978733625530174,1.906452557574017,0.008660131233335155,0.006362093672282164,-7.3464171625861265,-7.346417162586138,1.3754456794108534,0.4673859414403421,0.4673859414403436,1.764776450797337,1.8932968820673477,1.8247427811961052,0.008587770472474165,-6.982758865176308,anisotropic,23,400,200
0.02,1.7918582266830267,1.6600574264204955,1.719417944429014,0.013079764245494362,-7.24402822540127,5.538347702174101,5.5383477021741045,1.3906587559166723,0.40119947076635437,0.40119947076635487,1.7748246757449941,1.6468774609977532,1.70450780422734,0.012686528288067489,5.542640974819858,anisotropic,24,400,200
0.027789909887462754,1.74007610356108,1.5902384106860326,1.6553149685626254,0.019684577121861883,-6.1001374485704325,4.305966771534957,4.3059667715349645,1.375097472740146,0.36497863082093385,0.364978630820935,1.7225881139974124,1.5812325816793438,1.6427305011600981,0.01835969335655996,4.34961582889297,anisotropic,24,400,200
0.038613954577665,1.6808215529924633,1.5190373492858278,1.5859734626928512,0.027911976892588945,-4.912632820802767,3.398114388837706,3.3981143888377097,1.3585168925915734,0.3223046604008898,0.3223046604008905,1.6639638111001793,1.516024934933242,1.5775195812132714,0.02494958360687871,3.464756416338542,anisotropic,24,400,200
0.053653915905594526,1.6161728773810466,1.4515738518105668,1.5153042937580947,0.03713814167542365,-3.759970988899771,2.716037450244911,2.7160374502449054,1.3422100267079486,0.27396285067309795,0.2739628506730968,1.6013594416930315,1.455606678772522,1.5125936057440184,0.03177890897751645,2.7932310707021077,anisotropic,24,400,200
0.0745518744062988,1.5493248005672509,1.3929970088095107,1.4479836320659856,0.04635454524479099,-2.7186752662707954,2.186218589053105,2.186218589053113,1.3277708541534217,0.2215539464138292,0.22155394641383075,1.5380629739974905,1.4038311357188462,1.4519352290541845,0.038023651607967945,2.265109775128955,anisotropic,24,400,200
0.10358949358462421,1.4842149642574896,1.347628082365925,1.388676989888033,0.05448906684734882,-1.8445495013721631,1.7533420903886352,1.7533420903886368,1.3167042125650505,0.16751075169243898,0.16751075169243929,1.4777573579795924,1.363486531639091,1.3991241915672616,0.04299550648415984,1.8288694061855124,anisotropic,24,400,200
0.14393713460023042,1.4249653597543737,1.3184943626487189,1.341342756220743,0.060774209961606644,-1.1619323083773103,1.3759554190249164,1.3759554190249157,1.3099043852693024,0.1150609744850713,0.1150609744850712,1.4239410735213924,1.336146121236899,1.3568683523755098,0.04635049000727198,1.447076851514611,anisotropic,24,400,200
0.20000000000000004,1.3753333516319695,1.3072717786548942,1.3088371385101398,0.06493085326658374,-0.6649621312182953,1.0241081054151415,1.0241081054151402,1.3072340407944911,0.06809931083747842,0.06809931083747824,1.3794538054465793,1.3223438630322406,1.3268369445228911,0.04812377943303758,1.0933651002391132,anisotropic,24,400,200
0.27789909887462755,1.33832238913587,1.31443176652954,1.2928251332814036,0.06710388910260251,-0.3274372319932707,0.678012205595128,0.6780122055951242,1.3074746943454574,0.030847694790412612,0.03084769479041227,1.3462300288824656,1.3219030040014197,1.3097512417525303,0.048630549378824384,0.7501208108049775,anisotropic,24,400,200
0.38613954577665,1.3159910152791776,1.3394252948877334,1.2938713840192961,0.06767354212831878,-0.11456807002448678,0.32685789104905244,0.32685789104905094,1.3087610392547901,0.007229976024387554,0.00722997602438749,1.3252941837644787,1.3342950464952925,1.3056313937534836,0.048326442752804066,0.4068743505822024,anisotropic,24,400,200
0.536539159055945,1.3094198035291036,1.3808659363667553,1.3116025133270373,0.06708071324178426,0.008136255336047685,-0.03253855978045965,-0.03253855978046064,1.3093487812958602,7.102223324345967e-05,7.1022233243464e-05,1.3169348274275665,1.3589288924790845,1.3140952334103755,0.04767325308590031,0.05956367215122679,anisotropic,24,400,200
0.7455187440629881,1.318778686359625,1.4366859926213604,1.3448857438501909,0.06569319128060372,0.07003729335706736,-0.39740887878397557,-0.3974088787839755,1.3084035099139504,0.010375176445674612,0.010375176445674608,1.3209548539483533,1.3952293823906414,1.3345911555131411,0.04700192531271252,-0.29012219125201677,anisotropic,24,400,200
1.0358949358462421,1.3434392208992108,1.5041625179341502,1.3919633756549903,0.06367498752338027,0.09368547538296293,-0.7620599020606383,-0.7620599020606384,1.3064609082784462,0.036978312620764606,0.03697831262076462,1.3368750492247035,1.4423736024885379,1.3664371099511057,0.04637443181103018,-0.6374646453214521,anisotropic,24,400,200
1.4393713460023037,1.3820679646303893,1.5797497876164233,1.4504679250608885,0.060881902125035525,0.09504143683347947,-1.1234859300227442,-1.1234859300227427,1.305221571472611,0.07684639315777834,0.07684639315777812,1.3639818623182467,1.4987225011797203,1.4086005120965501,0.0455033393048665,-0.9805577010373732,anisotropic,24,400,200
2.0000000000000004,1.4326480797620367,1.6588952114401747,1.5173222175475378,0.05689885610713586,0.08467413778550108,-1.4881518466042045,-1.4881518466042034,1.3066401052569243,0.12600797450511236,0.12600797450511222,1.4011847693626298,1.561267795665394,1.4593149757049941,0.04382261361803552,-1.3264888043656164,anisotropic,24,400,200
2.7789909887462754,1.4924462493830823,1.7362338362090801,1.5886897566010627,0.05130057239003677,0.06926507326416344,-1.8760708259986605,-1.876070825998661,1.3118866132996378,0.18055963608344447,0.1805596360834445,1.4467741635399451,1.6255795340909451,1.5158028120406921,0.04074807354950627,-1.694034649684276,anisotropic,24,400,200
3.8613954577664997,1.5580414795927988,1.8064205010623606,1.6602176639599846,0.04402665273519006,0.05292189597502995,-2.320780209700507,-2.32078020970051,1.3209130130107238,0.23712846658207506,0.23712846658207573,1.4982738692774005,1.6865437067056057,1.5743965261526984,0.03602452367760911,-2.1130787892307836,anisotropic,24,400,200
5.36539159055945,1.625560985105826,1.865352227011925,1.727658294875933,0.03559662236588482,0.038057729076010016,-2.868174084627627,-2.868174084627627,1.332728127113006,0.29283285799281994,0.29283285799281994,1.552568785574882,1.7396559683961967,1.6311410124422239,0.02994272908663076,-2.6240836845571267,anisotropic,24,400,200
7.455187440629877,1.6911587399597954,1.9111106656870729,1.7876495000507164,0.02697040554543554,0.025885535637925845,-3.577653288467185,-3.57765328846718,1.3459482548138135,0.3452104851459819,0.34521048514598096,1.6063360711869383,1.7821932142250594,1.68263372165339,0.023261842105217756,-3.279948772816134,anisotropic,24,400,200
10.358949358462416,1.7515926087053981,1.9440816301079353,1.8382639330702073,0.019146372672918594,0.01673361291104409,-4.5267751675700225,-4.526775167570029,1.3592510098303734,0.39234159887502484,0.39234159887502584,1.6566173362523708,1.813638842437518,1.7266871731288755,0.01688183243213759,-4.150606112113412,anisotropic,24,400,200
14.39371346002303,1.804663580689318,1.9662809170638051,1.8790783603578265,0.012787777037470156,0.010339900106416243,-5.819211536959211,-5.819211536959219,1.3716282363220562,0.4330353443672618,0.4330353443672631,1.7012847915661045,1.8352552204764319,1.7625252984454534,0.0114894151516296,-5.3301674690258585,anisotropic,24,400,200
20.0,1.8493558443357712,1.9803765989009756,1.9108203956846204,0.008091651867505502,0.006146455134884942,-7.596044955379121,-7.596044955379147,1.3824683491277043,0.46688749520806694,0.4668874952080702,1.7392320293848818,1.8492077758256777,1.7905279206742724,0.007383963862015008,-6.946931519162728,anisotropic,24,400,200
0.02,1.881393169037064,1.7115897099873356,1.7872799548719747,0.018422969280450514,-9.411321416508935,5.10847153531094,5.108471535310941,1.4006184933780828,0.4807746756589813,0.4807746756589814,1.9655484264581096,1.83256266575304,1.8910593024405997,0.015992487329949956,4.657757263187586,anisotropic,25,400,200
0.027789909887462754,1.8148003051689354,1.6259078342624105,1.7068934762305403,0.026921186970265118,-7.765899880594918,4.008249304073402,4.008249304073408,1.3822828331718457,0.43251747199708973,0.4325174719970912,1.9104175527687972,1.7651316352454653,1.8264117123642332,0.02272576328579623,3.696502482584086,anisotropic,25,400,200
0.038613954577665,1.7402164218724865,1.5410960860808105,1.6221738555915106,0.03696479677027524,-6.113984831237851,3.1933779323764133,3.1933779323764058,1.363261895629738,0.37695452624274844,0.37695452624274667,1.848964570389454,1.6985348660546808,1.7586292050475807,0.03024102634897341,2.9871792147338896,anisotropic,25,400,200
0.053653915905594526,1.6607314466236964,1.4632191847524672,1.5382150518908497,0.04752052759446368,-4.566913436417851,2.578178335442562,2.5781783354425585,1.344862331986942,0.31586911463675454,0.3158691146367537,1.7837148174758566,1.6366904915263667,1.6913986134940995,0.037608082014024546,2.4546905621863724,anisotropic,25,400,200
0.0745518744062988,1.5805420272175752,1.3975876654751658,1.4604796422410131,0.057170408210714584,-3.2209085534787874,2.100079197161664,2.1000791971616635,1.3284015101666822,0.2521405170508931,0.252140517050893,1.717931478587937,1.5827077079229142,1.6284171378901966,0.04380491073045789,2.043477299806488,anisotropic,25,400,200
0.10358949358462421,1.5043082789853397,1.3477174454343461,1.3937288448133243,0.0645680347930377,-2.1349546241710553,1.712603372960936,1.7126033729609396,1.3149295670422343,0.1893787119431054,0.1893787119431062,1.655070588661564,1.538555583588755,1.5727544342670812,0.048117303716156634,1.7107391320192162,anisotropic,25,400,200
0.14393713460023042,1.436355955519815,1.3150091206858625,1.3412083133038333,0.0689484495980109,-1.3220722015933395,1.3799823313028745,1.3799823313028732,1.3050538903966327,0.1313020651231824,0.13130206512318213,1.5982317421738284,1.5053363589941604,1.5265726709213112,0.05042275932536633,1.4211652081576462,anisotropic,25,400,200
0.20000000000000004,1.3800205364627034,1.2992463987365457,1.3044249904587253,0.07041695428179895,-0.7559554600397844,1.0735418305860709,1.0735418305860758,1.2988655556214392,0.0811549808412642,0.08115498084126495,1.5498446873823315,1.4839199999686747,1.4912869461784533,0.05119079499409951,1.143911541335271,anisotropic,25,400,200
0.27789909887462755,1.3373726587936428,1.2995721052421552,1.2835480291912749,0.06984870565324841,-0.3873681477941795,0.7705887904289992,0.770588790429001,1.2958960025730653,0.04147665622057757,0.04147665622057777,1.5116850517993214,1.4754984525972485,1.4679801799241425,0.051223144548284694,0.8532250852733415,anisotropic,25,400,200
0.38613954577665,1.3093751945694596,1.3153753104530796,1.2781459636668782,0.0684585776887828,-0.1617510107117851,0.45617703371740487,0.4561770337174037,1.295129136651044,0.014246057918415518,0.01424605791841545,1.485114683936071,1.481737113660128,1.4577721001624928,0.05130759727121337,0.5329149137318685,anisotropic,25,400,200
0.536539159055945,1.296312436001724,1.3466373990249485,1.2878343254637863,0.06728118409909996,-0.03160295160135252,0.12601012677556447,0.12601012677556486,1.2952441082180213,0.0010683277837027756,0.0010683277837027826,1.4713388082265915,1.5044670443888384,1.4619274666297095,0.05195091935601104,0.1811583262345674,anisotropic,25,400,200
0.7455187440629881,1.2982227874572414,1.3935898019433377,1.3125104448179394,0.0667916997647005,0.03832943832594168,-0.21391366608473533,-0.2139136660847333,1.2951664622914518,0.0030563251657894706,0.0030563251657894125,1.4715055449398065,1.5450260075482698,1.4816470915015394,0.053237369484997465,-0.19049676307900362,anisotropic,25,400,200
1.0358949358462421,1.3150993883650575,1.4558179627430685,1.3520809220164347,0.06675550707525664,0.07140016303133337,-0.5539847612824843,-0.5539847612824831,1.2946121822733392,0.02048720609171838,0.020487206091718283,1.4865718386602675,1.603383443434113,1.5175890116758421,0.05477725874269623,-0.5662417895220122,anisotropic,25,400,200
1.4393713460023037,1.3467520226072769,1.5311659955696764,1.4058086630438438,0.06630069208926619,0.08205893579942405,-0.8907394263253539,-0.8907394263253526,1.2941479445841066,0.052604078023170284,0.05260407802317015,1.5169494808332114,1.6772469172051934,1.5692271051048508,0.055742187828703216,-0.9378466527415378,anisotropic,25,400,200
2.0000000000000004,1.3923851585024853,1.615003777595321,1.4715833308767785,0.06422227434424944,0.07919817237429308,-1.2331885343980298,-1.2331885343980287,1.2947188803852283,0.09766627811725712,0.09766627811725695,1.5620247940876173,1.7615516483910059,1.6342569667786693,0.055062508921284614,-1.311821311925915,anisotropic,25,400,200
2.7789909887462754,1.4501027065847898,1.7004875615257076,1.5455388350888786,0.05951259793274003,0.06868401437108952,-1.6036290099778339,-1.603629009977833,1.2970585623156605,0.15304414426912924,0.15304414426912905,1.6197417638769982,1.8488849490546722,1.7083925583362882,0.051841596259094125,-1.710032114293525,anisotropic,25,400,200
3.8613954577664997,1.516649280755194,1.7800646323326275,1.6223893878830222,0.051935137321776535,0.05476782074477831,-2.0360032259603025,-2.0360032259603043,1.3013620815295475,0.2152871992256465,0.21528719922564685,1.686508577796257,1.9310943037795152,1.7858773366229854,0.0458482083298013,-2.1673422462211867,anisotropic,25,400,200
5.36539159055945,1.5876449577837681,1.847627880077205,1.6965022282644056,0.04226838133216198,0.040577567785424914,-2.5753829943283875,-2.5753829943283875,1.307295794578929,0.28034916320483916,0.28034916320483927,1.7576157456353116,2.0015179544458626,1.8606913172644215,0.03775106555233121,-2.7304016488282863,anisotropic,25,400,200
7.455187440629877,1.6583192162434932,1.9001130241782769,1.763225224849453,0.03198179072286395,0.02814309081867877,-3.2801793218840003,-3.2801793218840034,1.3142086960728387,0.3441105201706546,0.3441105201706552,1.8280980621717138,2.056654148555495,1.9279452320922523,0.028861746542704125,-3.459498536334372,anisotropic,25,400,200
10.358949358462416,1.7244411816801146,1.9376920149294452,1.8197888924714842,0.022555411666591522,0.01840876086791141,-4.2272653765214185,-4.227265376521411,1.3213811051211803,0.4030600765589344,0.40306007655893317,1.8936964808656713,2.0964098369102526,1.9847811831137914,0.02054395154834099,-4.433650558111617,anisotropic,25,400,200
14.39371346002303,1.7830301612273858,1.9627481986970774,1.865425768067544,0.014926823789375336,0.011448832446054038,-5.519969151026351,-5.519969151026356,1.328208953289617,0.45482120793776865,0.4548212079377695,1.9515202687960842,2.123083049735012,2.030448751511637,0.013705815507822017,-5.75875858466852,anisotropic,25,400,200
20.0,1.8326005728015917,1.9784891933218716,1.9008685493574657,0.009352667408531405,0.0068267976555874245,-7.299305489426545,-7.299305489426568,1.334291756775258,0.4983088160263339,0.4983088160263372,2.0002162653495676,2.1399294859657805,2.065749583580801,0.008646584153746417,-7.579099106187353,anisotropic,25,400,200
0.02,1.969662151730646,1.8007160199096302,1.8774269659924792,0.015524239655318092,-9.223518573816705,5.941365747118583,5.941365747118592,1.4216591785067807,0.5480029732238654,0.5480029732238669,1.9260083178785021,1.7902136500966603,1.850972706474556,0.014276555026050186,5.255862584988458,anisotropic,26,400,200
0.027789909887462754,1.9036694624450836,1.7106917439146754,1.7955235995879122,0.02331400718393453,-7.783102809265367,4.63866473077583,4.638664730775829,1.4020170626302026,0.501652399814881,0.5016523998148805,1.8703424231400931,1.7210524015105857,1.7853225894369524,0.02074964577677374,4.097411330188019,anisotropic,26,400,200
0.038613954577665,1.8279302873001901,1.6181045681465391,1.706447024280207,0.03314080688631468,-6.292194847623859,3.6656700434819225,3.6656700434819096,1.3826127292634027,0.4453175580367874,0.44531755803678436,1.8080628554366618,1.653102164206388,1.7164085915073675,0.02834783662831475,3.233201359632045,anisotropic,26,400,200
0.053653915905594526,1.7449008789070108,1.5294529810040136,1.6149692888315008,0.04441528224802274,-4.843321792360056,2.9253802632604966,2.925380263260494,1.3648015697260605,0.3800993091809505,0.38009930918094964,1.7419112547040954,1.5912988601908213,1.6484538839964282,0.03630234690206047,2.574416771450185,anisotropic,26,400,200
0.0745518744062988,1.6584834666376174,1.451460468186781,1.5269676356895885,0.05600866344522135,-3.5281696669699634,2.348133714646779,2.3481337146467793,1.3496667099787645,0.3088167566588529,0.30881675665885294,1.6756188134376004,1.539914852721005,1.5859580325071418,0.04361760114432167,2.055610088087823,anisotropic,26,400,200
0.10358949358462421,1.573599694665416,1.3896978294605153,1.4484009849252495,0.06649555427543265,-2.417208645544533,1.8828132362289713,1.8828132362289747,1.3378739068078414,0.23572578785757467,0.23572578785757556,1.6133313219578156,1.5018632071517888,1.53288323068566,0.049428067738284565,1.6275791256522159,anisotropic,26,400,200
0.14393713460023042,1.4954416171922165,1.3476301232980872,1.3842267499415553,0.07461824060719294,-1.5453255695210002,1.490451481375996,1.4904514813759926,1.3296812535474336,0.16576036364478275,0.16576036364478203,1.5589180557183906,1.4786184820909534,1.4921086203205294,0.05331929716828521,1.2530066776199005,anisotropic,26,400,200
0.20000000000000004,1.428651785306584,1.3265049460465876,1.3377131776399387,0.07973037607329454,-0.9093860766664541,1.1405766803739563,1.1405766803739565,1.324929330056332,0.10372245525025205,0.10372245525025209,1.5154363247021414,1.4705981866339302,1.4653177554082983,0.05539900051947466,0.9046836373198585,anisotropic,26,400,200
0.27789909887462755,1.3767300011468653,1.3259235418764903,1.3103630620079436,0.08192741900746821,-0.4776333525922128,0.8100699368165363,0.8100699368165355,1.3229681389518921,0.05376186219497319,0.05376186219497307,1.4849064970310677,1.4775962538773102,1.4531981410770365,0.05610646875430492,0.5651461704511265,anisotropic,26,400,200
0.38613954577665,1.3418209116351987,1.344550115992608,1.3022823217033752,0.08180638422105638,-0.20478912540438557,0.4833191236637802,0.48331912366377977,1.3227111549984483,0.01910975663675048,0.019109756636750446,1.4683615492003783,1.4990370614674497,1.455722572701169,0.055953465265490276,0.2258837131755735,anisotropic,26,400,200
0.536539159055945,1.3248210622086938,1.380553269598719,1.312646716254122,0.08008089929916881,-0.04538101552920293,0.15202558988617837,0.1520255898861768,1.3229702500834717,0.001850812125222185,0.0018508121252221463,1.4660398692708834,1.5341091131970441,1.4723901820264478,0.055368618415032156,-0.11469155159270422,anisotropic,26,400,200
0.7455187440629881,1.325627034067585,1.4317258545282443,1.3400273294620804,0.07729822967166868,0.03863161190559841,-0.18629528070257045,-0.18629528070257015,1.3229443269948677,0.0026827070727174305,0.002682707072717422,1.477615091993025,1.581854448060206,1.5024145752181262,0.0546403896169787,-0.45386724726785227,anisotropic,26,400,200
1.0358949358462421,1.343367224899142,1.4953874383967574,1.3825163178628328,0.07372202757023387,0.07558506487283707,-0.5310365741961464,-0.5310365741961458,1.322577624688817,0.020789600210324846,0.0207896002103248,1.5023968268633316,1.641107304222317,1.5448211911022525,0.0538617488811437,-0.7876529284731978,anisotropic,26,400,200
1.4393713460023037,1.3765356136356404,1.5681581571118646,1.4376848549986887,0.06932406075012734,0.08496659535829129,-0.882078180380338,-0.8820781803803391,1.3225972020824845,0.05393841155315578,0.05393841155315591,1.5394331794480771,1.7101295320751047,1.598358080815598,0.052846549891985894,-1.115018889368532,anisotropic,26,400,200
2.0000000000000004,1.4230113443273806,1.6457360587886303,1.502446218616551,0.06385496588290883,0.07943487428917022,-1.2439889864608262,-1.2439889864608238,1.3241952355707525,0.09881610875662823,0.09881610875662783,1.587450049833458,1.786022366974239,1.6611855984073092,0.05110121999307893,-1.4429312760798616,anisotropic,26,400,200
2.7789909887462754,1.48000862091406,1.7229513674471586,1.5729685759309162,0.057022836499386054,0.06690194778846302,-1.6302232705989144,-1.6302232705989141,1.3284631390117525,0.1515454819023074,0.15154548190230738,1.6446374476175407,1.8643457600519067,1.7305040320440415,0.047975143581364676,-1.7898140165203071,anisotropic,26,400,200
3.8613954577664997,1.5440685966854484,1.7943852687442203,1.644841420602908,0.0487710242238528,0.0521950289835108,-2.0662437486431537,-2.0662437486431546,1.33584737923288,0.20822121745256833,0.20822121745256844,1.7084256300119212,1.9394990688994342,1.8024561391570146,0.04301242059732591,-2.1861245621442515,anisotropic,26,400,200
5.36539159055945,1.611234924613084,1.8555072122377712,1.7136159562192135,0.03951022441242861,0.038163489049437324,-2.5912541153252437,-2.5912541153252384,1.345939655132457,0.26529526948062704,0.265295269480626,1.7754787331004225,2.0060070586789696,1.8725840365080342,0.0363177187633239,-2.6737721066796527,anisotropic,26,400,200
7.455187440629877,1.6774800159784333,1.903779986524656,1.7755824014502295,0.030095199602630525,0.02631788570120983,-3.2597353321165996,-3.2597353321165965,1.357692203891097,0.3197878120873362,0.31978781208733553,1.8420524410072459,2.0600986374802726,1.936757128185078,0.028636822117362737,-3.307094858141116,anisotropic,26,400,200
10.358949358462416,1.7392815000038353,1.939054440473639,1.8284150443449916,0.02150585178749121,0.017208993162678515,-4.144618182154517,-4.14461818215452,1.369856991487603,0.3694245085162321,0.3694245085162327,1.9046275996341557,2.100608832007194,1.9920968853104533,0.02104266102044372,-4.156759717381651,anisotropic,26,400,200
14.39371346002303,1.7941177286773398,1.963061777942778,1.871361767488688,0.014455971642741549,0.010733024389555233,-5.3433999955397695,-5.343399995539775,1.381371932037308,0.41274579664003186,0.4127457966400328,1.9605313626884808,2.1287357842520773,2.037404248126017,0.01445865068852381,-5.316739929165876,anisotropic,26,400,200
20.0,1.840681909972409,1.9784248228041412,1.9049545205663327,0.009197691643884691,0.006427261059392373,-6.987906649018502,-6.987906649018499,1.391550907053352,0.44913100291905683,0.44913100291905644,2.0082710205626793,2.1470223649174094,2.0729682977268116,0.009356790026465944,-6.914473551413919,anisotropic,26,400,200
0.02,1.867211762530744,1.7310115887844204,1.7938841194279969,0.010455112459170642,-7.33276431027474,7.013568088254114,7.013568088254133,1.3529233448784295,0.5142884176523146,0.5142884176523175,1.704588656058263,1.5835712598076093,1.637835513076069,0.012488889713734519,5.3450021989371175,anisotropic,27,400,200
0.027789909887462754,1.8141592686724874,1.6547019086891381,1.7262690292551475,0.016323118851330316,-6.325334610530048,5.384402344787008,5.38440234478699,1.3409228574698706,0.4732364112026169,0.4732364112026136,1.6551016503571527,1.5225053851433572,1.5795848957943726,0.018437243911765044,4.095880866152232,anisotropic,27,400,200
0.038613954577665,1.7518657909251623,1.5738490404010816,1.6507831821712862,0.024148466983671464,-5.235548125513366,4.185880984586947,4.185880984586948,1.3287460210698703,0.423119769855292,0.42311976985529215,1.5998913688316942,1.4633208483033708,1.5188279531823452,0.02555631077037468,3.1719529621356446,anisotropic,27,400,200
0.053653915905594526,1.681943484140398,1.4941905773690909,1.5712500059452912,0.03363404961890641,-4.126203141998986,3.291113602118361,3.2911136021183607,1.3176386723866897,0.36430481175370816,0.364304811753708,1.5416003477468654,1.4107005395649947,1.4595999611853667,0.03310096494112669,2.4772808498889503,anisotropic,27,400,200
0.0745518744062988,1.6075015529027339,1.4224451183717284,1.4930237067520686,0.04389925777032492,-3.071092365210686,2.6077399018816703,2.6077399018816667,1.3089731056141731,0.29852844728856076,0.2985284472885599,1.4837713228262794,1.368373997086604,1.4060700157148243,0.040005288483234924,1.9422758854499345,anisotropic,27,400,200
0.10358949358462421,1.5329652563116802,1.3649655250405355,1.4221748534332075,0.0535810744858006,-2.139027792195275,2.067715213658753,2.0677152136587518,1.3038822547524798,0.22908300155920058,0.2290830015592003,1.430209059609537,1.3382834731212576,1.3616206019257022,0.04525132887939032,1.5157225076559744,anisotropic,27,400,200
0.14393713460023042,1.4634790499601598,1.3263794618003875,1.3643136870489099,0.06123113766272734,-1.377898249630588,1.6195250765627027,1.6195250765627032,1.3028782579989495,0.1606007919612102,0.16060079196121027,1.3842154196208334,1.3205931512450626,1.3282541619434354,0.04830024697902502,1.1586122468835383,anisotropic,27,400,200
0.20000000000000004,1.404031527595673,1.3088366693743494,1.3234957159815035,0.06587676500701502,-0.8053581161416916,1.2225222596403063,1.222522259640302,1.3055747051991524,0.09845682239652044,0.09845682239651977,1.3480491397715917,1.3145318876233452,1.306628924656127,0.04932317808268305,0.8397718218000854,anisotropic,27,400,200
0.27789909887462755,1.3586089535033101,1.312207762895166,1.3016878261906364,0.06744106401720344,-0.409653198180059,0.8440128895082943,0.8440128895082954,1.3105667883660708,0.04804216513723926,0.04804216513723938,1.322855987847165,1.3195112460921883,1.2966454091398016,0.04907641565975007,0.534076874910406,anisotropic,27,400,200
0.38613954577665,1.3297025545304813,1.3350082841975746,1.2989891825258495,0.06673247367635697,-0.15907913261179923,0.46024626860960155,0.4602462686096024,1.3155668396689308,0.014135714861550365,0.014135714861550417,1.3090299348937793,1.3358019603441302,1.298167222836917,0.048497449564075534,0.22398522302725046,anisotropic,27,400,200
0.536539159055945,1.3183118208105542,1.3753617158144553,1.314352378404793,0.06496877981542337,-0.01475919264766365,0.0609437704849926,0.06094377048499088,1.318070517461329,0.0002413033492252564,0.0002413033492252428,1.306712540839732,1.3643782609820179,1.3114155696628431,0.048259662496063616,-0.09745258420517847,anisotropic,27,400,200
0.7455187440629881,1.3243067290678034,1.4313392916853842,1.3462697045795178,0.06310661159415219,0.05891998205710752,-0.34802970650621246,-0.34802970650621196,1.3166629611464584,0.0076437679213450715,0.007643767921345047,1.3160958257509592,1.4060517298332342,1.336824011670996,0.04849953224220149,-0.42738939865486597,anisotropic,27,400,200
1.0358949358462421,1.346831142924639,1.5005066344147289,1.3929893491529959,0.061359079033376174,0.08911754393441348,-0.7522636740236811,-0.7522636740236808,1.3121080011209523,0.03472314180368658,0.034723141803686554,1.33735938279652,1.4603672191215047,1.3744658192620947,0.04879496339383538,-0.7604562824666978,anisotropic,27,400,200
1.4393713460023037,1.3844709640841724,1.5791220414400824,1.4522169273003076,0.059159150923639416,0.09413271065078825,-1.1451476594648795,-1.1451476594648795,1.3068918328690213,0.0775791312151511,0.07757913121515107,1.370302642445246,1.5248151469475797,1.4233770637238834,0.04836366194505892,-1.0974028670312408,anisotropic,27,400,200
2.0000000000000004,1.4351352477106216,1.6617610838922972,1.520658507270285,0.055579317062348796,0.08552325955966335,-1.5387605332343948,-1.5387605332343954,1.3035354312266505,0.13159981648397112,0.13159981648397123,1.413894341421877,1.594785071650392,1.4811386943487572,0.04640202437475427,-1.4491685186792318,anisotropic,27,400,200
2.7789909887462754,1.4958474721902715,1.741924746511884,1.593904360741301,0.04996349721955317,0.07057013782924675,-1.9625705566634173,-1.9625705566634195,1.3034039098419947,0.19244356234827675,0.19244356234827717,1.4659997317153977,1.664391377398271,1.543971126523487,0.042448856066694685,-1.836831472810067,anisotropic,27,400,200
3.8613954577664997,1.5627440169511448,1.813506323860909,1.6669307890036995,0.04238876280465493,0.05396327477570401,-2.4578865991605063,-2.457886599160502,1.3066647461133805,0.2560792708377645,0.25607927083776355,1.5234646055057575,1.7278973824868327,1.6073697814882053,0.036622425016179516,-2.2910873855398477,anisotropic,27,400,200
5.36539159055945,1.631452105923232,1.872341622241906,1.7350568182327315,0.03368009169967485,0.03861962749999264,-3.0761410400346274,-3.07614104003463,1.3127493984470002,0.3187027074762319,0.3187027074762324,1.5825692397135986,1.7811322469570248,1.6670480260602862,0.029605434550051157,-2.8534891526036263,anisotropic,27,400,200
7.455187440629877,1.697760012428616,1.9169947660579199,1.7948705320539973,0.025013714378541194,0.026051798267643977,-3.882291056648929,-3.882291056648932,1.3207487105804683,0.37701130184814774,0.3770113018481484,1.6396896013306381,1.8222800651556814,1.7197963372286482,0.02237699202902288,-3.5798706007542007,anisotropic,27,400,200
10.358949358462416,1.7582965147716654,1.9484803042517944,1.8446832337074395,0.017410351608580937,0.016678664205497486,-4.9618020863632175,-4.961802086363219,1.3296627125220686,0.4286338022495968,0.4286338022495971,1.6919122039915566,1.8517780146563239,1.7639244473434395,0.015841323961001574,-4.545847526959472,anisotropic,27,400,200
14.39371346002303,1.8109425487362345,1.969281497550895,1.884400225641689,0.011423595003751586,0.010206911108724676,-6.430346741225548,-6.4303467412255495,1.3385842154292462,0.47235833330698823,0.4723583333069885,1.737393385667266,1.8715476677205252,1.7991926922836694,0.010555668820452446,-5.854608331085782,anisotropic,27,400,200
20.0,1.8548697243603176,1.9822841225580814,1.915016524130432,0.007120798657534492,0.006014679977011462,-8.446636769665334,-8.446636769665368,1.346831553844371,0.5080381705159467,0.5080381705159507,1.7753955994996882,1.8840532185886678,1.8263904296085944,0.006667958871167112,-7.647742149312402,anisotropic,27,400,200
0.02,1.8868556998115056,1.7392276458501743,1.8035697987814123,0.018943748098855465,-8.328590103009336,4.396484824200401,4.3964848242004075,1.520690499862844,0.3661651999486616,0.3661651999486626,1.895128437585792,1.7625383556036591,1.8215940015254564,0.014478790138538145,5.078769383127479,anisotropic,28,400,200
0.027789909887462754,1.828231060843159,1.6656584648870632,1.7336364946218081,0.02661653648660582,-6.807835405326472,3.5539772903568188,3.5539772903568116,1.492044120701324,0.3361869401418348,0.3361869401418335,1.8405187463083434,1.6940306195283221,1.7570618816379688,0.020425602560727896,4.085894867593101,anisotropic,28,400,200
0.038613954577665,1.7629912255630038,1.5919313492325147,1.6598154335595905,0.03529170767633772,-5.3439640219130595,2.923513731600761,2.923513731600764,1.461355380872241,0.3016358446907628,0.30163584469076343,1.779205095469108,1.62545012502636,1.6887318740541268,0.02719147238721442,3.3272645234732585,anisotropic,28,400,200
0.053653915905594526,1.693337774689593,1.5219494538786562,1.585497299058034,0.044292630452181174,-4.019854797599756,2.4347272792476113,2.434727279247612,1.4307756268623992,0.26256214782719384,0.26256214782719406,1.7135693048288703,1.5613414066635045,1.6203620722365764,0.03418656701922185,2.7264285571548297,anisotropic,28,400,200
0.0745518744062988,1.6221433673655583,1.4595515035516755,1.5143880242027865,0.05291882251166128,-2.890748060216926,2.0362384884702727,2.036238488470278,1.4027277902792004,0.21941557708635798,0.2194155770863591,1.646968190908684,1.5061427170524728,1.5561955434964152,0.04071982096832638,2.2292005527940706,anisotropic,28,400,200
0.10358949358462421,1.5526948310697661,1.4082751256228878,1.4501982806120313,0.060573395468591494,-1.9788985718711616,1.6921050844983812,1.692105084498381,1.379259896896688,0.17343493417307804,0.173434934173078,1.5833307227921487,1.463477870161444,1.5003170836603508,0.04617442563289087,1.7978272169922962,anisotropic,28,400,200
0.14393713460023042,1.488422701198584,1.371109296274011,1.3963719533909904,0.06678809069061409,-1.2790409933232925,1.378250925513128,1.3782509255131277,1.3615536728385926,0.1268690283599914,0.12686902835999136,1.5265856654587893,1.4356837776232791,1.4560549506986287,0.05015954168481107,1.406127575952676,anisotropic,28,400,200
0.20000000000000004,1.432631332142657,1.3502344426564323,1.3558171887647144,0.07123139726966057,-0.7681414337794257,1.078374794293974,1.0783747942939743,1.3497968960786002,0.08283443606405665,0.08283443606405667,1.48009130727169,1.4237109788370883,1.4256093037357522,0.052583678637273756,1.036101028833656,anisotropic,28,400,200
0.27789909887462755,1.3882352224476866,1.3468544519208043,1.3306682498027282,0.07375317476303458,-0.4143012545062581,0.780535520401912,0.7805355204019129,1.3433021554962914,0.044933066951395206,0.04493306695139531,1.4462396046359751,1.4273525276563925,1.4099830298322127,0.05362607262794228,0.6760997594455699,anisotropic,28,400,200
0.38613954577665,1.3575310506565321,1.3611809115037767,1.322143548855408,0.07442486444949256,-0.18328866954017065,0.47547955999488983,0.4754795599948892,1.3407050168708152,0.016826033785716833,0.01682603378571679,1.4263235943016568,1.4456543158991046,1.4091683545468603,0.053641201107040626,0.3198146089339673,anisotropic,28,400,200
0.536539159055945,1.3420454133032047,1.3925428724033986,1.3305323748363311,0.07352353603394067,-0.042915929890861196,0.15658983623364914,0.15658983623364517,1.3402425884951252,0.0018028248080794354,0.0018028248080793439,1.4206519103849198,1.4773658352668824,1.4224833349211499,0.05305107580950219,-0.03452191135211725,anisotropic,28,400,200
0.7455187440629881,1.3424790357539307,1.4395208092739595,1.3552826249578103,0.07143459511226952,0.0343481349217367,-0.17923513367377447,-0.17923513367377478,1.3401841827314693,0.002294853022461453,0.0022948530224614606,1.4288214674320623,1.5212604805059602,1.4489272357633207,0.05222747641138081,-0.3849653422442064,anisotropic,28,400,200
1.0358949358462421,1.358726829573358,1.499933770069694,1.3950950943413711,0.06847041096030973,0.07021612619102756,-0.5311530084008789,-0.5311530084008795,1.3394097163315084,0.01931711324184981,0.019317113241849856,1.4500152384632408,1.5761018279487744,1.487387518570735,0.0513420292705451,-0.7279081220292696,anisotropic,28,400,200
1.4393713460023037,1.389908179997737,1.57059456048892,1.4479094529805439,0.0646838345255696,0.08059250747751631,-0.896688846729994,-0.8966888467299927,1.3378990854179125,0.05200909457982456,0.05200909457982441,1.4831767609141124,1.6401694878575463,1.536556478226685,0.0502332923182891,-1.0626362487719694,anisotropic,28,400,200
2.0000000000000004,1.4343423729583833,1.6470529968210141,1.5107793430046814,0.059836683770034614,0.07643697004629821,-1.277426575644834,-1.2774265756448355,1.336699756059474,0.09764261689890935,0.0976426168989096,1.5269684613282417,1.7106064558838145,1.5945829098983557,0.048409097415344604,-1.3967302052750468,anisotropic,28,400,200
2.7789909887462754,1.4894852573017237,1.723767517786042,1.5798217899223088,0.05360919524314815,0.06501390827563634,-1.685093988276781,-1.6850939882767808,1.3372597092610063,0.1522255480407174,0.15222554804071733,1.5795571962586945,1.783116171328358,1.6587081365512069,0.04525709448463866,-1.7489178479934913,anisotropic,28,400,200
3.8613954577664997,1.5519493835312073,1.794959109948325,1.6504848603081088,0.04593877286331485,0.05103620069719362,-2.14493053765458,-2.1449305376545778,1.3405976303500775,0.2113517531811298,0.2113517531811294,1.6384102400642746,1.8524413592096423,1.7252268403813653,0.04039791851118624,-2.1490364730809355,anisotropic,28,400,200
5.36539159055945,1.617750074585872,1.8559039240065347,1.7182026838130628,0.03724863096628124,0.03744465153445266,-2.6968134565300965,-2.69681345653009,1.3468481262784242,0.2709019483074478,0.27090194830744646,1.7003201916073936,1.9135894902229498,1.7899627463913483,0.03398418904764666,-2.6377723669755286,anisotropic,28,400,200
7.455187440629877,1.6828082356140541,1.9040224925334037,1.7792226808872686,0.028385366372920197,0.02586506269386807,-3.3966250076375433,-3.396625007637553,1.3553245197015524,0.32748371591250175,0.3274837159125036,1.7617607398915112,1.9632084522812225,1.8491199144500234,0.0267293632726866,-3.268284907025086,anisotropic,28,400,200
10.358949358462416,1.7435698174943601,1.9391796370213548,1.8312283234150164,0.020292807685681723,0.016924207829831065,-4.31968347004573,-4.319683470045744,1.3649128184599957,0.37865699903436456,0.3786569990343671,1.8194675559153208,2.0003236781091385,1.900088441005338,0.019614352013783254,-4.110300714158891,anisotropic,28,400,200
14.39371346002303,1.7975050472886112,1.9631142474267889,1.8734856137898954,0.013648067135608693,0.01055746548134533,-5.567130183807936,-5.5671301838079446,1.3745113421364854,0.42299370515212575,0.4229937051521272,1.8709871717092723,2.026081596769657,1.9417991572181719,0.013470454042585622,-5.256837318551688,anisotropic,28,400,200
20.0,1.8433080949195184,1.978440518482756,1.9065297342896543,0.008689144822965934,0.006322163937013597,-7.27593343858619,-7.275933438586196,1.3833116549841094,0.45999643993540906,0.45999643993540984,1.914961764570704,2.042827326287451,1.9745358787864964,0.008717333285161999,-6.833983773133356,anisotropic,28,400,200
0.02,1.7937294414077734,1.6650756764520054,1.722781989341074,0.013241139177630536,-7.09474520666993,5.358107872361713,5.358107872361715,1.4135853399651865,0.38014410144258676,0.3801441014425869,2.0353985178543224,1.8830915400940251,1.952862289547782,0.012765478852783563,6.465580277745941,anisotropic,29,400,200
0.027789909887462754,1.7432761743312937,1.5986289543030228,1.6611106518722578,0.01968382488980057,-5.913334932842238,4.174266074761262,4.174266074761254,1.4002954214155057,0.34298075291578795,0.3429807529157867,1.9737639869145054,1.8026891443718336,1.8789764834614153,0.018500164363508542,5.123603314576913,anisotropic,29,400,200
0.038613954577665,1.686157692488893,1.5318488624089812,1.5952297247221114,0.027547105453651178,-4.709591066819964,3.3008175004001994,3.3008175004001954,1.386021065208475,0.3001366272804179,0.3001366272804171,1.903702983229628,1.7207247555907967,1.799602382143049,0.02522297453432687,4.127213503106254,anisotropic,29,400,200
0.053653915905594526,1.6245294475363161,1.4694363661883685,1.5288947743580719,0.036176265008540674,-3.5648720718359437,2.643575094213467,2.6435750942134635,1.371712007379065,0.25281744015725116,0.25281744015725044,1.8276569374225484,1.6422586411440268,1.7188023216835786,0.03231093519941819,3.3689713735345523,anisotropic,29,400,200
0.0745518744062988,1.5614693451020345,1.4157745990625445,1.466318517409718,0.044606909345143046,-2.5526072536756326,2.133096174767304,2.133096174767304,1.3585034785256112,0.20296586657642327,0.20296586657642327,1.7492092582961696,1.5722388406175327,1.6412300271161722,0.03898804468135797,2.7695472307598794,anisotropic,29,400,200
0.10358949358462421,1.5005564117812802,1.3741922004580385,1.4114379393357495,0.05187273356781968,-1.7206083235213052,1.7180215175862106,1.7180215175862086,1.3474489585054445,0.15310745327583558,0.15310745327583528,1.6726413821667834,1.5147864405916078,1.5714232892873168,0.04458124418375764,2.270418754179668,anisotropic,29,400,200
0.14393713460023042,1.4453331991284766,1.3466791566403256,1.3673466455707821,0.057319064627237896,-1.0836196479010567,1.3605691939473035,1.3605691939473015,1.339227096815756,0.10610610231272057,0.10610610231272025,1.6023199988395986,1.4728239609830625,1.5132076734066569,0.04872861300934739,1.8287474222967883,anisotropic,29,400,200
0.20000000000000004,1.398838963248493,1.3340272257303731,1.336054755122203,0.060756678734459675,-0.6278420812628969,1.033371300638267,1.033371300638263,1.333959564437485,0.06487939881100788,0.0648793988110074,1.5421182792935204,1.4480914193073362,1.4693793773859982,0.05145094382885995,1.413752528028871,anisotropic,29,400,200
0.27789909887462755,1.3633371647494898,1.336209399812587,1.3185539989503217,0.06243856666143333,-0.3222980281729656,0.7172356476727,0.7172356476727006,1.3312170818226896,0.032120082926800304,0.03212008292680037,1.49504448128134,1.4414539038326677,1.441703725091804,0.05309093493039985,1.0047055351250398,anisotropic,29,400,200
0.38613954577665,1.3402643139758452,1.3528443318055325,1.3150862834887986,0.06293607880378076,-0.1304089713805698,0.40005718445767025,0.4000571844576718,1.330191661989008,0.010072651986837242,0.01007265198683732,1.4631483501195217,1.4533061874514244,1.4311453423730172,0.05416385282491154,0.5908554520660951,anisotropic,29,400,200
0.536539159055945,1.3303632578986246,1.3836035788879144,1.3255081311944736,0.06295057439759172,-0.01809793981372675,0.07712601117007034,0.07712601117007074,1.329988801342208,0.000374456556416457,0.0003744565564164609,1.447652645995126,1.4838185498889775,1.4381577726226087,0.05515565063888639,0.17214688363812244,anisotropic,29,400,200
0.7455187440629881,1.3339203437434424,1.428312539150789,1.349597600122007,0.0630376826502172,0.042057309768297635,-0.24869658463738792,-0.24869658463738964,1.3300214636256087,0.0038988801178337063,0.0038988801178337596,1.4491625001553947,1.5327928764226375,1.462825966240704,0.05630344409662413,-0.24267549356058765,anisotropic,29,400,200
1.0358949358462421,1.3509712658367872,1.4864801436644564,1.3870854205410843,0.06328056841907517,0.06972551646812467,-0.5706989618856039,-0.5706989618856027,1.3303609552376687,0.02061031059911847,0.02061031059911838,1.4677772056399674,1.5990697104971463,1.5047122953428336,0.05742232545144654,-0.6432182850918613,anisotropic,29,400,200
1.4393713460023037,1.3813126091610828,1.556329627782332,1.437271124897438,0.06309998714853864,0.07775410548747402,-0.8868229339671284,-0.8868229339671311,1.3316873140553227,0.04962529510576018,0.04962529510576048,1.502990021434767,1.6797267365591584,1.5624211950397018,0.05787436791452194,-1.0268997441615653,anisotropic,29,400,200
2.0000000000000004,1.4242390926479758,1.6339441388006404,1.4983762074241147,0.06143081660038654,0.07413711477613899,-1.2068391546608945,-1.2068391546608956,1.3347675197225426,0.08947157292543323,0.0894715729254334,1.5533997797549164,1.7695832313730493,1.6331122836918743,0.056758443744217235,-1.4044166590645706,anisotropic,29,400,200
2.7789909887462754,1.4781257749900152,1.7133359016229641,1.567089594842583,0.057282486927813916,0.06402598656334825,-1.5530718832909247,-1.5530718832909196,1.3399585677468333,0.13816720724318193,0.13816720724318104,1.6164119760573863,1.8615454595300105,1.7123273765981377,0.05330268239112135,-1.7994479121510045,anisotropic,29,400,200
3.8613954577664997,1.5401531753834636,1.787737395201416,1.6387608242464347,0.050368922092010285,0.05107358204642804,-1.9577081415965532,-1.9577081415965516,1.347108178380731,0.19304499700273248,0.19304499700273212,1.6881815178901562,1.9479535766022888,1.7944206886938305,0.04729371710478425,-2.246369651349039,anisotropic,29,400,200
5.36539159055945,1.606456668639992,1.8515220730398245,1.7083048223703878,0.04136909693904081,0.037964853827109436,-2.461938047148422,-2.461938047148421,1.3557128239393088,0.25074384470068317,0.250743844700683,1.7639701185509824,2.0224583477791045,1.873570977252169,0.03928651182574905,-2.789783404220485,anisotropic,29,400,200
7.455187440629877,1.6727396305789977,1.901670805968434,1.7713887702474316,0.03163289605256864,0.026464563219646964,-3.118561749910453,-3.1185617499104468,1.3650961969474458,0.307643433631552,0.30764343363155067,1.8388755238170904,2.0815149378695326,1.9449807709797695,0.030428919727083947,-3.4869869885074407,anisotropic,29,400,200
10.358949358462416,1.735097719877141,1.9380533522517558,1.8252936597082374,0.022563752712422447,0.017414109618638814,-3.997382039266866,-3.997382039266859,1.3745500899815206,0.3605476298956202,0.3605476298956189,1.9086687948127736,2.1247584480193162,2.005718068487619,0.021991105856852045,-4.413114752235461,anisotropic,29,400,200
14.39371346002303,1.7906871589590687,1.9626306540429046,1.8691080917510976,0.015101629499778195,0.010896553277906297,-5.192878873977189,-5.192878873977194,1.383456753785757,0.4072304051733117,0.4072304051733126,1.9704101634974567,2.1542393192510256,2.054874814440902,0.01489985386667847,-5.668824117284758,anisotropic,29,400,200
20.0,1.8379995657591417,1.9782556599297278,1.903346944644357,0.00956133640015618,0.006534737888521484,-6.83454447687332,-6.834544476873278,1.3913799983210455,0.4466195674380961,0.44661956743809056,2.0226495480212257,2.1731373236188563,2.093125744821986,0.009535381996109926,-7.391019765072018,anisotropic,29,400,200
0.02,1.8815180333971364,1.7343840701107487,1.8006606553221673,0.014580792863550084,-8.085737807496898,5.545471966555471,5.545471966555466,1.4331257099932184,0.448392323403918,0.448392323403917,1.7500669895515955,1.62950178795977,1.6830290162182595,0.013510745074846398,4.961826528586033,anisotropic,30,400,200
0.027789909887462754,1.823941921218401,1.6578160716352142,1.7300478386586582,0.021662315536298497,-6.757422599783412,4.334443490235795,4.334443490235791,1.4169633262956618,0.4069785949227392,0.40697859492273847,1.7003471720243777,1.5678948642872876,1.6244021919758522,0.01943765235996109,3.9071066115454225,anisotropic,30,400,200
0.038613954577665,1.7585608925550689,1.580358765585811,1.6543002248789407,0.03031920838299813,-5.400154882682456,3.4387661563945593,3.4387661563945566,1.400032837107299,0.3585280554477698,0.35852805544776917,1.6446951249864226,1.5070072368523773,1.562737016110975,0.026228329616849955,3.124793308331572,anisotropic,30,400,200
0.053653915905594526,1.6877592317810757,1.5074282371610264,1.5776744246044823,0.039838619733137556,-4.103514359335509,2.7632686050371733,2.7632686050371746,1.3835653402184243,0.3041938915626515,0.3041938915626518,1.5854517043685195,1.4508648090914726,1.501595187025738,0.03312613940851605,2.5314304304721857,anisotropic,30,400,200
0.0745518744062988,1.6150264227366389,1.4442398021487812,1.505065971797542,0.04913428129033562,-2.94990439381377,2.2379578585740965,2.2379578585740925,1.368939567425136,0.24608685531150304,0.24608685531150215,1.5257663275517181,1.4029174279271888,1.4447210149096739,0.03924172565955919,2.065284114800437,anisotropic,30,400,200
0.10358949358462421,1.5445089088524067,1.3948952742766605,1.4411674882344445,0.05706920666017822,-1.9952104608666807,1.8108087822792842,1.810808782279283,1.3573773568241834,0.18713155202822332,0.18713155202822312,1.4691080079114198,1.365543012939942,1.3953882570723461,0.04387450670666926,1.6802411325542654,anisotropic,30,400,200
0.14393713460023042,1.480392643208335,1.3619334227568622,1.3897507427620144,0.06282458044116869,-1.2594651227158107,1.442777648649816,1.4427776486498176,1.3496165352132419,0.13077610799509315,0.1307761079950934,1.4187001990975965,1.3400084293063381,1.3559794513618675,0.04674972568019964,1.341628144831954,anisotropic,30,400,200
0.20000000000000004,1.4263269821317608,1.3463969309567454,1.3533034881542956,0.06611693677991505,-0.7302349397746527,1.1044597274755814,1.1044597274755823,1.3456754738740948,0.08065150825766598,0.08065150825766614,1.377093973175465,1.3267934569273863,1.3279172246146151,0.048052980873620754,1.0233860140785982,anisotropic,30,400,200
0.27789909887462755,1.3850550338473702,1.3482271346946848,1.3330436634104568,0.06719484172114111,-0.37431838136602164,0.7740381419865652,0.7740381419865636,1.3447962493122068,0.040258784535163405,0.04025878453516325,1.3460111826284575,1.3260663997824356,1.3118909171850157,0.048295748040861675,0.7064859087506756,anisotropic,30,400,200
0.38613954577665,1.3583032229151075,1.3667472129652873,1.3291872443883053,0.06667594710378405,-0.15080547354061138,0.43667888933743904,0.43667888933743737,1.3455888897500508,0.012714333165056735,0.012714333165056638,1.326453845798799,1.3380986972407802,1.308221031479316,0.048110480080947315,0.37897801661521463,anisotropic,30,400,200
0.536539159055945,1.3468828109266229,1.4010214260507592,1.341300957813257,0.06530232135086764,-0.020806880613102263,0.08547710093450796,0.08547710093450611,1.3464056903046502,0.00047712062197276484,0.0004771206219727443,1.3189661217759518,1.363421009457094,1.3171736205789013,0.04803989007524345,0.037312766416471875,anisotropic,30,400,200
0.7455187440629881,1.3508959598742558,1.4499037558989614,1.36856827096568,0.06366317384185745,0.04740943465783863,-0.277590795823705,-0.2775907958237049,1.3459902889743434,0.0049056708999125,0.004905670899912496,1.3238837552423086,1.4025682200005394,1.339052429285692,0.048347116671464185,-0.3137451638835036,anisotropic,30,400,200
1.0358949358462421,1.3699136091018986,1.5116828451748114,1.4098258166503195,0.061944820976071506,0.07705840846845238,-0.6443187165532114,-0.6443187165532059,1.3441974267594947,0.025716182342403915,0.025716182342403474,1.3414176061138916,1.4553960838295559,1.3739676995094183,0.04887829092461082,-0.6659417254529526,anisotropic,30,400,200
1.4393713460023037,1.4030115176262492,1.5834650254183353,1.4633308376085692,0.05981486782744621,0.08381342333908529,-1.0084335579630306,-1.0084335579630315,1.3421834911625676,0.06082802646368147,0.06082802646368157,1.3714909478116861,1.5201912092182375,1.4213202267281946,0.049041703573534434,-1.0160592982214232,anisotropic,30,400,200
2.0000000000000004,1.448633352510484,1.6607324844984466,1.5264024716525904,0.05656089370374954,0.07776911914210642,-1.3749627003674962,-1.3749627003674971,1.3417037144496518,0.10692963806083212,0.10692963806083228,1.413374888906228,1.5930569446521012,1.479225993922782,0.047979845712764924,-1.3724742970366508,anisotropic,30,400,200
2.7789909887462754,1.5043814151927246,1.737604525009019,1.5952440756706234,0.05149778886049671,0.06539255495671172,-1.7643992584621122,-1.7643992584621102,1.3440634044236253,0.16031801076909935,0.16031801076909902,1.4653057465709336,1.6681256282226102,1.544245666999403,0.04494004079473779,-1.756560942813223,anisotropic,30,400,200
3.8613954577664997,1.5669414837942697,1.8079883580339555,1.6652400918123775,0.044449658203469744,0.05091351512334651,-2.211459255055299,-2.2114592550553045,1.349558117333572,0.21738336646069764,0.21738336646069875,1.5243428454900383,1.7388029443983946,1.6117256622154579,0.03969446545751687,-2.2013854001621795,anisotropic,30,400,200
5.36539159055945,1.6323277222357218,1.8671616577798846,1.7317541312081315,0.03598111759934386,0.03706212577190188,-2.7632940721725343,-2.7632940721725276,1.35758331570486,0.27474440653086185,0.27474440653086063,1.5866495815760462,1.7995758813878386,1.6767407983052565,0.032743866353371676,-2.7513921464541244,anisotropic,30,400,200
7.455187440629877,1.6964570598159379,1.9129119143432305,1.7910904197019089,0.027188134755350986,0.025387251665928742,-3.4806859954725615,-3.4806859954725593,1.3670680493563236,0.3293890104596141,0.3293890104596137,1.6481569694963212,1.8474322423091116,1.7352290802382084,0.02513105132901572,-3.4647221718637713,anisotropic,30,400,200
10.358949358462416,1.7558415291996075,1.9456242687671468,1.8411340469426891,0.019197704081375628,0.01646740702973029,-4.442849904423048,-4.442849904423067,1.376899674896756,0.3789418543028515,0.3789418543028548,1.7053388072201778,1.8821657551525992,1.7847640760915726,0.017976410189631586,-4.418305325342743,anisotropic,30,400,200
14.39371346002303,1.8081018474149946,1.9674477573409679,1.8814065856487767,0.01273643345840819,0.010185660349204338,-5.755515346832725,-5.755515346832768,1.3861953015149058,0.42190654590008875,0.4219065459000949,1.7557706777798785,1.9056191774571962,1.8246679388272995,0.012053977582475728,-5.715728320880983,anisotropic,30,400,200
20.0,1.8521231314473376,1.9811774371103001,1.9126485579121866,0.008003452733264487,0.006052542646484905,-7.562414433121982,-7.5624144331219965,1.394404772778701,0.4577183586686367,0.4577183586686386,1.798297518417164,1.920516662184215,1.8555869459726975,0.007640288655983873,-7.498332868701825,anisotropic,30,400,200
0.02,1.8838210147305385,1.7405169651874322,1.8052277690943548,0.013882441729261013,-7.859324563618374,5.661341655087027,5.661341655087026,1.4388777994019248,0.44494321532861375,0.4449432153286137,1.8888614064225653,1.751619894729969,1.8137549902961934,0.012971320560147603,5.790190426495579,anisotropic,31,400,200
0.027789909887462754,1.82804681145487,1.6666411848454987,1.737345690476602,0.019996615347164976,-6.52762972932038,4.535823658333617,4.535823658333624,1.4166425210842626,0.4114042903706075,0.41140429037060877,1.8329047649817505,1.6798485776233196,1.7470747978597603,0.018603746885549555,4.613584975651253,anisotropic,31,400,200
0.038613954577665,1.7649970801143018,1.591314510754028,1.6645468862381025,0.02721781839212464,-5.202792357056391,3.690604163383796,3.6906041633837887,1.3942751763820915,0.37072190373221037,0.3707219037322089,1.769635732436453,1.6073562141137234,1.6759200945571198,0.025151757435936783,3.726007541144318,anisotropic,31,400,200
0.053653915905594526,1.6967299744592257,1.5191269823846778,1.5904057020828568,0.03504555267818935,-3.963336900272063,3.033887733279776,3.0338877332797645,1.3741540687466625,0.3225759057125633,0.32257590571256084,1.7014015180704112,1.5388292934601648,1.6041055245974631,0.03201976233564974,3.0386232244023224,anisotropic,31,400,200
0.0745518744062988,1.6262255025081196,1.4548918103394368,1.5191441556942662,0.042829001459023915,-2.8726667885041466,2.5002064761258107,2.500206476125812,1.3585000257318494,0.26772547677627023,0.2677254767762704,1.6315752449051264,1.478722019497955,1.5359304007856556,0.03843646283177016,2.488388292598411,anisotropic,31,400,200
0.10358949358462421,1.557122514336985,1.403009157146799,1.4551255239455072,0.04988062359277019,-1.9692535770175328,2.044821877613041,2.044821877613047,1.3485568369338041,0.2085656774031807,0.208565677403182,1.5641048014373329,1.4304709127258852,1.475448644004318,0.04367842615458217,2.029747068249488,anisotropic,31,400,200
0.14393713460023042,1.4933140541358585,1.366829052268026,1.4022691961389564,0.05560471412597157,-1.2650641997253758,1.6373586201817611,1.6373586201817611,1.3442409710714065,0.149073083064452,0.14907308306445197,1.5028875071343606,1.3961650700564996,1.4258612403240434,0.047330096542773425,1.6274267841542769,anisotropic,31,400,200
0.20000000000000004,1.4384632761357632,1.3482668755168272,1.3635232859549427,0.059683579742705356,-0.7493999018082055,1.2556215713582404,1.2556215713582408,1.3443670079073502,0.09409626822841297,0.09409626822841305,1.4512129951515242,1.3768412364892826,1.389298795901495,0.049456639837816674,1.2518885118977878,anisotropic,31,400,200
0.27789909887462755,1.3955636760844945,1.347898855728606,1.3406119081754713,0.06223871546215775,-0.3954800007020838,0.8829193774481879,0.8829193774481855,1.3470456953725825,0.04851798071191211,0.04851798071191184,1.4114991635834246,1.3731489070287712,1.3670427660990556,0.050562538414084646,0.8792358706418367,anisotropic,31,400,200
0.38613954577665,1.3666921250498487,1.3654084514146216,1.3341626671101539,0.0637752422441631,-0.1684855037277676,0.5100640435853782,0.5100640435853824,1.3501000181974874,0.016592106852361246,0.016592106852361517,1.3853695636535217,1.3858530474923945,1.359947786694883,0.051327037756149885,0.4952901642096557,anisotropic,31,400,200
0.536539159055945,1.3530121104419977,1.3999526450788886,1.3440525701176531,0.06485961528557983,-0.033397526249934924,0.1381374262689545,0.13813742626895337,1.3517744626010397,0.0012376478409578686,0.001237647840957848,1.373907626838638,1.415781734728156,1.3687135574953238,0.052262246576146865,0.0993847314953541,anisotropic,31,400,200
0.7455187440629881,1.354929909442308,1.4501299935008563,1.3696647233367674,0.06573045626962946,0.03952902327889547,-0.2241702664289519,-0.22417026642895155,1.351626802285806,0.003303107156501988,0.003303107156501978,1.3778410114169606,1.4632288991183733,1.3937982677909062,0.053473374953521446,-0.2984149847997349,anisotropic,31,400,200
1.0358949358462421,1.3722275493269693,1.5136100224431597,1.4098672036483595,0.06610316447341,0.07267079511425867,-0.5694077525824155,-0.569407752582416,1.3507952383518476,0.021432310975121775,0.021432310975121816,1.3975010380176789,1.5271356954393047,1.4350162535937698,0.054604226269443945,-0.6870386806869587,anisotropic,31,400,200
1.4393713460023037,1.4040551497646305,1.5867511133926868,1.462768075602353,0.06527011195261188,0.08158134591297916,-0.8995376916213926,-0.8995376916213897,1.3512406599882278,0.052814489776402795,0.05281448977640246,1.432567521888874,1.6044396987889316,1.4910303045746556,0.05494661152849467,-1.0639925021666425,anisotropic,31,400,200
2.0000000000000004,1.4487964411483851,1.66454483244074,1.5254607065303196,0.062419860528485534,0.07666426538193451,-1.2282030868516356,-1.228203086851636,1.35463715375508,0.09415928739330492,0.094159287393305,1.4817323288308224,1.6899050351607063,1.558985140489061,0.05366708301340717,-1.439482217413216,anisotropic,31,400,200
2.7789909887462754,1.503928116211252,1.741096825349835,1.5939944948384706,0.05703595188414579,0.06481948231710633,-1.5791159023726942,-1.5791159023726953,1.3617028654518912,0.1422252507593608,0.14222525075936102,1.5424617280296506,1.776664432546885,1.6345011196774086,0.050123921221718604,-1.8362368586573687,anisotropic,31,400,200
3.8613954577664997,1.5660327166853771,1.8106627585868316,1.6637338353388569,0.049227804594495134,0.0506040470198262,-1.9846734880475476,-1.9846734880475454,1.3721278967412283,0.19390481994414896,0.19390481994414854,1.6110286831013851,1.8575295998197807,1.7121781337858173,0.044202015349531276,-2.288344770811559,anisotropic,31,400,200
5.36539159055945,1.6310858233063672,1.8689338500296044,1.7301000424721908,0.03981958839158978,0.036908478158441206,-2.4865706343347402,-2.486570634334744,1.384879973547046,0.24620584975932108,0.24620584975932183,1.6829144221912942,1.9267041683110455,1.7865683870734717,0.03648181635539638,-2.8412501140954025,anisotropic,31,400,200
7.455187440629877,1.6950114689031803,1.9139572020507831,1.7894409413602663,0.03008678823343054,0.025332554871110774,-3.138569385487346,-3.1385693854873504,1.3986380175616497,0.29637345134153065,0.2963734513415315,1.7535200913268025,1.981110401891106,1.8532801746647747,0.028070143888359045,-3.5539569634818866,anisotropic,31,400,200
10.358949358462416,1.7543314127571428,1.9461880903650177,1.8396280452815073,0.0212634125591454,0.016468201469618034,-4.011427247959706,-4.01142724795972,1.412170176889701,0.3421612358674418,0.3421612358674441,1.8189476689705606,2.02065342059391,1.9097231166686524,0.02015485622716584,-4.5038995403866755,anisotropic,31,400,200
14.39371346002303,1.8066525008277736,1.9677333452120411,1.8801282430406863,0.014129359958442899,0.010209421275056382,-5.200217308428591,-5.200217308428565,1.424562674422548,0.3820898264052256,0.3820898264052217,1.876551612504054,2.0474291747292135,1.955203835883258,0.013573115466751329,-5.7947067179875,anisotropic,31,400,200
20.0,1.850823633746798,1.9813166572342766,1.9116222740759476,0.008895742829179912,0.006079864032914931,-6.834577111392795,-6.834577111392761,1.4352906381493893,0.4155329955974088,0.4155329955974047,1.9250925921330582,2.064492466342237,1.9904726174603602,0.008639823554574377,-7.567287099594343,anisotropic,31,400,200
